Analysis & Synthesis report for snake
Wed Oct 15 12:32:01 2025
Quartus II 64-Bit Version 13.0.1 Build 232 06/12/2013 Service Pack 1 SJ Full Version


---------------------
; Table of Contents ;
---------------------
  1. Legal Notice
  2. Analysis & Synthesis Summary
  3. Analysis & Synthesis Settings
  4. Parallel Compilation
  5. Analysis & Synthesis Source Files Read
  6. Analysis & Synthesis Resource Usage Summary
  7. Analysis & Synthesis Resource Utilization by Entity
  8. Analysis & Synthesis RAM Summary
  9. Analysis & Synthesis IP Cores Summary
 10. State Machine - |snake|pic_rgb_gen:pic_rgb_gen_inst|state
 11. State Machine - |snake|pic_rgb_gen:pic_rgb_gen_inst|direct_sig_ctrl:direct_sig_ctrl_inst|direct_reg
 12. State Machine - |snake|inf_rcv:inf_rcv_inst|inf_rcv_decoder:inf_rcv_decoder_inst|state
 13. Registers Removed During Synthesis
 14. Removed Registers Triggering Further Register Optimizations
 15. General Register Statistics
 16. Inverted Register Statistics
 17. Multiplexer Restructuring Statistics (Restructuring Performed)
 18. Source assignments for pic_rgb_gen:pic_rgb_gen_inst|ram_256x2:ram_256x2_inst|altsyncram:altsyncram_component|altsyncram_qbh2:auto_generated
 19. Source assignments for pic_rgb_gen:pic_rgb_gen_inst|fifo_256x8:fifo_256x8_inst|scfifo:scfifo_component|scfifo_ov21:auto_generated|a_dpfifo_v531:dpfifo|dpram_4711:FIFOram|altsyncram_q0k1:altsyncram1
 20. Parameter Settings for User Entity Instance: pll_25mhz:pll_25mhz_inst|altpll:altpll_component
 21. Parameter Settings for User Entity Instance: vga_ctrl:vga_ctrl_inst
 22. Parameter Settings for User Entity Instance: inf_rcv:inf_rcv_inst|led_ctrl:led_ctrl_inst
 23. Parameter Settings for User Entity Instance: inf_rcv:inf_rcv_inst|seg_595_dynamic:seg_595_dynamic_inst|seg_dynamic:seg_dynamic_inst
 24. Parameter Settings for User Entity Instance: pic_rgb_gen:pic_rgb_gen_inst
 25. Parameter Settings for User Entity Instance: pic_rgb_gen:pic_rgb_gen_inst|ram_256x2:ram_256x2_inst|altsyncram:altsyncram_component
 26. Parameter Settings for User Entity Instance: pic_rgb_gen:pic_rgb_gen_inst|fifo_256x8:fifo_256x8_inst|scfifo:scfifo_component
 27. Parameter Settings for User Entity Instance: pic_rgb_gen:pic_rgb_gen_inst|prbs32_to_8:prbs32_to_8_inst
 28. Parameter Settings for Inferred Entity Instance: pic_rgb_gen:pic_rgb_gen_inst|lpm_divide:Div0
 29. Parameter Settings for Inferred Entity Instance: pic_rgb_gen:pic_rgb_gen_inst|lpm_divide:Div1
 30. altpll Parameter Settings by Entity Instance
 31. altsyncram Parameter Settings by Entity Instance
 32. scfifo Parameter Settings by Entity Instance
 33. Port Connectivity Checks: "pic_rgb_gen:pic_rgb_gen_inst|fifo_256x8:fifo_256x8_inst"
 34. Port Connectivity Checks: "pic_rgb_gen:pic_rgb_gen_inst|ram_256x2:ram_256x2_inst"
 35. Port Connectivity Checks: "inf_rcv:inf_rcv_inst|seg_595_dynamic:seg_595_dynamic_inst"
 36. Elapsed Time Per Partition
 37. Analysis & Synthesis Messages
 38. Analysis & Synthesis Suppressed Messages



----------------
; Legal Notice ;
----------------
Copyright (C) 1991-2013 Altera Corporation
Your use of Altera Corporation's design tools, logic functions 
and other software and tools, and its AMPP partner logic 
functions, and any output files from any of the foregoing 
(including device programming or simulation files), and any 
associated documentation or information are expressly subject 
to the terms and conditions of the Altera Program License 
Subscription Agreement, Altera MegaCore Function License 
Agreement, or other applicable license agreement, including, 
without limitation, that your use is for the sole purpose of 
programming logic devices manufactured by Altera and sold by 
Altera or its authorized distributors.  Please refer to the 
applicable agreement for further details.



+---------------------------------------------------------------------------------------+
; Analysis & Synthesis Summary                                                          ;
+------------------------------------+--------------------------------------------------+
; Analysis & Synthesis Status        ; Successful - Wed Oct 15 12:32:01 2025            ;
; Quartus II 64-Bit Version          ; 13.0.1 Build 232 06/12/2013 SP 1 SJ Full Version ;
; Revision Name                      ; snake                                            ;
; Top-level Entity Name              ; snake                                            ;
; Family                             ; Cyclone IV E                                     ;
; Total logic elements               ; 911                                              ;
;     Total combinational functions  ; 823                                              ;
;     Dedicated logic registers      ; 449                                              ;
; Total registers                    ; 449                                              ;
; Total pins                         ; 26                                               ;
; Total virtual pins                 ; 0                                                ;
; Total memory bits                  ; 2,560                                            ;
; Embedded Multiplier 9-bit elements ; 0                                                ;
; Total PLLs                         ; 1                                                ;
+------------------------------------+--------------------------------------------------+


+----------------------------------------------------------------------------------------------------------------------+
; Analysis & Synthesis Settings                                                                                        ;
+----------------------------------------------------------------------------+--------------------+--------------------+
; Option                                                                     ; Setting            ; Default Value      ;
+----------------------------------------------------------------------------+--------------------+--------------------+
; Device                                                                     ; EP4CE10F17C8       ;                    ;
; Top-level entity name                                                      ; snake              ; snake              ;
; Family name                                                                ; Cyclone IV E       ; Cyclone IV GX      ;
; Use smart compilation                                                      ; Off                ; Off                ;
; Enable parallel Assembler and TimeQuest Timing Analyzer during compilation ; On                 ; On                 ;
; Enable compact report table                                                ; Off                ; Off                ;
; Restructure Multiplexers                                                   ; Auto               ; Auto               ;
; Create Debugging Nodes for IP Cores                                        ; Off                ; Off                ;
; Preserve fewer node names                                                  ; On                 ; On                 ;
; Disable OpenCore Plus hardware evaluation                                  ; Off                ; Off                ;
; Verilog Version                                                            ; Verilog_2001       ; Verilog_2001       ;
; VHDL Version                                                               ; VHDL_1993          ; VHDL_1993          ;
; State Machine Processing                                                   ; Auto               ; Auto               ;
; Safe State Machine                                                         ; Off                ; Off                ;
; Extract Verilog State Machines                                             ; On                 ; On                 ;
; Extract VHDL State Machines                                                ; On                 ; On                 ;
; Ignore Verilog initial constructs                                          ; Off                ; Off                ;
; Iteration limit for constant Verilog loops                                 ; 5000               ; 5000               ;
; Iteration limit for non-constant Verilog loops                             ; 250                ; 250                ;
; Add Pass-Through Logic to Inferred RAMs                                    ; On                 ; On                 ;
; Infer RAMs from Raw Logic                                                  ; On                 ; On                 ;
; Parallel Synthesis                                                         ; On                 ; On                 ;
; DSP Block Balancing                                                        ; Auto               ; Auto               ;
; NOT Gate Push-Back                                                         ; On                 ; On                 ;
; Power-Up Don't Care                                                        ; On                 ; On                 ;
; Remove Redundant Logic Cells                                               ; Off                ; Off                ;
; Remove Duplicate Registers                                                 ; On                 ; On                 ;
; Ignore CARRY Buffers                                                       ; Off                ; Off                ;
; Ignore CASCADE Buffers                                                     ; Off                ; Off                ;
; Ignore GLOBAL Buffers                                                      ; Off                ; Off                ;
; Ignore ROW GLOBAL Buffers                                                  ; Off                ; Off                ;
; Ignore LCELL Buffers                                                       ; Off                ; Off                ;
; Ignore SOFT Buffers                                                        ; On                 ; On                 ;
; Limit AHDL Integers to 32 Bits                                             ; Off                ; Off                ;
; Optimization Technique                                                     ; Balanced           ; Balanced           ;
; Carry Chain Length                                                         ; 70                 ; 70                 ;
; Auto Carry Chains                                                          ; On                 ; On                 ;
; Auto Open-Drain Pins                                                       ; On                 ; On                 ;
; Perform WYSIWYG Primitive Resynthesis                                      ; Off                ; Off                ;
; Auto ROM Replacement                                                       ; On                 ; On                 ;
; Auto RAM Replacement                                                       ; On                 ; On                 ;
; Auto DSP Block Replacement                                                 ; On                 ; On                 ;
; Auto Shift Register Replacement                                            ; Auto               ; Auto               ;
; Allow Shift Register Merging across Hierarchies                            ; Auto               ; Auto               ;
; Auto Clock Enable Replacement                                              ; On                 ; On                 ;
; Strict RAM Replacement                                                     ; Off                ; Off                ;
; Allow Synchronous Control Signals                                          ; On                 ; On                 ;
; Force Use of Synchronous Clear Signals                                     ; Off                ; Off                ;
; Auto RAM Block Balancing                                                   ; On                 ; On                 ;
; Auto RAM to Logic Cell Conversion                                          ; Off                ; Off                ;
; Auto Resource Sharing                                                      ; Off                ; Off                ;
; Allow Any RAM Size For Recognition                                         ; Off                ; Off                ;
; Allow Any ROM Size For Recognition                                         ; Off                ; Off                ;
; Allow Any Shift Register Size For Recognition                              ; Off                ; Off                ;
; Use LogicLock Constraints during Resource Balancing                        ; On                 ; On                 ;
; Ignore translate_off and synthesis_off directives                          ; Off                ; Off                ;
; Timing-Driven Synthesis                                                    ; On                 ; On                 ;
; Report Parameter Settings                                                  ; On                 ; On                 ;
; Report Source Assignments                                                  ; On                 ; On                 ;
; Report Connectivity Checks                                                 ; On                 ; On                 ;
; Ignore Maximum Fan-Out Assignments                                         ; Off                ; Off                ;
; Synchronization Register Chain Length                                      ; 2                  ; 2                  ;
; PowerPlay Power Optimization                                               ; Normal compilation ; Normal compilation ;
; HDL message level                                                          ; Level2             ; Level2             ;
; Suppress Register Optimization Related Messages                            ; Off                ; Off                ;
; Number of Removed Registers Reported in Synthesis Report                   ; 5000               ; 5000               ;
; Number of Swept Nodes Reported in Synthesis Report                         ; 5000               ; 5000               ;
; Number of Inverted Registers Reported in Synthesis Report                  ; 100                ; 100                ;
; Clock MUX Protection                                                       ; On                 ; On                 ;
; Auto Gated Clock Conversion                                                ; Off                ; Off                ;
; Block Design Naming                                                        ; Auto               ; Auto               ;
; SDC constraint protection                                                  ; Off                ; Off                ;
; Synthesis Effort                                                           ; Auto               ; Auto               ;
; Shift Register Replacement - Allow Asynchronous Clear Signal               ; On                 ; On                 ;
; Pre-Mapping Resynthesis Optimization                                       ; Off                ; Off                ;
; Analysis & Synthesis Message Level                                         ; Medium             ; Medium             ;
; Disable Register Merging Across Hierarchies                                ; Auto               ; Auto               ;
; Resource Aware Inference For Block RAM                                     ; On                 ; On                 ;
; Synthesis Seed                                                             ; 1                  ; 1                  ;
+----------------------------------------------------------------------------+--------------------+--------------------+


+------------------------------------------+
; Parallel Compilation                     ;
+----------------------------+-------------+
; Processors                 ; Number      ;
+----------------------------+-------------+
; Number detected on machine ; 28          ;
; Maximum allowed            ; 16          ;
;                            ;             ;
; Average used               ; 1.00        ;
; Maximum used               ; 4           ;
;                            ;             ;
; Usage by Processor         ; % Time Used ;
;     Processor 1            ; 100.0%      ;
;     Processors 2-4         ; < 0.1%      ;
;     Processors 5-28        ;   0.0%      ;
+----------------------------+-------------+


+------------------------------------------------------------------------------------------------------------------------------------------------------------------------------------+
; Analysis & Synthesis Source Files Read                                                                                                                                             ;
+------------------------------------------+-----------------+------------------------------+------------------------------------------------------------------------------+---------+
; File Name with User-Entered Path         ; Used in Netlist ; File Type                    ; File Name with Absolute Path                                                 ; Library ;
+------------------------------------------+-----------------+------------------------------+------------------------------------------------------------------------------+---------+
; ../rtl/game_ctrl/snake.v                 ; yes             ; User Verilog HDL File        ; D:/fpga_code/personal_code/snake/rtl/game_ctrl/snake.v                       ;         ;
; ../rtl/game_ctrl/direct_sig_ctrl.v       ; yes             ; User Verilog HDL File        ; D:/fpga_code/personal_code/snake/rtl/game_ctrl/direct_sig_ctrl.v             ;         ;
; ip_core/ram_256x2/ram_256x2.v            ; yes             ; User Wizard-Generated File   ; D:/fpga_code/personal_code/snake/quartus_prj/ip_core/ram_256x2/ram_256x2.v   ;         ;
; ip_core/PLL25MHz/pll_25mhz.v             ; yes             ; User Wizard-Generated File   ; D:/fpga_code/personal_code/snake/quartus_prj/ip_core/PLL25MHz/pll_25mhz.v    ;         ;
; ip_core/fifo_256x8/fifo_256x8.v          ; yes             ; User Wizard-Generated File   ; D:/fpga_code/personal_code/snake/quartus_prj/ip_core/fifo_256x8/fifo_256x8.v ;         ;
; ../rtl/inf_rcv/led_ctrl.v                ; yes             ; User Verilog HDL File        ; D:/fpga_code/personal_code/snake/rtl/inf_rcv/led_ctrl.v                      ;         ;
; ../rtl/inf_rcv/inf_rcv_decoder.v         ; yes             ; User Verilog HDL File        ; D:/fpga_code/personal_code/snake/rtl/inf_rcv/inf_rcv_decoder.v               ;         ;
; ../rtl/inf_rcv/inf_rcv.v                 ; yes             ; User Verilog HDL File        ; D:/fpga_code/personal_code/snake/rtl/inf_rcv/inf_rcv.v                       ;         ;
; ../rtl/lfsr/prbs32_to_8.v                ; yes             ; User Verilog HDL File        ; D:/fpga_code/personal_code/snake/rtl/lfsr/prbs32_to_8.v                      ;         ;
; ../rtl/lfsr/prbs8bit.v                   ; yes             ; User Verilog HDL File        ; D:/fpga_code/personal_code/snake/rtl/lfsr/prbs8bit.v                         ;         ;
; ../rtl/seg_595_dynamic/seg_dynamic.v     ; yes             ; User Verilog HDL File        ; D:/fpga_code/personal_code/snake/rtl/seg_595_dynamic/seg_dynamic.v           ;         ;
; ../rtl/seg_595_dynamic/seg_595_dynamic.v ; yes             ; User Verilog HDL File        ; D:/fpga_code/personal_code/snake/rtl/seg_595_dynamic/seg_595_dynamic.v       ;         ;
; ../rtl/seg_595_dynamic/hc595_ctrl.v      ; yes             ; User Verilog HDL File        ; D:/fpga_code/personal_code/snake/rtl/seg_595_dynamic/hc595_ctrl.v            ;         ;
; ../rtl/seg_595_dynamic/bcd_8421.v        ; yes             ; User Verilog HDL File        ; D:/fpga_code/personal_code/snake/rtl/seg_595_dynamic/bcd_8421.v              ;         ;
; ../rtl/vga/vga_ctrl.v                    ; yes             ; User Verilog HDL File        ; D:/fpga_code/personal_code/snake/rtl/vga/vga_ctrl.v                          ;         ;
; ../rtl/vga/pic_rgb_gen.v                 ; yes             ; User Verilog HDL File        ; D:/fpga_code/personal_code/snake/rtl/vga/pic_rgb_gen.v                       ;         ;
; altpll.tdf                               ; yes             ; Megafunction                 ; d:/altera/13.0sp1/quartus/libraries/megafunctions/altpll.tdf                 ;         ;
; aglobal130.inc                           ; yes             ; Megafunction                 ; d:/altera/13.0sp1/quartus/libraries/megafunctions/aglobal130.inc             ;         ;
; stratix_pll.inc                          ; yes             ; Megafunction                 ; d:/altera/13.0sp1/quartus/libraries/megafunctions/stratix_pll.inc            ;         ;
; stratixii_pll.inc                        ; yes             ; Megafunction                 ; d:/altera/13.0sp1/quartus/libraries/megafunctions/stratixii_pll.inc          ;         ;
; cycloneii_pll.inc                        ; yes             ; Megafunction                 ; d:/altera/13.0sp1/quartus/libraries/megafunctions/cycloneii_pll.inc          ;         ;
; db/pll_25mhz_altpll.v                    ; yes             ; Auto-Generated Megafunction  ; D:/fpga_code/personal_code/snake/quartus_prj/db/pll_25mhz_altpll.v           ;         ;
; altsyncram.tdf                           ; yes             ; Megafunction                 ; d:/altera/13.0sp1/quartus/libraries/megafunctions/altsyncram.tdf             ;         ;
; stratix_ram_block.inc                    ; yes             ; Megafunction                 ; d:/altera/13.0sp1/quartus/libraries/megafunctions/stratix_ram_block.inc      ;         ;
; lpm_mux.inc                              ; yes             ; Megafunction                 ; d:/altera/13.0sp1/quartus/libraries/megafunctions/lpm_mux.inc                ;         ;
; lpm_decode.inc                           ; yes             ; Megafunction                 ; d:/altera/13.0sp1/quartus/libraries/megafunctions/lpm_decode.inc             ;         ;
; a_rdenreg.inc                            ; yes             ; Megafunction                 ; d:/altera/13.0sp1/quartus/libraries/megafunctions/a_rdenreg.inc              ;         ;
; altrom.inc                               ; yes             ; Megafunction                 ; d:/altera/13.0sp1/quartus/libraries/megafunctions/altrom.inc                 ;         ;
; altram.inc                               ; yes             ; Megafunction                 ; d:/altera/13.0sp1/quartus/libraries/megafunctions/altram.inc                 ;         ;
; altdpram.inc                             ; yes             ; Megafunction                 ; d:/altera/13.0sp1/quartus/libraries/megafunctions/altdpram.inc               ;         ;
; db/altsyncram_qbh2.tdf                   ; yes             ; Auto-Generated Megafunction  ; D:/fpga_code/personal_code/snake/quartus_prj/db/altsyncram_qbh2.tdf          ;         ;
; scfifo.tdf                               ; yes             ; Megafunction                 ; d:/altera/13.0sp1/quartus/libraries/megafunctions/scfifo.tdf                 ;         ;
; a_regfifo.inc                            ; yes             ; Megafunction                 ; d:/altera/13.0sp1/quartus/libraries/megafunctions/a_regfifo.inc              ;         ;
; a_dpfifo.inc                             ; yes             ; Megafunction                 ; d:/altera/13.0sp1/quartus/libraries/megafunctions/a_dpfifo.inc               ;         ;
; a_i2fifo.inc                             ; yes             ; Megafunction                 ; d:/altera/13.0sp1/quartus/libraries/megafunctions/a_i2fifo.inc               ;         ;
; a_fffifo.inc                             ; yes             ; Megafunction                 ; d:/altera/13.0sp1/quartus/libraries/megafunctions/a_fffifo.inc               ;         ;
; a_f2fifo.inc                             ; yes             ; Megafunction                 ; d:/altera/13.0sp1/quartus/libraries/megafunctions/a_f2fifo.inc               ;         ;
; db/scfifo_ov21.tdf                       ; yes             ; Auto-Generated Megafunction  ; D:/fpga_code/personal_code/snake/quartus_prj/db/scfifo_ov21.tdf              ;         ;
; db/a_dpfifo_v531.tdf                     ; yes             ; Auto-Generated Megafunction  ; D:/fpga_code/personal_code/snake/quartus_prj/db/a_dpfifo_v531.tdf            ;         ;
; db/a_fefifo_18e.tdf                      ; yes             ; Auto-Generated Megafunction  ; D:/fpga_code/personal_code/snake/quartus_prj/db/a_fefifo_18e.tdf             ;         ;
; db/cntr_fo7.tdf                          ; yes             ; Auto-Generated Megafunction  ; D:/fpga_code/personal_code/snake/quartus_prj/db/cntr_fo7.tdf                 ;         ;
; db/dpram_4711.tdf                        ; yes             ; Auto-Generated Megafunction  ; D:/fpga_code/personal_code/snake/quartus_prj/db/dpram_4711.tdf               ;         ;
; db/altsyncram_q0k1.tdf                   ; yes             ; Auto-Generated Megafunction  ; D:/fpga_code/personal_code/snake/quartus_prj/db/altsyncram_q0k1.tdf          ;         ;
; db/cntr_3ob.tdf                          ; yes             ; Auto-Generated Megafunction  ; D:/fpga_code/personal_code/snake/quartus_prj/db/cntr_3ob.tdf                 ;         ;
; lpm_divide.tdf                           ; yes             ; Megafunction                 ; d:/altera/13.0sp1/quartus/libraries/megafunctions/lpm_divide.tdf             ;         ;
; abs_divider.inc                          ; yes             ; Megafunction                 ; d:/altera/13.0sp1/quartus/libraries/megafunctions/abs_divider.inc            ;         ;
; sign_div_unsign.inc                      ; yes             ; Megafunction                 ; d:/altera/13.0sp1/quartus/libraries/megafunctions/sign_div_unsign.inc        ;         ;
; db/lpm_divide_uim.tdf                    ; yes             ; Auto-Generated Megafunction  ; D:/fpga_code/personal_code/snake/quartus_prj/db/lpm_divide_uim.tdf           ;         ;
; db/sign_div_unsign_mlh.tdf               ; yes             ; Auto-Generated Megafunction  ; D:/fpga_code/personal_code/snake/quartus_prj/db/sign_div_unsign_mlh.tdf      ;         ;
; db/alt_u_div_07f.tdf                     ; yes             ; Auto-Generated Megafunction  ; D:/fpga_code/personal_code/snake/quartus_prj/db/alt_u_div_07f.tdf            ;         ;
; db/add_sub_7pc.tdf                       ; yes             ; Auto-Generated Megafunction  ; D:/fpga_code/personal_code/snake/quartus_prj/db/add_sub_7pc.tdf              ;         ;
; db/add_sub_8pc.tdf                       ; yes             ; Auto-Generated Megafunction  ; D:/fpga_code/personal_code/snake/quartus_prj/db/add_sub_8pc.tdf              ;         ;
; db/lpm_divide_tim.tdf                    ; yes             ; Auto-Generated Megafunction  ; D:/fpga_code/personal_code/snake/quartus_prj/db/lpm_divide_tim.tdf           ;         ;
; db/sign_div_unsign_llh.tdf               ; yes             ; Auto-Generated Megafunction  ; D:/fpga_code/personal_code/snake/quartus_prj/db/sign_div_unsign_llh.tdf      ;         ;
; db/alt_u_div_u6f.tdf                     ; yes             ; Auto-Generated Megafunction  ; D:/fpga_code/personal_code/snake/quartus_prj/db/alt_u_div_u6f.tdf            ;         ;
+------------------------------------------+-----------------+------------------------------+------------------------------------------------------------------------------+---------+


+-------------------------------------------------------+
; Analysis & Synthesis Resource Usage Summary           ;
+---------------------------------------------+---------+
; Resource                                    ; Usage   ;
+---------------------------------------------+---------+
; Estimated Total logic elements              ; 911     ;
;                                             ;         ;
; Total combinational functions               ; 823     ;
; Logic element usage by number of LUT inputs ;         ;
;     -- 4 input functions                    ; 344     ;
;     -- 3 input functions                    ; 177     ;
;     -- <=2 input functions                  ; 302     ;
;                                             ;         ;
; Logic elements by mode                      ;         ;
;     -- normal mode                          ; 628     ;
;     -- arithmetic mode                      ; 195     ;
;                                             ;         ;
; Total registers                             ; 449     ;
;     -- Dedicated logic registers            ; 449     ;
;     -- I/O registers                        ; 0       ;
;                                             ;         ;
; I/O pins                                    ; 26      ;
; Total memory bits                           ; 2560    ;
; Embedded Multiplier 9-bit elements          ; 0       ;
; Total PLLs                                  ; 1       ;
;     -- PLLs                                 ; 1       ;
;                                             ;         ;
; Maximum fan-out node                        ; rst_n~0 ;
; Maximum fan-out                             ; 450     ;
; Total fan-out                               ; 4266    ;
; Average fan-out                             ; 3.20    ;
+---------------------------------------------+---------+


+-----------------------------------------------------------------------------------------------------------------------------------------------------------------------------------------------------------------------------------------------------------------------------------------------------------------------------------------------------------------------+
; Analysis & Synthesis Resource Utilization by Entity                                                                                                                                                                                                                                                                                                                   ;
+----------------------------------------------------+-------------------+--------------+-------------+--------------+---------+-----------+------+--------------+---------------------------------------------------------------------------------------------------------------------------------------------------------------------------------------+--------------+
; Compilation Hierarchy Node                         ; LC Combinationals ; LC Registers ; Memory Bits ; DSP Elements ; DSP 9x9 ; DSP 18x18 ; Pins ; Virtual Pins ; Full Hierarchy Name                                                                                                                                                                   ; Library Name ;
+----------------------------------------------------+-------------------+--------------+-------------+--------------+---------+-----------+------+--------------+---------------------------------------------------------------------------------------------------------------------------------------------------------------------------------------+--------------+
; |snake                                             ; 823 (2)           ; 449 (0)      ; 2560        ; 0            ; 0       ; 0         ; 26   ; 0            ; |snake                                                                                                                                                                                ; work         ;
;    |inf_rcv:inf_rcv_inst|                          ; 380 (0)           ; 250 (0)      ; 0           ; 0            ; 0       ; 0         ; 0    ; 0            ; |snake|inf_rcv:inf_rcv_inst                                                                                                                                                           ; work         ;
;       |inf_rcv_decoder:inf_rcv_decoder_inst|       ; 156 (156)         ; 79 (79)      ; 0           ; 0            ; 0       ; 0         ; 0    ; 0            ; |snake|inf_rcv:inf_rcv_inst|inf_rcv_decoder:inf_rcv_decoder_inst                                                                                                                      ; work         ;
;       |led_ctrl:led_ctrl_inst|                     ; 31 (31)           ; 25 (25)      ; 0           ; 0            ; 0       ; 0         ; 0    ; 0            ; |snake|inf_rcv:inf_rcv_inst|led_ctrl:led_ctrl_inst                                                                                                                                    ; work         ;
;       |seg_595_dynamic:seg_595_dynamic_inst|       ; 193 (0)           ; 146 (0)      ; 0           ; 0            ; 0       ; 0         ; 0    ; 0            ; |snake|inf_rcv:inf_rcv_inst|seg_595_dynamic:seg_595_dynamic_inst                                                                                                                      ; work         ;
;          |hc595_ctrl:hc595_ctrl_inst|              ; 20 (20)           ; 9 (9)        ; 0           ; 0            ; 0       ; 0         ; 0    ; 0            ; |snake|inf_rcv:inf_rcv_inst|seg_595_dynamic:seg_595_dynamic_inst|hc595_ctrl:hc595_ctrl_inst                                                                                           ; work         ;
;          |seg_dynamic:seg_dynamic_inst|            ; 173 (83)          ; 137 (65)     ; 0           ; 0            ; 0       ; 0         ; 0    ; 0            ; |snake|inf_rcv:inf_rcv_inst|seg_595_dynamic:seg_595_dynamic_inst|seg_dynamic:seg_dynamic_inst                                                                                         ; work         ;
;             |bcd_8421:bcd_8421_inst|               ; 90 (90)           ; 72 (72)      ; 0           ; 0            ; 0       ; 0         ; 0    ; 0            ; |snake|inf_rcv:inf_rcv_inst|seg_595_dynamic:seg_595_dynamic_inst|seg_dynamic:seg_dynamic_inst|bcd_8421:bcd_8421_inst                                                                  ; work         ;
;    |pic_rgb_gen:pic_rgb_gen_inst|                  ; 360 (136)         ; 178 (101)    ; 2560        ; 0            ; 0       ; 0         ; 0    ; 0            ; |snake|pic_rgb_gen:pic_rgb_gen_inst                                                                                                                                                   ; work         ;
;       |direct_sig_ctrl:direct_sig_ctrl_inst|       ; 11 (11)           ; 12 (12)      ; 0           ; 0            ; 0       ; 0         ; 0    ; 0            ; |snake|pic_rgb_gen:pic_rgb_gen_inst|direct_sig_ctrl:direct_sig_ctrl_inst                                                                                                              ; work         ;
;       |fifo_256x8:fifo_256x8_inst|                 ; 35 (0)            ; 26 (0)       ; 2048        ; 0            ; 0       ; 0         ; 0    ; 0            ; |snake|pic_rgb_gen:pic_rgb_gen_inst|fifo_256x8:fifo_256x8_inst                                                                                                                        ; work         ;
;          |scfifo:scfifo_component|                 ; 35 (0)            ; 26 (0)       ; 2048        ; 0            ; 0       ; 0         ; 0    ; 0            ; |snake|pic_rgb_gen:pic_rgb_gen_inst|fifo_256x8:fifo_256x8_inst|scfifo:scfifo_component                                                                                                ; work         ;
;             |scfifo_ov21:auto_generated|           ; 35 (0)            ; 26 (0)       ; 2048        ; 0            ; 0       ; 0         ; 0    ; 0            ; |snake|pic_rgb_gen:pic_rgb_gen_inst|fifo_256x8:fifo_256x8_inst|scfifo:scfifo_component|scfifo_ov21:auto_generated                                                                     ; work         ;
;                |a_dpfifo_v531:dpfifo|              ; 35 (2)            ; 26 (0)       ; 2048        ; 0            ; 0       ; 0         ; 0    ; 0            ; |snake|pic_rgb_gen:pic_rgb_gen_inst|fifo_256x8:fifo_256x8_inst|scfifo:scfifo_component|scfifo_ov21:auto_generated|a_dpfifo_v531:dpfifo                                                ; work         ;
;                   |a_fefifo_18e:fifo_state|        ; 17 (9)            ; 10 (2)       ; 0           ; 0            ; 0       ; 0         ; 0    ; 0            ; |snake|pic_rgb_gen:pic_rgb_gen_inst|fifo_256x8:fifo_256x8_inst|scfifo:scfifo_component|scfifo_ov21:auto_generated|a_dpfifo_v531:dpfifo|a_fefifo_18e:fifo_state                        ; work         ;
;                      |cntr_fo7:count_usedw|        ; 8 (8)             ; 8 (8)        ; 0           ; 0            ; 0       ; 0         ; 0    ; 0            ; |snake|pic_rgb_gen:pic_rgb_gen_inst|fifo_256x8:fifo_256x8_inst|scfifo:scfifo_component|scfifo_ov21:auto_generated|a_dpfifo_v531:dpfifo|a_fefifo_18e:fifo_state|cntr_fo7:count_usedw   ; work         ;
;                   |cntr_3ob:rd_ptr_count|          ; 8 (8)             ; 8 (8)        ; 0           ; 0            ; 0       ; 0         ; 0    ; 0            ; |snake|pic_rgb_gen:pic_rgb_gen_inst|fifo_256x8:fifo_256x8_inst|scfifo:scfifo_component|scfifo_ov21:auto_generated|a_dpfifo_v531:dpfifo|cntr_3ob:rd_ptr_count                          ; work         ;
;                   |cntr_3ob:wr_ptr|                ; 8 (8)             ; 8 (8)        ; 0           ; 0            ; 0       ; 0         ; 0    ; 0            ; |snake|pic_rgb_gen:pic_rgb_gen_inst|fifo_256x8:fifo_256x8_inst|scfifo:scfifo_component|scfifo_ov21:auto_generated|a_dpfifo_v531:dpfifo|cntr_3ob:wr_ptr                                ; work         ;
;                   |dpram_4711:FIFOram|             ; 0 (0)             ; 0 (0)        ; 2048        ; 0            ; 0       ; 0         ; 0    ; 0            ; |snake|pic_rgb_gen:pic_rgb_gen_inst|fifo_256x8:fifo_256x8_inst|scfifo:scfifo_component|scfifo_ov21:auto_generated|a_dpfifo_v531:dpfifo|dpram_4711:FIFOram                             ; work         ;
;                      |altsyncram_q0k1:altsyncram1| ; 0 (0)             ; 0 (0)        ; 2048        ; 0            ; 0       ; 0         ; 0    ; 0            ; |snake|pic_rgb_gen:pic_rgb_gen_inst|fifo_256x8:fifo_256x8_inst|scfifo:scfifo_component|scfifo_ov21:auto_generated|a_dpfifo_v531:dpfifo|dpram_4711:FIFOram|altsyncram_q0k1:altsyncram1 ; work         ;
;       |lpm_divide:Div0|                            ; 67 (0)            ; 0 (0)        ; 0           ; 0            ; 0       ; 0         ; 0    ; 0            ; |snake|pic_rgb_gen:pic_rgb_gen_inst|lpm_divide:Div0                                                                                                                                   ; work         ;
;          |lpm_divide_uim:auto_generated|           ; 67 (0)            ; 0 (0)        ; 0           ; 0            ; 0       ; 0         ; 0    ; 0            ; |snake|pic_rgb_gen:pic_rgb_gen_inst|lpm_divide:Div0|lpm_divide_uim:auto_generated                                                                                                     ; work         ;
;             |sign_div_unsign_mlh:divider|          ; 67 (0)            ; 0 (0)        ; 0           ; 0            ; 0       ; 0         ; 0    ; 0            ; |snake|pic_rgb_gen:pic_rgb_gen_inst|lpm_divide:Div0|lpm_divide_uim:auto_generated|sign_div_unsign_mlh:divider                                                                         ; work         ;
;                |alt_u_div_07f:divider|             ; 67 (67)           ; 0 (0)        ; 0           ; 0            ; 0       ; 0         ; 0    ; 0            ; |snake|pic_rgb_gen:pic_rgb_gen_inst|lpm_divide:Div0|lpm_divide_uim:auto_generated|sign_div_unsign_mlh:divider|alt_u_div_07f:divider                                                   ; work         ;
;       |lpm_divide:Div1|                            ; 79 (0)            ; 0 (0)        ; 0           ; 0            ; 0       ; 0         ; 0    ; 0            ; |snake|pic_rgb_gen:pic_rgb_gen_inst|lpm_divide:Div1                                                                                                                                   ; work         ;
;          |lpm_divide_tim:auto_generated|           ; 79 (0)            ; 0 (0)        ; 0           ; 0            ; 0       ; 0         ; 0    ; 0            ; |snake|pic_rgb_gen:pic_rgb_gen_inst|lpm_divide:Div1|lpm_divide_tim:auto_generated                                                                                                     ; work         ;
;             |sign_div_unsign_llh:divider|          ; 79 (0)            ; 0 (0)        ; 0           ; 0            ; 0       ; 0         ; 0    ; 0            ; |snake|pic_rgb_gen:pic_rgb_gen_inst|lpm_divide:Div1|lpm_divide_tim:auto_generated|sign_div_unsign_llh:divider                                                                         ; work         ;
;                |alt_u_div_u6f:divider|             ; 79 (79)           ; 0 (0)        ; 0           ; 0            ; 0       ; 0         ; 0    ; 0            ; |snake|pic_rgb_gen:pic_rgb_gen_inst|lpm_divide:Div1|lpm_divide_tim:auto_generated|sign_div_unsign_llh:divider|alt_u_div_u6f:divider                                                   ; work         ;
;       |prbs32_to_8:prbs32_to_8_inst|               ; 22 (22)           ; 31 (31)      ; 0           ; 0            ; 0       ; 0         ; 0    ; 0            ; |snake|pic_rgb_gen:pic_rgb_gen_inst|prbs32_to_8:prbs32_to_8_inst                                                                                                                      ; work         ;
;       |prbs8bit:prbs8bit_inst|                     ; 10 (10)           ; 8 (8)        ; 0           ; 0            ; 0       ; 0         ; 0    ; 0            ; |snake|pic_rgb_gen:pic_rgb_gen_inst|prbs8bit:prbs8bit_inst                                                                                                                            ; work         ;
;       |ram_256x2:ram_256x2_inst|                   ; 0 (0)             ; 0 (0)        ; 512         ; 0            ; 0       ; 0         ; 0    ; 0            ; |snake|pic_rgb_gen:pic_rgb_gen_inst|ram_256x2:ram_256x2_inst                                                                                                                          ; work         ;
;          |altsyncram:altsyncram_component|         ; 0 (0)             ; 0 (0)        ; 512         ; 0            ; 0       ; 0         ; 0    ; 0            ; |snake|pic_rgb_gen:pic_rgb_gen_inst|ram_256x2:ram_256x2_inst|altsyncram:altsyncram_component                                                                                          ; work         ;
;             |altsyncram_qbh2:auto_generated|       ; 0 (0)             ; 0 (0)        ; 512         ; 0            ; 0       ; 0         ; 0    ; 0            ; |snake|pic_rgb_gen:pic_rgb_gen_inst|ram_256x2:ram_256x2_inst|altsyncram:altsyncram_component|altsyncram_qbh2:auto_generated                                                           ; work         ;
;    |pll_25mhz:pll_25mhz_inst|                      ; 0 (0)             ; 1 (0)        ; 0           ; 0            ; 0       ; 0         ; 0    ; 0            ; |snake|pll_25mhz:pll_25mhz_inst                                                                                                                                                       ; work         ;
;       |altpll:altpll_component|                    ; 0 (0)             ; 1 (0)        ; 0           ; 0            ; 0       ; 0         ; 0    ; 0            ; |snake|pll_25mhz:pll_25mhz_inst|altpll:altpll_component                                                                                                                               ; work         ;
;          |pll_25mhz_altpll:auto_generated|         ; 0 (0)             ; 1 (1)        ; 0           ; 0            ; 0       ; 0         ; 0    ; 0            ; |snake|pll_25mhz:pll_25mhz_inst|altpll:altpll_component|pll_25mhz_altpll:auto_generated                                                                                               ; work         ;
;    |vga_ctrl:vga_ctrl_inst|                        ; 81 (81)           ; 20 (20)      ; 0           ; 0            ; 0       ; 0         ; 0    ; 0            ; |snake|vga_ctrl:vga_ctrl_inst                                                                                                                                                         ; work         ;
+----------------------------------------------------+-------------------+--------------+-------------+--------------+---------+-----------+------+--------------+---------------------------------------------------------------------------------------------------------------------------------------------------------------------------------------+--------------+
Note: For table entries with two numbers listed, the numbers in parentheses indicate the number of resources of the given type used by the specific entity alone. The numbers listed outside of parentheses indicate the total resources of the given type used by the specific entity and all of its sub-entities in the hierarchy.


+-----------------------------------------------------------------------------------------------------------------------------------------------------------------------------------------------------------------------------------------------------------------------------------------------+
; Analysis & Synthesis RAM Summary                                                                                                                                                                                                                                                              ;
+-------------------------------------------------------------------------------------------------------------------------------------------------------------------------------------------+------+------------------+--------------+--------------+--------------+--------------+------+------+
; Name                                                                                                                                                                                      ; Type ; Mode             ; Port A Depth ; Port A Width ; Port B Depth ; Port B Width ; Size ; MIF  ;
+-------------------------------------------------------------------------------------------------------------------------------------------------------------------------------------------+------+------------------+--------------+--------------+--------------+--------------+------+------+
; pic_rgb_gen:pic_rgb_gen_inst|fifo_256x8:fifo_256x8_inst|scfifo:scfifo_component|scfifo_ov21:auto_generated|a_dpfifo_v531:dpfifo|dpram_4711:FIFOram|altsyncram_q0k1:altsyncram1|ALTSYNCRAM ; AUTO ; Simple Dual Port ; 256          ; 8            ; 256          ; 8            ; 2048 ; None ;
; pic_rgb_gen:pic_rgb_gen_inst|ram_256x2:ram_256x2_inst|altsyncram:altsyncram_component|altsyncram_qbh2:auto_generated|ALTSYNCRAM                                                           ; AUTO ; True Dual Port   ; 256          ; 2            ; 256          ; 2            ; 512  ; None ;
+-------------------------------------------------------------------------------------------------------------------------------------------------------------------------------------------+------+------------------+--------------+--------------+--------------+--------------+------+------+


+---------------------------------------------------------------------------------------------------------------------------------------------------------------------------------------------------------------+
; Analysis & Synthesis IP Cores Summary                                                                                                                                                                         ;
+--------+--------------+---------+--------------+--------------+----------------------------------------------------------------+------------------------------------------------------------------------------+
; Vendor ; IP Core Name ; Version ; Release Date ; License Type ; Entity Instance                                                ; IP Include File                                                              ;
+--------+--------------+---------+--------------+--------------+----------------------------------------------------------------+------------------------------------------------------------------------------+
; Altera ; FIFO         ; 13.0    ; N/A          ; N/A          ; |snake|pic_rgb_gen:pic_rgb_gen_inst|fifo_256x8:fifo_256x8_inst ; D:/fpga_code/personal_code/snake/quartus_prj/ip_core/fifo_256x8/fifo_256x8.v ;
; Altera ; RAM: 2-PORT  ; 13.0    ; N/A          ; N/A          ; |snake|pic_rgb_gen:pic_rgb_gen_inst|ram_256x2:ram_256x2_inst   ; D:/fpga_code/personal_code/snake/quartus_prj/ip_core/ram_256x2/ram_256x2.v   ;
; Altera ; ALTPLL       ; 13.0    ; N/A          ; N/A          ; |snake|pll_25mhz:pll_25mhz_inst                                ; D:/fpga_code/personal_code/snake/quartus_prj/ip_core/PLL25MHz/pll_25mhz.v    ;
+--------+--------------+---------+--------------+--------------+----------------------------------------------------------------+------------------------------------------------------------------------------+


Encoding Type:  One-Hot
+-------------------------------------------------------------------------------+
; State Machine - |snake|pic_rgb_gen:pic_rgb_gen_inst|state                     ;
+-------------+------------+-------------+------------+------------+------------+
; Name        ; state.GENF ; state.ARBIT ; state.LFSR ; state.TICK ; state.IDLE ;
+-------------+------------+-------------+------------+------------+------------+
; state.IDLE  ; 0          ; 0           ; 0          ; 0          ; 0          ;
; state.TICK  ; 0          ; 0           ; 0          ; 1          ; 1          ;
; state.LFSR  ; 0          ; 0           ; 1          ; 0          ; 1          ;
; state.ARBIT ; 0          ; 1           ; 0          ; 0          ; 1          ;
; state.GENF  ; 1          ; 0           ; 0          ; 0          ; 1          ;
+-------------+------------+-------------+------------+------------+------------+


Encoding Type:  One-Hot
+-----------------------------------------------------------------------------------------------------+
; State Machine - |snake|pic_rgb_gen:pic_rgb_gen_inst|direct_sig_ctrl:direct_sig_ctrl_inst|direct_reg ;
+------------------+------------------+-----------------+-----------------+---------------------------+
; Name             ; direct_reg.RIGHT ; direct_reg.LEFT ; direct_reg.DOWN ; direct_reg.UP             ;
+------------------+------------------+-----------------+-----------------+---------------------------+
; direct_reg.RIGHT ; 0                ; 0               ; 0               ; 0                         ;
; direct_reg.DOWN  ; 1                ; 0               ; 1               ; 0                         ;
; direct_reg.LEFT  ; 1                ; 1               ; 0               ; 0                         ;
; direct_reg.UP    ; 1                ; 0               ; 0               ; 1                         ;
+------------------+------------------+-----------------+-----------------+---------------------------+


Encoding Type:  One-Hot
+----------------------------------------------------------------------------------------+
; State Machine - |snake|inf_rcv:inf_rcv_inst|inf_rcv_decoder:inf_rcv_decoder_inst|state ;
+--------------+--------------+------------+-------------+-------------+-----------------+
; Name         ; state.REPEAT ; state.DATA ; state.ARBIT ; state.N_9MS ; state.IDLE      ;
+--------------+--------------+------------+-------------+-------------+-----------------+
; state.IDLE   ; 0            ; 0          ; 0           ; 0           ; 0               ;
; state.N_9MS  ; 0            ; 0          ; 0           ; 1           ; 1               ;
; state.ARBIT  ; 0            ; 0          ; 1           ; 0           ; 1               ;
; state.DATA   ; 0            ; 1          ; 0           ; 0           ; 1               ;
; state.REPEAT ; 1            ; 0          ; 0           ; 0           ; 1               ;
+--------------+--------------+------------+-------------+-------------+-----------------+


+----------------------------------------------------------------------------------------------------------------------------------------------------------------------------------------------------------------------------------------+
; Registers Removed During Synthesis                                                                                                                                                                                                     ;
+----------------------------------------------------------------------------------------------------------------------------+-----------------------------------------------------------------------------------------------------------+
; Register name                                                                                                              ; Reason for Removal                                                                                        ;
+----------------------------------------------------------------------------------------------------------------------------+-----------------------------------------------------------------------------------------------------------+
; inf_rcv:inf_rcv_inst|inf_rcv_decoder:inf_rcv_decoder_inst|data[8..19]                                                      ; Stuck at GND due to stuck port data_in                                                                    ;
; pic_rgb_gen:pic_rgb_gen_inst|seed_en                                                                                       ; Merged with pic_rgb_gen:pic_rgb_gen_inst|fruit_req_dly2                                                   ;
; pic_rgb_gen:pic_rgb_gen_inst|pix_rgb_data[1..10]                                                                           ; Merged with pic_rgb_gen:pic_rgb_gen_inst|pix_rgb_data[0]                                                  ;
; pic_rgb_gen:pic_rgb_gen_inst|pix_rgb_data[11..14]                                                                          ; Merged with pic_rgb_gen:pic_rgb_gen_inst|pix_rgb_data[15]                                                 ;
; inf_rcv:inf_rcv_inst|seg_595_dynamic:seg_595_dynamic_inst|seg_dynamic:seg_dynamic_inst|dot_disp                            ; Stuck at VCC due to stuck port data_in                                                                    ;
; inf_rcv:inf_rcv_inst|seg_595_dynamic:seg_595_dynamic_inst|seg_dynamic:seg_dynamic_inst|seg[7]                              ; Stuck at VCC due to stuck port data_in                                                                    ;
; inf_rcv:inf_rcv_inst|seg_595_dynamic:seg_595_dynamic_inst|seg_dynamic:seg_dynamic_inst|bcd_8421:bcd_8421_inst|shift_flag   ; Merged with inf_rcv:inf_rcv_inst|seg_595_dynamic:seg_595_dynamic_inst|hc595_ctrl:hc595_ctrl_inst|cnt_4[0] ;
; pic_rgb_gen:pic_rgb_gen_inst|state~12                                                                                      ; Lost fanout                                                                                               ;
; inf_rcv:inf_rcv_inst|seg_595_dynamic:seg_595_dynamic_inst|seg_dynamic:seg_dynamic_inst|cnt_1ms[0]                          ; Merged with inf_rcv:inf_rcv_inst|seg_595_dynamic:seg_595_dynamic_inst|hc595_ctrl:hc595_ctrl_inst|cnt_4[0] ;
; inf_rcv:inf_rcv_inst|seg_595_dynamic:seg_595_dynamic_inst|seg_dynamic:seg_dynamic_inst|cnt_1ms[1]                          ; Merged with inf_rcv:inf_rcv_inst|seg_595_dynamic:seg_595_dynamic_inst|hc595_ctrl:hc595_ctrl_inst|cnt_4[1] ;
; inf_rcv:inf_rcv_inst|seg_595_dynamic:seg_595_dynamic_inst|seg_dynamic:seg_dynamic_inst|bcd_8421:bcd_8421_inst|cnt_shift[0] ; Merged with inf_rcv:inf_rcv_inst|seg_595_dynamic:seg_595_dynamic_inst|hc595_ctrl:hc595_ctrl_inst|cnt_4[1] ;
; Total Number of Removed Registers = 34                                                                                     ;                                                                                                           ;
+----------------------------------------------------------------------------------------------------------------------------+-----------------------------------------------------------------------------------------------------------+


+-----------------------------------------------------------------------------------------------------------------------------------------------------------------------------------------------------------------------------+
; Removed Registers Triggering Further Register Optimizations                                                                                                                                                                 ;
+-------------------------------------------------------------------------------------------------+---------------------------+-----------------------------------------------------------------------------------------------+
; Register name                                                                                   ; Reason for Removal        ; Registers Removed due to This Register                                                        ;
+-------------------------------------------------------------------------------------------------+---------------------------+-----------------------------------------------------------------------------------------------+
; inf_rcv:inf_rcv_inst|seg_595_dynamic:seg_595_dynamic_inst|seg_dynamic:seg_dynamic_inst|dot_disp ; Stuck at VCC              ; inf_rcv:inf_rcv_inst|seg_595_dynamic:seg_595_dynamic_inst|seg_dynamic:seg_dynamic_inst|seg[7] ;
;                                                                                                 ; due to stuck port data_in ;                                                                                               ;
+-------------------------------------------------------------------------------------------------+---------------------------+-----------------------------------------------------------------------------------------------+


+------------------------------------------------------+
; General Register Statistics                          ;
+----------------------------------------------+-------+
; Statistic                                    ; Value ;
+----------------------------------------------+-------+
; Total registers                              ; 449   ;
; Number of registers using Synchronous Clear  ; 42    ;
; Number of registers using Synchronous Load   ; 22    ;
; Number of registers using Asynchronous Clear ; 441   ;
; Number of registers using Asynchronous Load  ; 0     ;
; Number of registers using Clock Enable       ; 150   ;
; Number of registers using Preset             ; 0     ;
+----------------------------------------------+-------+


+---------------------------------------------------------------------------------------------------------+
; Inverted Register Statistics                                                                            ;
+-----------------------------------------------------------------------------------------------+---------+
; Inverted Register                                                                             ; Fan out ;
+-----------------------------------------------------------------------------------------------+---------+
; inf_rcv:inf_rcv_inst|led_ctrl:led_ctrl_inst|led                                               ; 1       ;
; pic_rgb_gen:pic_rgb_gen_inst|pix_rgb_data[0]                                                  ; 1       ;
; pic_rgb_gen:pic_rgb_gen_inst|pix_rgb_data[15]                                                 ; 1       ;
; inf_rcv:inf_rcv_inst|seg_595_dynamic:seg_595_dynamic_inst|seg_dynamic:seg_dynamic_inst|seg[1] ; 1       ;
; inf_rcv:inf_rcv_inst|seg_595_dynamic:seg_595_dynamic_inst|seg_dynamic:seg_dynamic_inst|seg[0] ; 1       ;
; inf_rcv:inf_rcv_inst|seg_595_dynamic:seg_595_dynamic_inst|seg_dynamic:seg_dynamic_inst|seg[3] ; 1       ;
; inf_rcv:inf_rcv_inst|seg_595_dynamic:seg_595_dynamic_inst|seg_dynamic:seg_dynamic_inst|seg[2] ; 1       ;
; inf_rcv:inf_rcv_inst|seg_595_dynamic:seg_595_dynamic_inst|seg_dynamic:seg_dynamic_inst|seg[5] ; 1       ;
; inf_rcv:inf_rcv_inst|seg_595_dynamic:seg_595_dynamic_inst|seg_dynamic:seg_dynamic_inst|seg[4] ; 1       ;
; inf_rcv:inf_rcv_inst|seg_595_dynamic:seg_595_dynamic_inst|seg_dynamic:seg_dynamic_inst|seg[6] ; 1       ;
; pic_rgb_gen:pic_rgb_gen_inst|wr_data_a[1]                                                     ; 2       ;
; pic_rgb_gen:pic_rgb_gen_inst|direct_sig_ctrl:direct_sig_ctrl_inst|direct[3]                   ; 4       ;
; pic_rgb_gen:pic_rgb_gen_inst|seed[1]                                                          ; 1       ;
; pic_rgb_gen:pic_rgb_gen_inst|seed[3]                                                          ; 1       ;
; pic_rgb_gen:pic_rgb_gen_inst|seed[5]                                                          ; 1       ;
; pic_rgb_gen:pic_rgb_gen_inst|seed[7]                                                          ; 1       ;
; pic_rgb_gen:pic_rgb_gen_inst|direct_sig_ctrl:direct_sig_ctrl_inst|direct_tick[3]              ; 2       ;
; pic_rgb_gen:pic_rgb_gen_inst|prbs32_to_8:prbs32_to_8_inst|lfsr_reg[14]                        ; 2       ;
; pic_rgb_gen:pic_rgb_gen_inst|prbs32_to_8:prbs32_to_8_inst|lfsr_reg[17]                        ; 2       ;
; pic_rgb_gen:pic_rgb_gen_inst|prbs32_to_8:prbs32_to_8_inst|lfsr_reg[5]                         ; 2       ;
; pic_rgb_gen:pic_rgb_gen_inst|prbs32_to_8:prbs32_to_8_inst|lfsr_reg[23]                        ; 2       ;
; pic_rgb_gen:pic_rgb_gen_inst|prbs32_to_8:prbs32_to_8_inst|lfsr_reg[25]                        ; 1       ;
; pic_rgb_gen:pic_rgb_gen_inst|prbs32_to_8:prbs32_to_8_inst|lfsr_reg[0]                         ; 2       ;
; pic_rgb_gen:pic_rgb_gen_inst|prbs32_to_8:prbs32_to_8_inst|lfsr_reg[29]                        ; 1       ;
; pic_rgb_gen:pic_rgb_gen_inst|prbs32_to_8:prbs32_to_8_inst|lfsr_reg[8]                         ; 1       ;
; pic_rgb_gen:pic_rgb_gen_inst|prbs32_to_8:prbs32_to_8_inst|lfsr_reg[22]                        ; 2       ;
; pic_rgb_gen:pic_rgb_gen_inst|prbs32_to_8:prbs32_to_8_inst|lfsr_reg[12]                        ; 1       ;
; pic_rgb_gen:pic_rgb_gen_inst|prbs32_to_8:prbs32_to_8_inst|lfsr_reg[2]                         ; 2       ;
; pic_rgb_gen:pic_rgb_gen_inst|prbs32_to_8:prbs32_to_8_inst|lfsr_reg[28]                        ; 1       ;
; pic_rgb_gen:pic_rgb_gen_inst|prbs32_to_8:prbs32_to_8_inst|lfsr_reg[7]                         ; 1       ;
; pic_rgb_gen:pic_rgb_gen_inst|prbs32_to_8:prbs32_to_8_inst|lfsr_reg[27]                        ; 1       ;
; pic_rgb_gen:pic_rgb_gen_inst|prbs32_to_8:prbs32_to_8_inst|lfsr_reg[6]                         ; 1       ;
; pic_rgb_gen:pic_rgb_gen_inst|prbs32_to_8:prbs32_to_8_inst|lfsr_reg[20]                        ; 1       ;
; pic_rgb_gen:pic_rgb_gen_inst|prbs32_to_8:prbs32_to_8_inst|lfsr_reg[10]                        ; 1       ;
; pic_rgb_gen:pic_rgb_gen_inst|prbs32_to_8:prbs32_to_8_inst|lfsr_reg[19]                        ; 1       ;
; Total number of inverted registers = 35                                                       ;         ;
+-----------------------------------------------------------------------------------------------+---------+


+---------------------------------------------------------------------------------------------------------------------------------------------------------------------------------------------------------------------------------------------------+
; Multiplexer Restructuring Statistics (Restructuring Performed)                                                                                                                                                                                    ;
+--------------------+-----------+---------------+----------------------+------------------------+------------+-------------------------------------------------------------------------------------------------------------------------------------+
; Multiplexer Inputs ; Bus Width ; Baseline Area ; Area if Restructured ; Saving if Restructured ; Registered ; Example Multiplexer Output                                                                                                          ;
+--------------------+-----------+---------------+----------------------+------------------------+------------+-------------------------------------------------------------------------------------------------------------------------------------+
; 3:1                ; 4 bits    ; 8 LEs         ; 4 LEs                ; 4 LEs                  ; Yes        ; |snake|inf_rcv:inf_rcv_inst|seg_595_dynamic:seg_595_dynamic_inst|hc595_ctrl:hc595_ctrl_inst|cnt_bit[3]                              ;
; 3:1                ; 10 bits   ; 20 LEs        ; 10 LEs               ; 10 LEs                 ; Yes        ; |snake|vga_ctrl:vga_ctrl_inst|cnt_v[0]                                                                                              ;
; 3:1                ; 6 bits    ; 12 LEs        ; 6 LEs                ; 6 LEs                  ; Yes        ; |snake|inf_rcv:inf_rcv_inst|inf_rcv_decoder:inf_rcv_decoder_inst|cnt_data_bit[5]                                                    ;
; 3:1                ; 8 bits    ; 16 LEs        ; 8 LEs                ; 8 LEs                  ; Yes        ; |snake|pic_rgb_gen:pic_rgb_gen_inst|pi_data[2]                                                                                      ;
; 3:1                ; 5 bits    ; 10 LEs        ; 5 LEs                ; 5 LEs                  ; Yes        ; |snake|inf_rcv:inf_rcv_inst|seg_595_dynamic:seg_595_dynamic_inst|seg_dynamic:seg_dynamic_inst|sel_reg[1]                            ;
; 3:1                ; 4 bits    ; 8 LEs         ; 0 LEs                ; 8 LEs                  ; Yes        ; |snake|pic_rgb_gen:pic_rgb_gen_inst|new_head_x[0]                                                                                   ;
; 3:1                ; 4 bits    ; 8 LEs         ; 0 LEs                ; 8 LEs                  ; Yes        ; |snake|pic_rgb_gen:pic_rgb_gen_inst|new_head_y[0]                                                                                   ;
; 3:1                ; 12 bits   ; 24 LEs        ; 12 LEs               ; 12 LEs                 ; Yes        ; |snake|inf_rcv:inf_rcv_inst|seg_595_dynamic:seg_595_dynamic_inst|seg_dynamic:seg_dynamic_inst|bcd_8421:bcd_8421_inst|data_shift[8]  ;
; 3:1                ; 7 bits    ; 14 LEs        ; 7 LEs                ; 7 LEs                  ; Yes        ; |snake|inf_rcv:inf_rcv_inst|seg_595_dynamic:seg_595_dynamic_inst|seg_dynamic:seg_dynamic_inst|bcd_8421:bcd_8421_inst|data_shift[7]  ;
; 3:1                ; 22 bits   ; 44 LEs        ; 44 LEs               ; 0 LEs                  ; Yes        ; |snake|inf_rcv:inf_rcv_inst|led_ctrl:led_ctrl_inst|cnt_50ms[14]                                                                     ;
; 4:1                ; 8 bits    ; 16 LEs        ; 8 LEs                ; 8 LEs                  ; Yes        ; |snake|pic_rgb_gen:pic_rgb_gen_inst|prbs8bit:prbs8bit_inst|lfsr_reg[6]                                                              ;
; 8:1                ; 4 bits    ; 20 LEs        ; 16 LEs               ; 4 LEs                  ; Yes        ; |snake|inf_rcv:inf_rcv_inst|seg_595_dynamic:seg_595_dynamic_inst|seg_dynamic:seg_dynamic_inst|data_disp[2]                          ;
; 4:1                ; 23 bits   ; 46 LEs        ; 23 LEs               ; 23 LEs                 ; Yes        ; |snake|pic_rgb_gen:pic_rgb_gen_inst|cnt_tick[14]                                                                                    ;
; 5:1                ; 8 bits    ; 24 LEs        ; 16 LEs               ; 8 LEs                  ; Yes        ; |snake|pic_rgb_gen:pic_rgb_gen_inst|address_a[1]                                                                                    ;
; 5:1                ; 4 bits    ; 12 LEs        ; 8 LEs                ; 4 LEs                  ; Yes        ; |snake|inf_rcv:inf_rcv_inst|seg_595_dynamic:seg_595_dynamic_inst|seg_dynamic:seg_dynamic_inst|bcd_8421:bcd_8421_inst|data_shift[42] ;
; 5:1                ; 4 bits    ; 12 LEs        ; 8 LEs                ; 4 LEs                  ; Yes        ; |snake|inf_rcv:inf_rcv_inst|seg_595_dynamic:seg_595_dynamic_inst|seg_dynamic:seg_dynamic_inst|bcd_8421:bcd_8421_inst|data_shift[36] ;
; 5:1                ; 4 bits    ; 12 LEs        ; 8 LEs                ; 4 LEs                  ; Yes        ; |snake|inf_rcv:inf_rcv_inst|seg_595_dynamic:seg_595_dynamic_inst|seg_dynamic:seg_dynamic_inst|bcd_8421:bcd_8421_inst|data_shift[32] ;
; 5:1                ; 4 bits    ; 12 LEs        ; 8 LEs                ; 4 LEs                  ; Yes        ; |snake|inf_rcv:inf_rcv_inst|seg_595_dynamic:seg_595_dynamic_inst|seg_dynamic:seg_dynamic_inst|bcd_8421:bcd_8421_inst|data_shift[28] ;
; 5:1                ; 4 bits    ; 12 LEs        ; 8 LEs                ; 4 LEs                  ; Yes        ; |snake|inf_rcv:inf_rcv_inst|seg_595_dynamic:seg_595_dynamic_inst|seg_dynamic:seg_dynamic_inst|bcd_8421:bcd_8421_inst|data_shift[24] ;
; 5:1                ; 4 bits    ; 12 LEs        ; 8 LEs                ; 4 LEs                  ; Yes        ; |snake|inf_rcv:inf_rcv_inst|seg_595_dynamic:seg_595_dynamic_inst|seg_dynamic:seg_dynamic_inst|bcd_8421:bcd_8421_inst|data_shift[22] ;
; 10:1               ; 19 bits   ; 114 LEs       ; 19 LEs               ; 95 LEs                 ; Yes        ; |snake|inf_rcv:inf_rcv_inst|inf_rcv_decoder:inf_rcv_decoder_inst|cnt[17]                                                            ;
+--------------------+-----------+---------------+----------------------+------------------------+------------+-------------------------------------------------------------------------------------------------------------------------------------+


+---------------------------------------------------------------------------------------------------------------------------------------------+
; Source assignments for pic_rgb_gen:pic_rgb_gen_inst|ram_256x2:ram_256x2_inst|altsyncram:altsyncram_component|altsyncram_qbh2:auto_generated ;
+---------------------------------+--------------------+------+-------------------------------------------------------------------------------+
; Assignment                      ; Value              ; From ; To                                                                            ;
+---------------------------------+--------------------+------+-------------------------------------------------------------------------------+
; OPTIMIZE_POWER_DURING_SYNTHESIS ; NORMAL_COMPILATION ; -    ; -                                                                             ;
+---------------------------------+--------------------+------+-------------------------------------------------------------------------------+


+-------------------------------------------------------------------------------------------------------------------------------------------------------------------------------------------------------+
; Source assignments for pic_rgb_gen:pic_rgb_gen_inst|fifo_256x8:fifo_256x8_inst|scfifo:scfifo_component|scfifo_ov21:auto_generated|a_dpfifo_v531:dpfifo|dpram_4711:FIFOram|altsyncram_q0k1:altsyncram1 ;
+---------------------------------+--------------------+------+-----------------------------------------------------------------------------------------------------------------------------------------+
; Assignment                      ; Value              ; From ; To                                                                                                                                      ;
+---------------------------------+--------------------+------+-----------------------------------------------------------------------------------------------------------------------------------------+
; OPTIMIZE_POWER_DURING_SYNTHESIS ; NORMAL_COMPILATION ; -    ; -                                                                                                                                       ;
+---------------------------------+--------------------+------+-----------------------------------------------------------------------------------------------------------------------------------------+


+-----------------------------------------------------------------------------------------------+
; Parameter Settings for User Entity Instance: pll_25mhz:pll_25mhz_inst|altpll:altpll_component ;
+-------------------------------+-----------------------------+---------------------------------+
; Parameter Name                ; Value                       ; Type                            ;
+-------------------------------+-----------------------------+---------------------------------+
; OPERATION_MODE                ; NORMAL                      ; Untyped                         ;
; PLL_TYPE                      ; AUTO                        ; Untyped                         ;
; LPM_HINT                      ; CBX_MODULE_PREFIX=pll_25mhz ; Untyped                         ;
; QUALIFY_CONF_DONE             ; OFF                         ; Untyped                         ;
; COMPENSATE_CLOCK              ; CLK0                        ; Untyped                         ;
; SCAN_CHAIN                    ; LONG                        ; Untyped                         ;
; PRIMARY_CLOCK                 ; INCLK0                      ; Untyped                         ;
; INCLK0_INPUT_FREQUENCY        ; 20000                       ; Signed Integer                  ;
; INCLK1_INPUT_FREQUENCY        ; 0                           ; Untyped                         ;
; GATE_LOCK_SIGNAL              ; NO                          ; Untyped                         ;
; GATE_LOCK_COUNTER             ; 0                           ; Untyped                         ;
; LOCK_HIGH                     ; 1                           ; Untyped                         ;
; LOCK_LOW                      ; 1                           ; Untyped                         ;
; VALID_LOCK_MULTIPLIER         ; 1                           ; Untyped                         ;
; INVALID_LOCK_MULTIPLIER       ; 5                           ; Untyped                         ;
; SWITCH_OVER_ON_LOSSCLK        ; OFF                         ; Untyped                         ;
; SWITCH_OVER_ON_GATED_LOCK     ; OFF                         ; Untyped                         ;
; ENABLE_SWITCH_OVER_COUNTER    ; OFF                         ; Untyped                         ;
; SKIP_VCO                      ; OFF                         ; Untyped                         ;
; SWITCH_OVER_COUNTER           ; 0                           ; Untyped                         ;
; SWITCH_OVER_TYPE              ; AUTO                        ; Untyped                         ;
; FEEDBACK_SOURCE               ; EXTCLK0                     ; Untyped                         ;
; BANDWIDTH                     ; 0                           ; Untyped                         ;
; BANDWIDTH_TYPE                ; AUTO                        ; Untyped                         ;
; SPREAD_FREQUENCY              ; 0                           ; Untyped                         ;
; DOWN_SPREAD                   ; 0                           ; Untyped                         ;
; SELF_RESET_ON_GATED_LOSS_LOCK ; OFF                         ; Untyped                         ;
; SELF_RESET_ON_LOSS_LOCK       ; OFF                         ; Untyped                         ;
; CLK9_MULTIPLY_BY              ; 0                           ; Untyped                         ;
; CLK8_MULTIPLY_BY              ; 0                           ; Untyped                         ;
; CLK7_MULTIPLY_BY              ; 0                           ; Untyped                         ;
; CLK6_MULTIPLY_BY              ; 0                           ; Untyped                         ;
; CLK5_MULTIPLY_BY              ; 1                           ; Untyped                         ;
; CLK4_MULTIPLY_BY              ; 1                           ; Untyped                         ;
; CLK3_MULTIPLY_BY              ; 1                           ; Untyped                         ;
; CLK2_MULTIPLY_BY              ; 1                           ; Untyped                         ;
; CLK1_MULTIPLY_BY              ; 1                           ; Untyped                         ;
; CLK0_MULTIPLY_BY              ; 1                           ; Signed Integer                  ;
; CLK9_DIVIDE_BY                ; 0                           ; Untyped                         ;
; CLK8_DIVIDE_BY                ; 0                           ; Untyped                         ;
; CLK7_DIVIDE_BY                ; 0                           ; Untyped                         ;
; CLK6_DIVIDE_BY                ; 0                           ; Untyped                         ;
; CLK5_DIVIDE_BY                ; 1                           ; Untyped                         ;
; CLK4_DIVIDE_BY                ; 1                           ; Untyped                         ;
; CLK3_DIVIDE_BY                ; 1                           ; Untyped                         ;
; CLK2_DIVIDE_BY                ; 1                           ; Untyped                         ;
; CLK1_DIVIDE_BY                ; 1                           ; Untyped                         ;
; CLK0_DIVIDE_BY                ; 2                           ; Signed Integer                  ;
; CLK9_PHASE_SHIFT              ; 0                           ; Untyped                         ;
; CLK8_PHASE_SHIFT              ; 0                           ; Untyped                         ;
; CLK7_PHASE_SHIFT              ; 0                           ; Untyped                         ;
; CLK6_PHASE_SHIFT              ; 0                           ; Untyped                         ;
; CLK5_PHASE_SHIFT              ; 0                           ; Untyped                         ;
; CLK4_PHASE_SHIFT              ; 0                           ; Untyped                         ;
; CLK3_PHASE_SHIFT              ; 0                           ; Untyped                         ;
; CLK2_PHASE_SHIFT              ; 0                           ; Untyped                         ;
; CLK1_PHASE_SHIFT              ; 0                           ; Untyped                         ;
; CLK0_PHASE_SHIFT              ; 0                           ; Untyped                         ;
; CLK5_TIME_DELAY               ; 0                           ; Untyped                         ;
; CLK4_TIME_DELAY               ; 0                           ; Untyped                         ;
; CLK3_TIME_DELAY               ; 0                           ; Untyped                         ;
; CLK2_TIME_DELAY               ; 0                           ; Untyped                         ;
; CLK1_TIME_DELAY               ; 0                           ; Untyped                         ;
; CLK0_TIME_DELAY               ; 0                           ; Untyped                         ;
; CLK9_DUTY_CYCLE               ; 50                          ; Untyped                         ;
; CLK8_DUTY_CYCLE               ; 50                          ; Untyped                         ;
; CLK7_DUTY_CYCLE               ; 50                          ; Untyped                         ;
; CLK6_DUTY_CYCLE               ; 50                          ; Untyped                         ;
; CLK5_DUTY_CYCLE               ; 50                          ; Untyped                         ;
; CLK4_DUTY_CYCLE               ; 50                          ; Untyped                         ;
; CLK3_DUTY_CYCLE               ; 50                          ; Untyped                         ;
; CLK2_DUTY_CYCLE               ; 50                          ; Untyped                         ;
; CLK1_DUTY_CYCLE               ; 50                          ; Untyped                         ;
; CLK0_DUTY_CYCLE               ; 50                          ; Signed Integer                  ;
; CLK9_USE_EVEN_COUNTER_MODE    ; OFF                         ; Untyped                         ;
; CLK8_USE_EVEN_COUNTER_MODE    ; OFF                         ; Untyped                         ;
; CLK7_USE_EVEN_COUNTER_MODE    ; OFF                         ; Untyped                         ;
; CLK6_USE_EVEN_COUNTER_MODE    ; OFF                         ; Untyped                         ;
; CLK5_USE_EVEN_COUNTER_MODE    ; OFF                         ; Untyped                         ;
; CLK4_USE_EVEN_COUNTER_MODE    ; OFF                         ; Untyped                         ;
; CLK3_USE_EVEN_COUNTER_MODE    ; OFF                         ; Untyped                         ;
; CLK2_USE_EVEN_COUNTER_MODE    ; OFF                         ; Untyped                         ;
; CLK1_USE_EVEN_COUNTER_MODE    ; OFF                         ; Untyped                         ;
; CLK0_USE_EVEN_COUNTER_MODE    ; OFF                         ; Untyped                         ;
; CLK9_USE_EVEN_COUNTER_VALUE   ; OFF                         ; Untyped                         ;
; CLK8_USE_EVEN_COUNTER_VALUE   ; OFF                         ; Untyped                         ;
; CLK7_USE_EVEN_COUNTER_VALUE   ; OFF                         ; Untyped                         ;
; CLK6_USE_EVEN_COUNTER_VALUE   ; OFF                         ; Untyped                         ;
; CLK5_USE_EVEN_COUNTER_VALUE   ; OFF                         ; Untyped                         ;
; CLK4_USE_EVEN_COUNTER_VALUE   ; OFF                         ; Untyped                         ;
; CLK3_USE_EVEN_COUNTER_VALUE   ; OFF                         ; Untyped                         ;
; CLK2_USE_EVEN_COUNTER_VALUE   ; OFF                         ; Untyped                         ;
; CLK1_USE_EVEN_COUNTER_VALUE   ; OFF                         ; Untyped                         ;
; CLK0_USE_EVEN_COUNTER_VALUE   ; OFF                         ; Untyped                         ;
; LOCK_WINDOW_UI                ;  0.05                       ; Untyped                         ;
; LOCK_WINDOW_UI_BITS           ; UNUSED                      ; Untyped                         ;
; VCO_RANGE_DETECTOR_LOW_BITS   ; UNUSED                      ; Untyped                         ;
; VCO_RANGE_DETECTOR_HIGH_BITS  ; UNUSED                      ; Untyped                         ;
; DPA_MULTIPLY_BY               ; 0                           ; Untyped                         ;
; DPA_DIVIDE_BY                 ; 1                           ; Untyped                         ;
; DPA_DIVIDER                   ; 0                           ; Untyped                         ;
; EXTCLK3_MULTIPLY_BY           ; 1                           ; Untyped                         ;
; EXTCLK2_MULTIPLY_BY           ; 1                           ; Untyped                         ;
; EXTCLK1_MULTIPLY_BY           ; 1                           ; Untyped                         ;
; EXTCLK0_MULTIPLY_BY           ; 1                           ; Untyped                         ;
; EXTCLK3_DIVIDE_BY             ; 1                           ; Untyped                         ;
; EXTCLK2_DIVIDE_BY             ; 1                           ; Untyped                         ;
; EXTCLK1_DIVIDE_BY             ; 1                           ; Untyped                         ;
; EXTCLK0_DIVIDE_BY             ; 1                           ; Untyped                         ;
; EXTCLK3_PHASE_SHIFT           ; 0                           ; Untyped                         ;
; EXTCLK2_PHASE_SHIFT           ; 0                           ; Untyped                         ;
; EXTCLK1_PHASE_SHIFT           ; 0                           ; Untyped                         ;
; EXTCLK0_PHASE_SHIFT           ; 0                           ; Untyped                         ;
; EXTCLK3_TIME_DELAY            ; 0                           ; Untyped                         ;
; EXTCLK2_TIME_DELAY            ; 0                           ; Untyped                         ;
; EXTCLK1_TIME_DELAY            ; 0                           ; Untyped                         ;
; EXTCLK0_TIME_DELAY            ; 0                           ; Untyped                         ;
; EXTCLK3_DUTY_CYCLE            ; 50                          ; Untyped                         ;
; EXTCLK2_DUTY_CYCLE            ; 50                          ; Untyped                         ;
; EXTCLK1_DUTY_CYCLE            ; 50                          ; Untyped                         ;
; EXTCLK0_DUTY_CYCLE            ; 50                          ; Untyped                         ;
; VCO_MULTIPLY_BY               ; 0                           ; Untyped                         ;
; VCO_DIVIDE_BY                 ; 0                           ; Untyped                         ;
; SCLKOUT0_PHASE_SHIFT          ; 0                           ; Untyped                         ;
; SCLKOUT1_PHASE_SHIFT          ; 0                           ; Untyped                         ;
; VCO_MIN                       ; 0                           ; Untyped                         ;
; VCO_MAX                       ; 0                           ; Untyped                         ;
; VCO_CENTER                    ; 0                           ; Untyped                         ;
; PFD_MIN                       ; 0                           ; Untyped                         ;
; PFD_MAX                       ; 0                           ; Untyped                         ;
; M_INITIAL                     ; 0                           ; Untyped                         ;
; M                             ; 0                           ; Untyped                         ;
; N                             ; 1                           ; Untyped                         ;
; M2                            ; 1                           ; Untyped                         ;
; N2                            ; 1                           ; Untyped                         ;
; SS                            ; 1                           ; Untyped                         ;
; C0_HIGH                       ; 0                           ; Untyped                         ;
; C1_HIGH                       ; 0                           ; Untyped                         ;
; C2_HIGH                       ; 0                           ; Untyped                         ;
; C3_HIGH                       ; 0                           ; Untyped                         ;
; C4_HIGH                       ; 0                           ; Untyped                         ;
; C5_HIGH                       ; 0                           ; Untyped                         ;
; C6_HIGH                       ; 0                           ; Untyped                         ;
; C7_HIGH                       ; 0                           ; Untyped                         ;
; C8_HIGH                       ; 0                           ; Untyped                         ;
; C9_HIGH                       ; 0                           ; Untyped                         ;
; C0_LOW                        ; 0                           ; Untyped                         ;
; C1_LOW                        ; 0                           ; Untyped                         ;
; C2_LOW                        ; 0                           ; Untyped                         ;
; C3_LOW                        ; 0                           ; Untyped                         ;
; C4_LOW                        ; 0                           ; Untyped                         ;
; C5_LOW                        ; 0                           ; Untyped                         ;
; C6_LOW                        ; 0                           ; Untyped                         ;
; C7_LOW                        ; 0                           ; Untyped                         ;
; C8_LOW                        ; 0                           ; Untyped                         ;
; C9_LOW                        ; 0                           ; Untyped                         ;
; C0_INITIAL                    ; 0                           ; Untyped                         ;
; C1_INITIAL                    ; 0                           ; Untyped                         ;
; C2_INITIAL                    ; 0                           ; Untyped                         ;
; C3_INITIAL                    ; 0                           ; Untyped                         ;
; C4_INITIAL                    ; 0                           ; Untyped                         ;
; C5_INITIAL                    ; 0                           ; Untyped                         ;
; C6_INITIAL                    ; 0                           ; Untyped                         ;
; C7_INITIAL                    ; 0                           ; Untyped                         ;
; C8_INITIAL                    ; 0                           ; Untyped                         ;
; C9_INITIAL                    ; 0                           ; Untyped                         ;
; C0_MODE                       ; BYPASS                      ; Untyped                         ;
; C1_MODE                       ; BYPASS                      ; Untyped                         ;
; C2_MODE                       ; BYPASS                      ; Untyped                         ;
; C3_MODE                       ; BYPASS                      ; Untyped                         ;
; C4_MODE                       ; BYPASS                      ; Untyped                         ;
; C5_MODE                       ; BYPASS                      ; Untyped                         ;
; C6_MODE                       ; BYPASS                      ; Untyped                         ;
; C7_MODE                       ; BYPASS                      ; Untyped                         ;
; C8_MODE                       ; BYPASS                      ; Untyped                         ;
; C9_MODE                       ; BYPASS                      ; Untyped                         ;
; C0_PH                         ; 0                           ; Untyped                         ;
; C1_PH                         ; 0                           ; Untyped                         ;
; C2_PH                         ; 0                           ; Untyped                         ;
; C3_PH                         ; 0                           ; Untyped                         ;
; C4_PH                         ; 0                           ; Untyped                         ;
; C5_PH                         ; 0                           ; Untyped                         ;
; C6_PH                         ; 0                           ; Untyped                         ;
; C7_PH                         ; 0                           ; Untyped                         ;
; C8_PH                         ; 0                           ; Untyped                         ;
; C9_PH                         ; 0                           ; Untyped                         ;
; L0_HIGH                       ; 1                           ; Untyped                         ;
; L1_HIGH                       ; 1                           ; Untyped                         ;
; G0_HIGH                       ; 1                           ; Untyped                         ;
; G1_HIGH                       ; 1                           ; Untyped                         ;
; G2_HIGH                       ; 1                           ; Untyped                         ;
; G3_HIGH                       ; 1                           ; Untyped                         ;
; E0_HIGH                       ; 1                           ; Untyped                         ;
; E1_HIGH                       ; 1                           ; Untyped                         ;
; E2_HIGH                       ; 1                           ; Untyped                         ;
; E3_HIGH                       ; 1                           ; Untyped                         ;
; L0_LOW                        ; 1                           ; Untyped                         ;
; L1_LOW                        ; 1                           ; Untyped                         ;
; G0_LOW                        ; 1                           ; Untyped                         ;
; G1_LOW                        ; 1                           ; Untyped                         ;
; G2_LOW                        ; 1                           ; Untyped                         ;
; G3_LOW                        ; 1                           ; Untyped                         ;
; E0_LOW                        ; 1                           ; Untyped                         ;
; E1_LOW                        ; 1                           ; Untyped                         ;
; E2_LOW                        ; 1                           ; Untyped                         ;
; E3_LOW                        ; 1                           ; Untyped                         ;
; L0_INITIAL                    ; 1                           ; Untyped                         ;
; L1_INITIAL                    ; 1                           ; Untyped                         ;
; G0_INITIAL                    ; 1                           ; Untyped                         ;
; G1_INITIAL                    ; 1                           ; Untyped                         ;
; G2_INITIAL                    ; 1                           ; Untyped                         ;
; G3_INITIAL                    ; 1                           ; Untyped                         ;
; E0_INITIAL                    ; 1                           ; Untyped                         ;
; E1_INITIAL                    ; 1                           ; Untyped                         ;
; E2_INITIAL                    ; 1                           ; Untyped                         ;
; E3_INITIAL                    ; 1                           ; Untyped                         ;
; L0_MODE                       ; BYPASS                      ; Untyped                         ;
; L1_MODE                       ; BYPASS                      ; Untyped                         ;
; G0_MODE                       ; BYPASS                      ; Untyped                         ;
; G1_MODE                       ; BYPASS                      ; Untyped                         ;
; G2_MODE                       ; BYPASS                      ; Untyped                         ;
; G3_MODE                       ; BYPASS                      ; Untyped                         ;
; E0_MODE                       ; BYPASS                      ; Untyped                         ;
; E1_MODE                       ; BYPASS                      ; Untyped                         ;
; E2_MODE                       ; BYPASS                      ; Untyped                         ;
; E3_MODE                       ; BYPASS                      ; Untyped                         ;
; L0_PH                         ; 0                           ; Untyped                         ;
; L1_PH                         ; 0                           ; Untyped                         ;
; G0_PH                         ; 0                           ; Untyped                         ;
; G1_PH                         ; 0                           ; Untyped                         ;
; G2_PH                         ; 0                           ; Untyped                         ;
; G3_PH                         ; 0                           ; Untyped                         ;
; E0_PH                         ; 0                           ; Untyped                         ;
; E1_PH                         ; 0                           ; Untyped                         ;
; E2_PH                         ; 0                           ; Untyped                         ;
; E3_PH                         ; 0                           ; Untyped                         ;
; M_PH                          ; 0                           ; Untyped                         ;
; C1_USE_CASC_IN                ; OFF                         ; Untyped                         ;
; C2_USE_CASC_IN                ; OFF                         ; Untyped                         ;
; C3_USE_CASC_IN                ; OFF                         ; Untyped                         ;
; C4_USE_CASC_IN                ; OFF                         ; Untyped                         ;
; C5_USE_CASC_IN                ; OFF                         ; Untyped                         ;
; C6_USE_CASC_IN                ; OFF                         ; Untyped                         ;
; C7_USE_CASC_IN                ; OFF                         ; Untyped                         ;
; C8_USE_CASC_IN                ; OFF                         ; Untyped                         ;
; C9_USE_CASC_IN                ; OFF                         ; Untyped                         ;
; CLK0_COUNTER                  ; G0                          ; Untyped                         ;
; CLK1_COUNTER                  ; G0                          ; Untyped                         ;
; CLK2_COUNTER                  ; G0                          ; Untyped                         ;
; CLK3_COUNTER                  ; G0                          ; Untyped                         ;
; CLK4_COUNTER                  ; G0                          ; Untyped                         ;
; CLK5_COUNTER                  ; G0                          ; Untyped                         ;
; CLK6_COUNTER                  ; E0                          ; Untyped                         ;
; CLK7_COUNTER                  ; E1                          ; Untyped                         ;
; CLK8_COUNTER                  ; E2                          ; Untyped                         ;
; CLK9_COUNTER                  ; E3                          ; Untyped                         ;
; L0_TIME_DELAY                 ; 0                           ; Untyped                         ;
; L1_TIME_DELAY                 ; 0                           ; Untyped                         ;
; G0_TIME_DELAY                 ; 0                           ; Untyped                         ;
; G1_TIME_DELAY                 ; 0                           ; Untyped                         ;
; G2_TIME_DELAY                 ; 0                           ; Untyped                         ;
; G3_TIME_DELAY                 ; 0                           ; Untyped                         ;
; E0_TIME_DELAY                 ; 0                           ; Untyped                         ;
; E1_TIME_DELAY                 ; 0                           ; Untyped                         ;
; E2_TIME_DELAY                 ; 0                           ; Untyped                         ;
; E3_TIME_DELAY                 ; 0                           ; Untyped                         ;
; M_TIME_DELAY                  ; 0                           ; Untyped                         ;
; N_TIME_DELAY                  ; 0                           ; Untyped                         ;
; EXTCLK3_COUNTER               ; E3                          ; Untyped                         ;
; EXTCLK2_COUNTER               ; E2                          ; Untyped                         ;
; EXTCLK1_COUNTER               ; E1                          ; Untyped                         ;
; EXTCLK0_COUNTER               ; E0                          ; Untyped                         ;
; ENABLE0_COUNTER               ; L0                          ; Untyped                         ;
; ENABLE1_COUNTER               ; L0                          ; Untyped                         ;
; CHARGE_PUMP_CURRENT           ; 2                           ; Untyped                         ;
; LOOP_FILTER_R                 ;  1.000000                   ; Untyped                         ;
; LOOP_FILTER_C                 ; 5                           ; Untyped                         ;
; CHARGE_PUMP_CURRENT_BITS      ; 9999                        ; Untyped                         ;
; LOOP_FILTER_R_BITS            ; 9999                        ; Untyped                         ;
; LOOP_FILTER_C_BITS            ; 9999                        ; Untyped                         ;
; VCO_POST_SCALE                ; 0                           ; Untyped                         ;
; CLK2_OUTPUT_FREQUENCY         ; 0                           ; Untyped                         ;
; CLK1_OUTPUT_FREQUENCY         ; 0                           ; Untyped                         ;
; CLK0_OUTPUT_FREQUENCY         ; 0                           ; Untyped                         ;
; INTENDED_DEVICE_FAMILY        ; Cyclone IV E                ; Untyped                         ;
; PORT_CLKENA0                  ; PORT_UNUSED                 ; Untyped                         ;
; PORT_CLKENA1                  ; PORT_UNUSED                 ; Untyped                         ;
; PORT_CLKENA2                  ; PORT_UNUSED                 ; Untyped                         ;
; PORT_CLKENA3                  ; PORT_UNUSED                 ; Untyped                         ;
; PORT_CLKENA4                  ; PORT_UNUSED                 ; Untyped                         ;
; PORT_CLKENA5                  ; PORT_UNUSED                 ; Untyped                         ;
; PORT_EXTCLKENA0               ; PORT_CONNECTIVITY           ; Untyped                         ;
; PORT_EXTCLKENA1               ; PORT_CONNECTIVITY           ; Untyped                         ;
; PORT_EXTCLKENA2               ; PORT_CONNECTIVITY           ; Untyped                         ;
; PORT_EXTCLKENA3               ; PORT_CONNECTIVITY           ; Untyped                         ;
; PORT_EXTCLK0                  ; PORT_UNUSED                 ; Untyped                         ;
; PORT_EXTCLK1                  ; PORT_UNUSED                 ; Untyped                         ;
; PORT_EXTCLK2                  ; PORT_UNUSED                 ; Untyped                         ;
; PORT_EXTCLK3                  ; PORT_UNUSED                 ; Untyped                         ;
; PORT_CLKBAD0                  ; PORT_UNUSED                 ; Untyped                         ;
; PORT_CLKBAD1                  ; PORT_UNUSED                 ; Untyped                         ;
; PORT_CLK0                     ; PORT_USED                   ; Untyped                         ;
; PORT_CLK1                     ; PORT_UNUSED                 ; Untyped                         ;
; PORT_CLK2                     ; PORT_UNUSED                 ; Untyped                         ;
; PORT_CLK3                     ; PORT_UNUSED                 ; Untyped                         ;
; PORT_CLK4                     ; PORT_UNUSED                 ; Untyped                         ;
; PORT_CLK5                     ; PORT_UNUSED                 ; Untyped                         ;
; PORT_CLK6                     ; PORT_UNUSED                 ; Untyped                         ;
; PORT_CLK7                     ; PORT_UNUSED                 ; Untyped                         ;
; PORT_CLK8                     ; PORT_UNUSED                 ; Untyped                         ;
; PORT_CLK9                     ; PORT_UNUSED                 ; Untyped                         ;
; PORT_SCANDATA                 ; PORT_UNUSED                 ; Untyped                         ;
; PORT_SCANDATAOUT              ; PORT_UNUSED                 ; Untyped                         ;
; PORT_SCANDONE                 ; PORT_UNUSED                 ; Untyped                         ;
; PORT_SCLKOUT1                 ; PORT_CONNECTIVITY           ; Untyped                         ;
; PORT_SCLKOUT0                 ; PORT_CONNECTIVITY           ; Untyped                         ;
; PORT_ACTIVECLOCK              ; PORT_UNUSED                 ; Untyped                         ;
; PORT_CLKLOSS                  ; PORT_UNUSED                 ; Untyped                         ;
; PORT_INCLK1                   ; PORT_UNUSED                 ; Untyped                         ;
; PORT_INCLK0                   ; PORT_USED                   ; Untyped                         ;
; PORT_FBIN                     ; PORT_UNUSED                 ; Untyped                         ;
; PORT_PLLENA                   ; PORT_UNUSED                 ; Untyped                         ;
; PORT_CLKSWITCH                ; PORT_UNUSED                 ; Untyped                         ;
; PORT_ARESET                   ; PORT_USED                   ; Untyped                         ;
; PORT_PFDENA                   ; PORT_UNUSED                 ; Untyped                         ;
; PORT_SCANCLK                  ; PORT_UNUSED                 ; Untyped                         ;
; PORT_SCANACLR                 ; PORT_UNUSED                 ; Untyped                         ;
; PORT_SCANREAD                 ; PORT_UNUSED                 ; Untyped                         ;
; PORT_SCANWRITE                ; PORT_UNUSED                 ; Untyped                         ;
; PORT_ENABLE0                  ; PORT_CONNECTIVITY           ; Untyped                         ;
; PORT_ENABLE1                  ; PORT_CONNECTIVITY           ; Untyped                         ;
; PORT_LOCKED                   ; PORT_USED                   ; Untyped                         ;
; PORT_CONFIGUPDATE             ; PORT_UNUSED                 ; Untyped                         ;
; PORT_FBOUT                    ; PORT_CONNECTIVITY           ; Untyped                         ;
; PORT_PHASEDONE                ; PORT_UNUSED                 ; Untyped                         ;
; PORT_PHASESTEP                ; PORT_UNUSED                 ; Untyped                         ;
; PORT_PHASEUPDOWN              ; PORT_UNUSED                 ; Untyped                         ;
; PORT_SCANCLKENA               ; PORT_UNUSED                 ; Untyped                         ;
; PORT_PHASECOUNTERSELECT       ; PORT_UNUSED                 ; Untyped                         ;
; PORT_VCOOVERRANGE             ; PORT_CONNECTIVITY           ; Untyped                         ;
; PORT_VCOUNDERRANGE            ; PORT_CONNECTIVITY           ; Untyped                         ;
; M_TEST_SOURCE                 ; 5                           ; Untyped                         ;
; C0_TEST_SOURCE                ; 5                           ; Untyped                         ;
; C1_TEST_SOURCE                ; 5                           ; Untyped                         ;
; C2_TEST_SOURCE                ; 5                           ; Untyped                         ;
; C3_TEST_SOURCE                ; 5                           ; Untyped                         ;
; C4_TEST_SOURCE                ; 5                           ; Untyped                         ;
; C5_TEST_SOURCE                ; 5                           ; Untyped                         ;
; C6_TEST_SOURCE                ; 5                           ; Untyped                         ;
; C7_TEST_SOURCE                ; 5                           ; Untyped                         ;
; C8_TEST_SOURCE                ; 5                           ; Untyped                         ;
; C9_TEST_SOURCE                ; 5                           ; Untyped                         ;
; CBXI_PARAMETER                ; pll_25mhz_altpll            ; Untyped                         ;
; VCO_FREQUENCY_CONTROL         ; AUTO                        ; Untyped                         ;
; VCO_PHASE_SHIFT_STEP          ; 0                           ; Untyped                         ;
; WIDTH_CLOCK                   ; 5                           ; Signed Integer                  ;
; WIDTH_PHASECOUNTERSELECT      ; 4                           ; Untyped                         ;
; USING_FBMIMICBIDIR_PORT       ; OFF                         ; Untyped                         ;
; DEVICE_FAMILY                 ; Cyclone IV E                ; Untyped                         ;
; SCAN_CHAIN_MIF_FILE           ; UNUSED                      ; Untyped                         ;
; SIM_GATE_LOCK_DEVICE_BEHAVIOR ; OFF                         ; Untyped                         ;
; AUTO_CARRY_CHAINS             ; ON                          ; AUTO_CARRY                      ;
; IGNORE_CARRY_BUFFERS          ; OFF                         ; IGNORE_CARRY                    ;
; AUTO_CASCADE_CHAINS           ; ON                          ; AUTO_CASCADE                    ;
; IGNORE_CASCADE_BUFFERS        ; OFF                         ; IGNORE_CASCADE                  ;
+-------------------------------+-----------------------------+---------------------------------+
Note: In order to hide this table in the UI and the text report file, please set the "Show Parameter Settings in Synthesis Report" option in "Analysis and Synthesis Settings -> More Settings" to "Off".


+---------------------------------------------------------------------+
; Parameter Settings for User Entity Instance: vga_ctrl:vga_ctrl_inst ;
+----------------+------------+---------------------------------------+
; Parameter Name ; Value      ; Type                                  ;
+----------------+------------+---------------------------------------+
; H_SYNC         ; 0001100000 ; Unsigned Binary                       ;
; H_BACK         ; 0000101001 ; Unsigned Binary                       ;
; H_LEFT         ; 0000001001 ; Unsigned Binary                       ;
; H_VALID        ; 1001111111 ; Unsigned Binary                       ;
; H_RIGHT        ; 0000001000 ; Unsigned Binary                       ;
; H_FRONT        ; 0000000111 ; Unsigned Binary                       ;
; H_TOTAL        ; 1100100000 ; Unsigned Binary                       ;
; V_SYNC         ; 0000000010 ; Unsigned Binary                       ;
; V_BACK         ; 0000011010 ; Unsigned Binary                       ;
; V_TOP          ; 0000001000 ; Unsigned Binary                       ;
; V_VALID        ; 0111011111 ; Unsigned Binary                       ;
; V_BOTTOM       ; 0000001000 ; Unsigned Binary                       ;
; V_FRONT        ; 0000000010 ; Unsigned Binary                       ;
; V_TOTAL        ; 1000001101 ; Unsigned Binary                       ;
+----------------+------------+---------------------------------------+
Note: In order to hide this table in the UI and the text report file, please set the "Show Parameter Settings in Synthesis Report" option in "Analysis and Synthesis Settings -> More Settings" to "Off".


+------------------------------------------------------------------------------------------+
; Parameter Settings for User Entity Instance: inf_rcv:inf_rcv_inst|led_ctrl:led_ctrl_inst ;
+----------------+------------------------+------------------------------------------------+
; Parameter Name ; Value                  ; Type                                           ;
+----------------+------------------------+------------------------------------------------+
; CNT_50MS_MAX   ; 0000111101000010010000 ; Unsigned Binary                                ;
+----------------+------------------------+------------------------------------------------+
Note: In order to hide this table in the UI and the text report file, please set the "Show Parameter Settings in Synthesis Report" option in "Analysis and Synthesis Settings -> More Settings" to "Off".


+-------------------------------------------------------------------------------------------------------------------------------------+
; Parameter Settings for User Entity Instance: inf_rcv:inf_rcv_inst|seg_595_dynamic:seg_595_dynamic_inst|seg_dynamic:seg_dynamic_inst ;
+----------------+------------------+-------------------------------------------------------------------------------------------------+
; Parameter Name ; Value            ; Type                                                                                            ;
+----------------+------------------+-------------------------------------------------------------------------------------------------+
; CNT_MAX        ; 1100001101001111 ; Unsigned Binary                                                                                 ;
+----------------+------------------+-------------------------------------------------------------------------------------------------+
Note: In order to hide this table in the UI and the text report file, please set the "Show Parameter Settings in Synthesis Report" option in "Analysis and Synthesis Settings -> More Settings" to "Off".


+---------------------------------------------------------------------------+
; Parameter Settings for User Entity Instance: pic_rgb_gen:pic_rgb_gen_inst ;
+-----------------+-------------------------+-------------------------------+
; Parameter Name  ; Value                   ; Type                          ;
+-----------------+-------------------------+-------------------------------+
; CNT_25MHZ_0_25S ; 10111110101111000010000 ; Unsigned Binary               ;
+-----------------+-------------------------+-------------------------------+
Note: In order to hide this table in the UI and the text report file, please set the "Show Parameter Settings in Synthesis Report" option in "Analysis and Synthesis Settings -> More Settings" to "Off".


+------------------------------------------------------------------------------------------------------------------------------------+
; Parameter Settings for User Entity Instance: pic_rgb_gen:pic_rgb_gen_inst|ram_256x2:ram_256x2_inst|altsyncram:altsyncram_component ;
+------------------------------------+----------------------+------------------------------------------------------------------------+
; Parameter Name                     ; Value                ; Type                                                                   ;
+------------------------------------+----------------------+------------------------------------------------------------------------+
; BYTE_SIZE_BLOCK                    ; 8                    ; Untyped                                                                ;
; AUTO_CARRY_CHAINS                  ; ON                   ; AUTO_CARRY                                                             ;
; IGNORE_CARRY_BUFFERS               ; OFF                  ; IGNORE_CARRY                                                           ;
; AUTO_CASCADE_CHAINS                ; ON                   ; AUTO_CASCADE                                                           ;
; IGNORE_CASCADE_BUFFERS             ; OFF                  ; IGNORE_CASCADE                                                         ;
; WIDTH_BYTEENA                      ; 1                    ; Untyped                                                                ;
; OPERATION_MODE                     ; BIDIR_DUAL_PORT      ; Untyped                                                                ;
; WIDTH_A                            ; 2                    ; Signed Integer                                                         ;
; WIDTHAD_A                          ; 8                    ; Signed Integer                                                         ;
; NUMWORDS_A                         ; 256                  ; Signed Integer                                                         ;
; OUTDATA_REG_A                      ; UNREGISTERED         ; Untyped                                                                ;
; ADDRESS_ACLR_A                     ; NONE                 ; Untyped                                                                ;
; OUTDATA_ACLR_A                     ; NONE                 ; Untyped                                                                ;
; WRCONTROL_ACLR_A                   ; NONE                 ; Untyped                                                                ;
; INDATA_ACLR_A                      ; NONE                 ; Untyped                                                                ;
; BYTEENA_ACLR_A                     ; NONE                 ; Untyped                                                                ;
; WIDTH_B                            ; 2                    ; Signed Integer                                                         ;
; WIDTHAD_B                          ; 8                    ; Signed Integer                                                         ;
; NUMWORDS_B                         ; 256                  ; Signed Integer                                                         ;
; INDATA_REG_B                       ; CLOCK0               ; Untyped                                                                ;
; WRCONTROL_WRADDRESS_REG_B          ; CLOCK0               ; Untyped                                                                ;
; RDCONTROL_REG_B                    ; CLOCK1               ; Untyped                                                                ;
; ADDRESS_REG_B                      ; CLOCK0               ; Untyped                                                                ;
; OUTDATA_REG_B                      ; UNREGISTERED         ; Untyped                                                                ;
; BYTEENA_REG_B                      ; CLOCK1               ; Untyped                                                                ;
; INDATA_ACLR_B                      ; NONE                 ; Untyped                                                                ;
; WRCONTROL_ACLR_B                   ; NONE                 ; Untyped                                                                ;
; ADDRESS_ACLR_B                     ; NONE                 ; Untyped                                                                ;
; OUTDATA_ACLR_B                     ; NONE                 ; Untyped                                                                ;
; RDCONTROL_ACLR_B                   ; NONE                 ; Untyped                                                                ;
; BYTEENA_ACLR_B                     ; NONE                 ; Untyped                                                                ;
; WIDTH_BYTEENA_A                    ; 1                    ; Signed Integer                                                         ;
; WIDTH_BYTEENA_B                    ; 1                    ; Signed Integer                                                         ;
; RAM_BLOCK_TYPE                     ; AUTO                 ; Untyped                                                                ;
; BYTE_SIZE                          ; 8                    ; Untyped                                                                ;
; READ_DURING_WRITE_MODE_MIXED_PORTS ; DONT_CARE            ; Untyped                                                                ;
; READ_DURING_WRITE_MODE_PORT_A      ; NEW_DATA_NO_NBE_READ ; Untyped                                                                ;
; READ_DURING_WRITE_MODE_PORT_B      ; NEW_DATA_NO_NBE_READ ; Untyped                                                                ;
; INIT_FILE                          ; UNUSED               ; Untyped                                                                ;
; INIT_FILE_LAYOUT                   ; PORT_A               ; Untyped                                                                ;
; MAXIMUM_DEPTH                      ; 0                    ; Untyped                                                                ;
; CLOCK_ENABLE_INPUT_A               ; BYPASS               ; Untyped                                                                ;
; CLOCK_ENABLE_INPUT_B               ; BYPASS               ; Untyped                                                                ;
; CLOCK_ENABLE_OUTPUT_A              ; BYPASS               ; Untyped                                                                ;
; CLOCK_ENABLE_OUTPUT_B              ; BYPASS               ; Untyped                                                                ;
; CLOCK_ENABLE_CORE_A                ; USE_INPUT_CLKEN      ; Untyped                                                                ;
; CLOCK_ENABLE_CORE_B                ; USE_INPUT_CLKEN      ; Untyped                                                                ;
; ENABLE_ECC                         ; FALSE                ; Untyped                                                                ;
; ECC_PIPELINE_STAGE_ENABLED         ; FALSE                ; Untyped                                                                ;
; WIDTH_ECCSTATUS                    ; 3                    ; Untyped                                                                ;
; DEVICE_FAMILY                      ; Cyclone IV E         ; Untyped                                                                ;
; CBXI_PARAMETER                     ; altsyncram_qbh2      ; Untyped                                                                ;
+------------------------------------+----------------------+------------------------------------------------------------------------+
Note: In order to hide this table in the UI and the text report file, please set the "Show Parameter Settings in Synthesis Report" option in "Analysis and Synthesis Settings -> More Settings" to "Off".


+------------------------------------------------------------------------------------------------------------------------------+
; Parameter Settings for User Entity Instance: pic_rgb_gen:pic_rgb_gen_inst|fifo_256x8:fifo_256x8_inst|scfifo:scfifo_component ;
+-------------------------+--------------+-------------------------------------------------------------------------------------+
; Parameter Name          ; Value        ; Type                                                                                ;
+-------------------------+--------------+-------------------------------------------------------------------------------------+
; AUTO_CARRY_CHAINS       ; ON           ; AUTO_CARRY                                                                          ;
; IGNORE_CARRY_BUFFERS    ; OFF          ; IGNORE_CARRY                                                                        ;
; AUTO_CASCADE_CHAINS     ; ON           ; AUTO_CASCADE                                                                        ;
; IGNORE_CASCADE_BUFFERS  ; OFF          ; IGNORE_CASCADE                                                                      ;
; lpm_width               ; 8            ; Signed Integer                                                                      ;
; LPM_NUMWORDS            ; 256          ; Signed Integer                                                                      ;
; LPM_WIDTHU              ; 8            ; Signed Integer                                                                      ;
; LPM_SHOWAHEAD           ; OFF          ; Untyped                                                                             ;
; UNDERFLOW_CHECKING      ; ON           ; Untyped                                                                             ;
; OVERFLOW_CHECKING       ; ON           ; Untyped                                                                             ;
; ALLOW_RWCYCLE_WHEN_FULL ; OFF          ; Untyped                                                                             ;
; ADD_RAM_OUTPUT_REGISTER ; OFF          ; Untyped                                                                             ;
; ALMOST_FULL_VALUE       ; 0            ; Untyped                                                                             ;
; ALMOST_EMPTY_VALUE      ; 0            ; Untyped                                                                             ;
; USE_EAB                 ; ON           ; Untyped                                                                             ;
; MAXIMIZE_SPEED          ; 5            ; Untyped                                                                             ;
; DEVICE_FAMILY           ; Cyclone IV E ; Untyped                                                                             ;
; OPTIMIZE_FOR_SPEED      ; 5            ; Untyped                                                                             ;
; CBXI_PARAMETER          ; scfifo_ov21  ; Untyped                                                                             ;
+-------------------------+--------------+-------------------------------------------------------------------------------------+
Note: In order to hide this table in the UI and the text report file, please set the "Show Parameter Settings in Synthesis Report" option in "Analysis and Synthesis Settings -> More Settings" to "Off".


+--------------------------------------------------------------------------------------------------------+
; Parameter Settings for User Entity Instance: pic_rgb_gen:pic_rgb_gen_inst|prbs32_to_8:prbs32_to_8_inst ;
+----------------+----------------------------------+----------------------------------------------------+
; Parameter Name ; Value                            ; Type                                               ;
+----------------+----------------------------------+----------------------------------------------------+
; SEED           ; 10111010110110100101010111100101 ; Unsigned Binary                                    ;
+----------------+----------------------------------+----------------------------------------------------+
Note: In order to hide this table in the UI and the text report file, please set the "Show Parameter Settings in Synthesis Report" option in "Analysis and Synthesis Settings -> More Settings" to "Off".


+-----------------------------------------------------------------------------------------------+
; Parameter Settings for Inferred Entity Instance: pic_rgb_gen:pic_rgb_gen_inst|lpm_divide:Div0 ;
+------------------------+----------------+-----------------------------------------------------+
; Parameter Name         ; Value          ; Type                                                ;
+------------------------+----------------+-----------------------------------------------------+
; LPM_WIDTHN             ; 10             ; Untyped                                             ;
; LPM_WIDTHD             ; 6              ; Untyped                                             ;
; LPM_NREPRESENTATION    ; UNSIGNED       ; Untyped                                             ;
; LPM_DREPRESENTATION    ; UNSIGNED       ; Untyped                                             ;
; LPM_PIPELINE           ; 0              ; Untyped                                             ;
; LPM_REMAINDERPOSITIVE  ; TRUE           ; Untyped                                             ;
; MAXIMIZE_SPEED         ; 5              ; Untyped                                             ;
; CBXI_PARAMETER         ; lpm_divide_uim ; Untyped                                             ;
; CARRY_CHAIN            ; MANUAL         ; Untyped                                             ;
; OPTIMIZE_FOR_SPEED     ; 5              ; Untyped                                             ;
; AUTO_CARRY_CHAINS      ; ON             ; AUTO_CARRY                                          ;
; IGNORE_CARRY_BUFFERS   ; OFF            ; IGNORE_CARRY                                        ;
; AUTO_CASCADE_CHAINS    ; ON             ; AUTO_CASCADE                                        ;
; IGNORE_CASCADE_BUFFERS ; OFF            ; IGNORE_CASCADE                                      ;
+------------------------+----------------+-----------------------------------------------------+
Note: In order to hide this table in the UI and the text report file, please set the "Show Parameter Settings in Synthesis Report" option in "Analysis and Synthesis Settings -> More Settings" to "Off".


+-----------------------------------------------------------------------------------------------+
; Parameter Settings for Inferred Entity Instance: pic_rgb_gen:pic_rgb_gen_inst|lpm_divide:Div1 ;
+------------------------+----------------+-----------------------------------------------------+
; Parameter Name         ; Value          ; Type                                                ;
+------------------------+----------------+-----------------------------------------------------+
; LPM_WIDTHN             ; 10             ; Untyped                                             ;
; LPM_WIDTHD             ; 5              ; Untyped                                             ;
; LPM_NREPRESENTATION    ; UNSIGNED       ; Untyped                                             ;
; LPM_DREPRESENTATION    ; UNSIGNED       ; Untyped                                             ;
; LPM_PIPELINE           ; 0              ; Untyped                                             ;
; LPM_REMAINDERPOSITIVE  ; TRUE           ; Untyped                                             ;
; MAXIMIZE_SPEED         ; 5              ; Untyped                                             ;
; CBXI_PARAMETER         ; lpm_divide_tim ; Untyped                                             ;
; CARRY_CHAIN            ; MANUAL         ; Untyped                                             ;
; OPTIMIZE_FOR_SPEED     ; 5              ; Untyped                                             ;
; AUTO_CARRY_CHAINS      ; ON             ; AUTO_CARRY                                          ;
; IGNORE_CARRY_BUFFERS   ; OFF            ; IGNORE_CARRY                                        ;
; AUTO_CASCADE_CHAINS    ; ON             ; AUTO_CASCADE                                        ;
; IGNORE_CASCADE_BUFFERS ; OFF            ; IGNORE_CASCADE                                      ;
+------------------------+----------------+-----------------------------------------------------+
Note: In order to hide this table in the UI and the text report file, please set the "Show Parameter Settings in Synthesis Report" option in "Analysis and Synthesis Settings -> More Settings" to "Off".


+----------------------------------------------------------------------------------+
; altpll Parameter Settings by Entity Instance                                     ;
+-------------------------------+--------------------------------------------------+
; Name                          ; Value                                            ;
+-------------------------------+--------------------------------------------------+
; Number of entity instances    ; 1                                                ;
; Entity Instance               ; pll_25mhz:pll_25mhz_inst|altpll:altpll_component ;
;     -- OPERATION_MODE         ; NORMAL                                           ;
;     -- PLL_TYPE               ; AUTO                                             ;
;     -- PRIMARY_CLOCK          ; INCLK0                                           ;
;     -- INCLK0_INPUT_FREQUENCY ; 20000                                            ;
;     -- INCLK1_INPUT_FREQUENCY ; 0                                                ;
;     -- VCO_MULTIPLY_BY        ; 0                                                ;
;     -- VCO_DIVIDE_BY          ; 0                                                ;
+-------------------------------+--------------------------------------------------+


+-----------------------------------------------------------------------------------------------------------------------------------+
; altsyncram Parameter Settings by Entity Instance                                                                                  ;
+-------------------------------------------+---------------------------------------------------------------------------------------+
; Name                                      ; Value                                                                                 ;
+-------------------------------------------+---------------------------------------------------------------------------------------+
; Number of entity instances                ; 1                                                                                     ;
; Entity Instance                           ; pic_rgb_gen:pic_rgb_gen_inst|ram_256x2:ram_256x2_inst|altsyncram:altsyncram_component ;
;     -- OPERATION_MODE                     ; BIDIR_DUAL_PORT                                                                       ;
;     -- WIDTH_A                            ; 2                                                                                     ;
;     -- NUMWORDS_A                         ; 256                                                                                   ;
;     -- OUTDATA_REG_A                      ; UNREGISTERED                                                                          ;
;     -- WIDTH_B                            ; 2                                                                                     ;
;     -- NUMWORDS_B                         ; 256                                                                                   ;
;     -- ADDRESS_REG_B                      ; CLOCK0                                                                                ;
;     -- OUTDATA_REG_B                      ; UNREGISTERED                                                                          ;
;     -- RAM_BLOCK_TYPE                     ; AUTO                                                                                  ;
;     -- READ_DURING_WRITE_MODE_MIXED_PORTS ; DONT_CARE                                                                             ;
+-------------------------------------------+---------------------------------------------------------------------------------------+


+--------------------------------------------------------------------------------------------------------------+
; scfifo Parameter Settings by Entity Instance                                                                 ;
+----------------------------+---------------------------------------------------------------------------------+
; Name                       ; Value                                                                           ;
+----------------------------+---------------------------------------------------------------------------------+
; Number of entity instances ; 1                                                                               ;
; Entity Instance            ; pic_rgb_gen:pic_rgb_gen_inst|fifo_256x8:fifo_256x8_inst|scfifo:scfifo_component ;
;     -- FIFO Type           ; Single Clock                                                                    ;
;     -- lpm_width           ; 8                                                                               ;
;     -- LPM_NUMWORDS        ; 256                                                                             ;
;     -- LPM_SHOWAHEAD       ; OFF                                                                             ;
;     -- USE_EAB             ; ON                                                                              ;
+----------------------------+---------------------------------------------------------------------------------+


+----------------------------------------------------------------------------------------------------------------+
; Port Connectivity Checks: "pic_rgb_gen:pic_rgb_gen_inst|fifo_256x8:fifo_256x8_inst"                            ;
+------+--------+----------+-------------------------------------------------------------------------------------+
; Port ; Type   ; Severity ; Details                                                                             ;
+------+--------+----------+-------------------------------------------------------------------------------------+
; full ; Output ; Info     ; Connected to dangling logic. Logic that only feeds a dangling port will be removed. ;
+------+--------+----------+-------------------------------------------------------------------------------------+


+-----------------------------------------------------------------------------------+
; Port Connectivity Checks: "pic_rgb_gen:pic_rgb_gen_inst|ram_256x2:ram_256x2_inst" ;
+-----------+-------+----------+----------------------------------------------------+
; Port      ; Type  ; Severity ; Details                                            ;
+-----------+-------+----------+----------------------------------------------------+
; data_b[1] ; Input ; Info     ; Stuck at VCC                                       ;
; data_b[0] ; Input ; Info     ; Stuck at GND                                       ;
; wren_b    ; Input ; Info     ; Stuck at GND                                       ;
+-----------+-------+----------+----------------------------------------------------+


+---------------------------------------------------------------------------------------+
; Port Connectivity Checks: "inf_rcv:inf_rcv_inst|seg_595_dynamic:seg_595_dynamic_inst" ;
+--------+-------+----------+-----------------------------------------------------------+
; Port   ; Type  ; Severity ; Details                                                   ;
+--------+-------+----------+-----------------------------------------------------------+
; point  ; Input ; Info     ; Stuck at GND                                              ;
; seg_en ; Input ; Info     ; Stuck at VCC                                              ;
; sign   ; Input ; Info     ; Stuck at GND                                              ;
+--------+-------+----------+-----------------------------------------------------------+


+-------------------------------+
; Elapsed Time Per Partition    ;
+----------------+--------------+
; Partition Name ; Elapsed Time ;
+----------------+--------------+
; Top            ; 00:00:01     ;
+----------------+--------------+


+-------------------------------+
; Analysis & Synthesis Messages ;
+-------------------------------+
Info: *******************************************************************
Info: Running Quartus II 64-Bit Analysis & Synthesis
    Info: Version 13.0.1 Build 232 06/12/2013 Service Pack 1 SJ Full Version
    Info: Processing started: Wed Oct 15 12:31:57 2025
Info: Command: quartus_map --read_settings_files=on --write_settings_files=off snake -c snake
Info (11104): Parallel Compilation has detected 28 hyper-threaded processors. However, the extra hyper-threaded processors will not be used by default. Parallel Compilation will use 16 of the 20 physical processors detected instead.
Info (12021): Found 1 design units, including 1 entities, in source file /fpga_code/personal_code/snake/rtl/game_ctrl/snake.v
    Info (12023): Found entity 1: snake
Info (12021): Found 1 design units, including 1 entities, in source file /fpga_code/personal_code/snake/rtl/game_ctrl/direct_sig_ctrl.v
    Info (12023): Found entity 1: direct_sig_ctrl
Info (12021): Found 1 design units, including 1 entities, in source file ip_core/ram_256x2/ram_256x2.v
    Info (12023): Found entity 1: ram_256x2
Info (12021): Found 1 design units, including 1 entities, in source file ip_core/pll25mhz/pll_25mhz.v
    Info (12023): Found entity 1: pll_25mhz
Info (12021): Found 1 design units, including 1 entities, in source file ip_core/fifo_256x8/fifo_256x8.v
    Info (12023): Found entity 1: fifo_256x8
Info (12021): Found 1 design units, including 1 entities, in source file /fpga_code/personal_code/snake/rtl/inf_rcv/led_ctrl.v
    Info (12023): Found entity 1: led_ctrl
Info (12021): Found 1 design units, including 1 entities, in source file /fpga_code/personal_code/snake/rtl/inf_rcv/inf_rcv_decoder.v
    Info (12023): Found entity 1: inf_rcv_decoder
Info (12021): Found 1 design units, including 1 entities, in source file /fpga_code/personal_code/snake/rtl/inf_rcv/inf_rcv.v
    Info (12023): Found entity 1: inf_rcv
Info (12021): Found 1 design units, including 1 entities, in source file /fpga_code/personal_code/snake/rtl/lfsr/prbs32_to_8.v
    Info (12023): Found entity 1: prbs32_to_8
Info (12021): Found 1 design units, including 1 entities, in source file /fpga_code/personal_code/snake/rtl/lfsr/prbs8bit.v
    Info (12023): Found entity 1: prbs8bit
Info (12021): Found 1 design units, including 1 entities, in source file /fpga_code/personal_code/snake/rtl/seg_595_dynamic/seg_dynamic.v
    Info (12023): Found entity 1: seg_dynamic
Info (12021): Found 1 design units, including 1 entities, in source file /fpga_code/personal_code/snake/rtl/seg_595_dynamic/seg_595_dynamic.v
    Info (12023): Found entity 1: seg_595_dynamic
Info (12021): Found 1 design units, including 1 entities, in source file /fpga_code/personal_code/snake/rtl/seg_595_dynamic/hc595_ctrl.v
    Info (12023): Found entity 1: hc595_ctrl
Info (12021): Found 1 design units, including 1 entities, in source file /fpga_code/personal_code/snake/rtl/seg_595_dynamic/bcd_8421.v
    Info (12023): Found entity 1: bcd_8421
Info (12021): Found 1 design units, including 1 entities, in source file /fpga_code/personal_code/snake/rtl/vga/vga_ctrl.v
    Info (12023): Found entity 1: vga_ctrl
Info (12021): Found 1 design units, including 1 entities, in source file /fpga_code/personal_code/snake/rtl/vga/pic_rgb_gen.v
    Info (12023): Found entity 1: pic_rgb_gen
Info (12127): Elaborating entity "snake" for the top level hierarchy
Info (12128): Elaborating entity "pll_25mhz" for hierarchy "pll_25mhz:pll_25mhz_inst"
Info (12128): Elaborating entity "altpll" for hierarchy "pll_25mhz:pll_25mhz_inst|altpll:altpll_component"
Info (12130): Elaborated megafunction instantiation "pll_25mhz:pll_25mhz_inst|altpll:altpll_component"
Info (12133): Instantiated megafunction "pll_25mhz:pll_25mhz_inst|altpll:altpll_component" with the following parameter:
    Info (12134): Parameter "bandwidth_type" = "AUTO"
    Info (12134): Parameter "clk0_divide_by" = "2"
    Info (12134): Parameter "clk0_duty_cycle" = "50"
    Info (12134): Parameter "clk0_multiply_by" = "1"
    Info (12134): Parameter "clk0_phase_shift" = "0"
    Info (12134): Parameter "compensate_clock" = "CLK0"
    Info (12134): Parameter "inclk0_input_frequency" = "20000"
    Info (12134): Parameter "intended_device_family" = "Cyclone IV E"
    Info (12134): Parameter "lpm_hint" = "CBX_MODULE_PREFIX=pll_25mhz"
    Info (12134): Parameter "lpm_type" = "altpll"
    Info (12134): Parameter "operation_mode" = "NORMAL"
    Info (12134): Parameter "pll_type" = "AUTO"
    Info (12134): Parameter "port_activeclock" = "PORT_UNUSED"
    Info (12134): Parameter "port_areset" = "PORT_USED"
    Info (12134): Parameter "port_clkbad0" = "PORT_UNUSED"
    Info (12134): Parameter "port_clkbad1" = "PORT_UNUSED"
    Info (12134): Parameter "port_clkloss" = "PORT_UNUSED"
    Info (12134): Parameter "port_clkswitch" = "PORT_UNUSED"
    Info (12134): Parameter "port_configupdate" = "PORT_UNUSED"
    Info (12134): Parameter "port_fbin" = "PORT_UNUSED"
    Info (12134): Parameter "port_inclk0" = "PORT_USED"
    Info (12134): Parameter "port_inclk1" = "PORT_UNUSED"
    Info (12134): Parameter "port_locked" = "PORT_USED"
    Info (12134): Parameter "port_pfdena" = "PORT_UNUSED"
    Info (12134): Parameter "port_phasecounterselect" = "PORT_UNUSED"
    Info (12134): Parameter "port_phasedone" = "PORT_UNUSED"
    Info (12134): Parameter "port_phasestep" = "PORT_UNUSED"
    Info (12134): Parameter "port_phaseupdown" = "PORT_UNUSED"
    Info (12134): Parameter "port_pllena" = "PORT_UNUSED"
    Info (12134): Parameter "port_scanaclr" = "PORT_UNUSED"
    Info (12134): Parameter "port_scanclk" = "PORT_UNUSED"
    Info (12134): Parameter "port_scanclkena" = "PORT_UNUSED"
    Info (12134): Parameter "port_scandata" = "PORT_UNUSED"
    Info (12134): Parameter "port_scandataout" = "PORT_UNUSED"
    Info (12134): Parameter "port_scandone" = "PORT_UNUSED"
    Info (12134): Parameter "port_scanread" = "PORT_UNUSED"
    Info (12134): Parameter "port_scanwrite" = "PORT_UNUSED"
    Info (12134): Parameter "port_clk0" = "PORT_USED"
    Info (12134): Parameter "port_clk1" = "PORT_UNUSED"
    Info (12134): Parameter "port_clk2" = "PORT_UNUSED"
    Info (12134): Parameter "port_clk3" = "PORT_UNUSED"
    Info (12134): Parameter "port_clk4" = "PORT_UNUSED"
    Info (12134): Parameter "port_clk5" = "PORT_UNUSED"
    Info (12134): Parameter "port_clkena0" = "PORT_UNUSED"
    Info (12134): Parameter "port_clkena1" = "PORT_UNUSED"
    Info (12134): Parameter "port_clkena2" = "PORT_UNUSED"
    Info (12134): Parameter "port_clkena3" = "PORT_UNUSED"
    Info (12134): Parameter "port_clkena4" = "PORT_UNUSED"
    Info (12134): Parameter "port_clkena5" = "PORT_UNUSED"
    Info (12134): Parameter "port_extclk0" = "PORT_UNUSED"
    Info (12134): Parameter "port_extclk1" = "PORT_UNUSED"
    Info (12134): Parameter "port_extclk2" = "PORT_UNUSED"
    Info (12134): Parameter "port_extclk3" = "PORT_UNUSED"
    Info (12134): Parameter "self_reset_on_loss_lock" = "OFF"
    Info (12134): Parameter "width_clock" = "5"
Info (12021): Found 1 design units, including 1 entities, in source file db/pll_25mhz_altpll.v
    Info (12023): Found entity 1: pll_25mhz_altpll
Info (12128): Elaborating entity "pll_25mhz_altpll" for hierarchy "pll_25mhz:pll_25mhz_inst|altpll:altpll_component|pll_25mhz_altpll:auto_generated"
Info (12128): Elaborating entity "vga_ctrl" for hierarchy "vga_ctrl:vga_ctrl_inst"
Info (12128): Elaborating entity "inf_rcv" for hierarchy "inf_rcv:inf_rcv_inst"
Info (12128): Elaborating entity "inf_rcv_decoder" for hierarchy "inf_rcv:inf_rcv_inst|inf_rcv_decoder:inf_rcv_decoder_inst"
Info (10264): Verilog HDL Case Statement information at inf_rcv_decoder.v(124): all case item expressions in this case statement are onehot
Info (12128): Elaborating entity "led_ctrl" for hierarchy "inf_rcv:inf_rcv_inst|led_ctrl:led_ctrl_inst"
Info (12128): Elaborating entity "seg_595_dynamic" for hierarchy "inf_rcv:inf_rcv_inst|seg_595_dynamic:seg_595_dynamic_inst"
Info (12128): Elaborating entity "seg_dynamic" for hierarchy "inf_rcv:inf_rcv_inst|seg_595_dynamic:seg_595_dynamic_inst|seg_dynamic:seg_dynamic_inst"
Info (12128): Elaborating entity "bcd_8421" for hierarchy "inf_rcv:inf_rcv_inst|seg_595_dynamic:seg_595_dynamic_inst|seg_dynamic:seg_dynamic_inst|bcd_8421:bcd_8421_inst"
Info (12128): Elaborating entity "hc595_ctrl" for hierarchy "inf_rcv:inf_rcv_inst|seg_595_dynamic:seg_595_dynamic_inst|hc595_ctrl:hc595_ctrl_inst"
Info (12128): Elaborating entity "pic_rgb_gen" for hierarchy "pic_rgb_gen:pic_rgb_gen_inst"
Warning (10230): Verilog HDL assignment warning at pic_rgb_gen.v(609): truncated value with size 10 to match size of target (4)
Warning (10230): Verilog HDL assignment warning at pic_rgb_gen.v(610): truncated value with size 10 to match size of target (4)
Info (12128): Elaborating entity "ram_256x2" for hierarchy "pic_rgb_gen:pic_rgb_gen_inst|ram_256x2:ram_256x2_inst"
Info (12128): Elaborating entity "altsyncram" for hierarchy "pic_rgb_gen:pic_rgb_gen_inst|ram_256x2:ram_256x2_inst|altsyncram:altsyncram_component"
Info (12130): Elaborated megafunction instantiation "pic_rgb_gen:pic_rgb_gen_inst|ram_256x2:ram_256x2_inst|altsyncram:altsyncram_component"
Info (12133): Instantiated megafunction "pic_rgb_gen:pic_rgb_gen_inst|ram_256x2:ram_256x2_inst|altsyncram:altsyncram_component" with the following parameter:
    Info (12134): Parameter "address_reg_b" = "CLOCK0"
    Info (12134): Parameter "clock_enable_input_a" = "BYPASS"
    Info (12134): Parameter "clock_enable_input_b" = "BYPASS"
    Info (12134): Parameter "clock_enable_output_a" = "BYPASS"
    Info (12134): Parameter "clock_enable_output_b" = "BYPASS"
    Info (12134): Parameter "indata_reg_b" = "CLOCK0"
    Info (12134): Parameter "intended_device_family" = "Cyclone IV E"
    Info (12134): Parameter "lpm_type" = "altsyncram"
    Info (12134): Parameter "numwords_a" = "256"
    Info (12134): Parameter "numwords_b" = "256"
    Info (12134): Parameter "operation_mode" = "BIDIR_DUAL_PORT"
    Info (12134): Parameter "outdata_aclr_a" = "NONE"
    Info (12134): Parameter "outdata_aclr_b" = "NONE"
    Info (12134): Parameter "outdata_reg_a" = "UNREGISTERED"
    Info (12134): Parameter "outdata_reg_b" = "UNREGISTERED"
    Info (12134): Parameter "power_up_uninitialized" = "FALSE"
    Info (12134): Parameter "read_during_write_mode_mixed_ports" = "DONT_CARE"
    Info (12134): Parameter "read_during_write_mode_port_a" = "NEW_DATA_NO_NBE_READ"
    Info (12134): Parameter "read_during_write_mode_port_b" = "NEW_DATA_NO_NBE_READ"
    Info (12134): Parameter "widthad_a" = "8"
    Info (12134): Parameter "widthad_b" = "8"
    Info (12134): Parameter "width_a" = "2"
    Info (12134): Parameter "width_b" = "2"
    Info (12134): Parameter "width_byteena_a" = "1"
    Info (12134): Parameter "width_byteena_b" = "1"
    Info (12134): Parameter "wrcontrol_wraddress_reg_b" = "CLOCK0"
Info (12021): Found 1 design units, including 1 entities, in source file db/altsyncram_qbh2.tdf
    Info (12023): Found entity 1: altsyncram_qbh2
Info (12128): Elaborating entity "altsyncram_qbh2" for hierarchy "pic_rgb_gen:pic_rgb_gen_inst|ram_256x2:ram_256x2_inst|altsyncram:altsyncram_component|altsyncram_qbh2:auto_generated"
Info (12128): Elaborating entity "fifo_256x8" for hierarchy "pic_rgb_gen:pic_rgb_gen_inst|fifo_256x8:fifo_256x8_inst"
Info (12128): Elaborating entity "scfifo" for hierarchy "pic_rgb_gen:pic_rgb_gen_inst|fifo_256x8:fifo_256x8_inst|scfifo:scfifo_component"
Info (12130): Elaborated megafunction instantiation "pic_rgb_gen:pic_rgb_gen_inst|fifo_256x8:fifo_256x8_inst|scfifo:scfifo_component"
Info (12133): Instantiated megafunction "pic_rgb_gen:pic_rgb_gen_inst|fifo_256x8:fifo_256x8_inst|scfifo:scfifo_component" with the following parameter:
    Info (12134): Parameter "add_ram_output_register" = "OFF"
    Info (12134): Parameter "intended_device_family" = "Cyclone IV E"
    Info (12134): Parameter "lpm_numwords" = "256"
    Info (12134): Parameter "lpm_showahead" = "OFF"
    Info (12134): Parameter "lpm_type" = "scfifo"
    Info (12134): Parameter "lpm_width" = "8"
    Info (12134): Parameter "lpm_widthu" = "8"
    Info (12134): Parameter "overflow_checking" = "ON"
    Info (12134): Parameter "underflow_checking" = "ON"
    Info (12134): Parameter "use_eab" = "ON"
Info (12021): Found 1 design units, including 1 entities, in source file db/scfifo_ov21.tdf
    Info (12023): Found entity 1: scfifo_ov21
Info (12128): Elaborating entity "scfifo_ov21" for hierarchy "pic_rgb_gen:pic_rgb_gen_inst|fifo_256x8:fifo_256x8_inst|scfifo:scfifo_component|scfifo_ov21:auto_generated"
Info (12021): Found 1 design units, including 1 entities, in source file db/a_dpfifo_v531.tdf
    Info (12023): Found entity 1: a_dpfifo_v531
Info (12128): Elaborating entity "a_dpfifo_v531" for hierarchy "pic_rgb_gen:pic_rgb_gen_inst|fifo_256x8:fifo_256x8_inst|scfifo:scfifo_component|scfifo_ov21:auto_generated|a_dpfifo_v531:dpfifo"
Info (12021): Found 1 design units, including 1 entities, in source file db/a_fefifo_18e.tdf
    Info (12023): Found entity 1: a_fefifo_18e
Info (12128): Elaborating entity "a_fefifo_18e" for hierarchy "pic_rgb_gen:pic_rgb_gen_inst|fifo_256x8:fifo_256x8_inst|scfifo:scfifo_component|scfifo_ov21:auto_generated|a_dpfifo_v531:dpfifo|a_fefifo_18e:fifo_state"
Info (12021): Found 1 design units, including 1 entities, in source file db/cntr_fo7.tdf
    Info (12023): Found entity 1: cntr_fo7
Info (12128): Elaborating entity "cntr_fo7" for hierarchy "pic_rgb_gen:pic_rgb_gen_inst|fifo_256x8:fifo_256x8_inst|scfifo:scfifo_component|scfifo_ov21:auto_generated|a_dpfifo_v531:dpfifo|a_fefifo_18e:fifo_state|cntr_fo7:count_usedw"
Info (12021): Found 1 design units, including 1 entities, in source file db/dpram_4711.tdf
    Info (12023): Found entity 1: dpram_4711
Info (12128): Elaborating entity "dpram_4711" for hierarchy "pic_rgb_gen:pic_rgb_gen_inst|fifo_256x8:fifo_256x8_inst|scfifo:scfifo_component|scfifo_ov21:auto_generated|a_dpfifo_v531:dpfifo|dpram_4711:FIFOram"
Info (12021): Found 1 design units, including 1 entities, in source file db/altsyncram_q0k1.tdf
    Info (12023): Found entity 1: altsyncram_q0k1
Info (12128): Elaborating entity "altsyncram_q0k1" for hierarchy "pic_rgb_gen:pic_rgb_gen_inst|fifo_256x8:fifo_256x8_inst|scfifo:scfifo_component|scfifo_ov21:auto_generated|a_dpfifo_v531:dpfifo|dpram_4711:FIFOram|altsyncram_q0k1:altsyncram1"
Info (12021): Found 1 design units, including 1 entities, in source file db/cntr_3ob.tdf
    Info (12023): Found entity 1: cntr_3ob
Info (12128): Elaborating entity "cntr_3ob" for hierarchy "pic_rgb_gen:pic_rgb_gen_inst|fifo_256x8:fifo_256x8_inst|scfifo:scfifo_component|scfifo_ov21:auto_generated|a_dpfifo_v531:dpfifo|cntr_3ob:rd_ptr_count"
Info (12128): Elaborating entity "prbs32_to_8" for hierarchy "pic_rgb_gen:pic_rgb_gen_inst|prbs32_to_8:prbs32_to_8_inst"
Info (12128): Elaborating entity "prbs8bit" for hierarchy "pic_rgb_gen:pic_rgb_gen_inst|prbs8bit:prbs8bit_inst"
Info (12128): Elaborating entity "direct_sig_ctrl" for hierarchy "pic_rgb_gen:pic_rgb_gen_inst|direct_sig_ctrl:direct_sig_ctrl_inst"
Info (278001): Inferred 2 megafunctions from design logic
    Info (278004): Inferred divider/modulo megafunction ("lpm_divide") from the following logic: "pic_rgb_gen:pic_rgb_gen_inst|Div0"
    Info (278004): Inferred divider/modulo megafunction ("lpm_divide") from the following logic: "pic_rgb_gen:pic_rgb_gen_inst|Div1"
Info (12130): Elaborated megafunction instantiation "pic_rgb_gen:pic_rgb_gen_inst|lpm_divide:Div0"
Info (12133): Instantiated megafunction "pic_rgb_gen:pic_rgb_gen_inst|lpm_divide:Div0" with the following parameter:
    Info (12134): Parameter "LPM_WIDTHN" = "10"
    Info (12134): Parameter "LPM_WIDTHD" = "6"
    Info (12134): Parameter "LPM_NREPRESENTATION" = "UNSIGNED"
    Info (12134): Parameter "LPM_DREPRESENTATION" = "UNSIGNED"
Info (12021): Found 1 design units, including 1 entities, in source file db/lpm_divide_uim.tdf
    Info (12023): Found entity 1: lpm_divide_uim
Info (12021): Found 1 design units, including 1 entities, in source file db/sign_div_unsign_mlh.tdf
    Info (12023): Found entity 1: sign_div_unsign_mlh
Info (12021): Found 1 design units, including 1 entities, in source file db/alt_u_div_07f.tdf
    Info (12023): Found entity 1: alt_u_div_07f
Info (12021): Found 1 design units, including 1 entities, in source file db/add_sub_7pc.tdf
    Info (12023): Found entity 1: add_sub_7pc
Info (12021): Found 1 design units, including 1 entities, in source file db/add_sub_8pc.tdf
    Info (12023): Found entity 1: add_sub_8pc
Info (12130): Elaborated megafunction instantiation "pic_rgb_gen:pic_rgb_gen_inst|lpm_divide:Div1"
Info (12133): Instantiated megafunction "pic_rgb_gen:pic_rgb_gen_inst|lpm_divide:Div1" with the following parameter:
    Info (12134): Parameter "LPM_WIDTHN" = "10"
    Info (12134): Parameter "LPM_WIDTHD" = "5"
    Info (12134): Parameter "LPM_NREPRESENTATION" = "UNSIGNED"
    Info (12134): Parameter "LPM_DREPRESENTATION" = "UNSIGNED"
Info (12021): Found 1 design units, including 1 entities, in source file db/lpm_divide_tim.tdf
    Info (12023): Found entity 1: lpm_divide_tim
Info (12021): Found 1 design units, including 1 entities, in source file db/sign_div_unsign_llh.tdf
    Info (12023): Found entity 1: sign_div_unsign_llh
Info (12021): Found 1 design units, including 1 entities, in source file db/alt_u_div_u6f.tdf
    Info (12023): Found entity 1: alt_u_div_u6f
Info (13000): Registers with preset signals will power-up high
Info (13003): DEV_CLRn pin will set, and not reset, register with preset signal due to NOT Gate Push-Back
Info (286030): Timing-Driven Synthesis is running
Info (17049): 1 registers lost all their fanouts during netlist optimizations.
Info (144001): Generated suppressed messages file D:/fpga_code/personal_code/snake/quartus_prj/output_files/snake.map.smsg
Info (16010): Generating hard_block partition "hard_block:auto_generated_inst"
    Info (16011): Adding 1 node(s), including 0 DDIO, 1 PLL, 0 transceiver and 0 LCELL
Info (21057): Implemented 953 device resources after synthesis - the final resource count might be different
    Info (21058): Implemented 3 input pins
    Info (21059): Implemented 23 output pins
    Info (21061): Implemented 916 logic cells
    Info (21064): Implemented 10 RAM segments
    Info (21065): Implemented 1 PLLs
Info: Quartus II 64-Bit Analysis & Synthesis was successful. 0 errors, 2 warnings
    Info: Peak virtual memory: 4666 megabytes
    Info: Processing ended: Wed Oct 15 12:32:01 2025
    Info: Elapsed time: 00:00:04
    Info: Total CPU time (on all processors): 00:00:04


+------------------------------------------+
; Analysis & Synthesis Suppressed Messages ;
+------------------------------------------+
The suppressed messages can be found in D:/fpga_code/personal_code/snake/quartus_prj/output_files/snake.map.smsg.


