Fitter report for snake
Wed Oct 15 12:32:07 2025
Quartus II 64-Bit Version 13.0.1 Build 232 06/12/2013 Service Pack 1 SJ Full Version


---------------------
; Table of Contents ;
---------------------
  1. Legal Notice
  2. Fitter Summary
  3. Fitter Settings
  4. Parallel Compilation
  5. I/O Assignment Warnings
  6. Incremental Compilation Preservation Summary
  7. Incremental Compilation Partition Settings
  8. Incremental Compilation Placement Preservation
  9. Pin-Out File
 10. Fitter Resource Usage Summary
 11. Fitter Partition Statistics
 12. Input Pins
 13. Output Pins
 14. Dual Purpose and Dedicated Pins
 15. I/O Bank Usage
 16. All Package Pins
 17. PLL Summary
 18. PLL Usage
 19. Fitter Resource Utilization by Entity
 20. Delay Chain Summary
 21. Pad To Core Delay Chain Fanout
 22. Control Signals
 23. Global & Other Fast Signals
 24. Non-Global High Fan-Out Signals
 25. Fitter RAM Summary
 26. Other Routing Usage Summary
 27. LAB Logic Elements
 28. LAB-wide Signals
 29. LAB Signals Sourced
 30. LAB Signals Sourced Out
 31. LAB Distinct Inputs
 32. I/O Rules Summary
 33. I/O Rules Details
 34. I/O Rules Matrix
 35. Fitter Device Options
 36. Operating Settings and Conditions
 37. Estimated Delay Added for Hold Timing Summary
 38. Estimated Delay Added for Hold Timing Details
 39. Fitter Messages
 40. Fitter Suppressed Messages



----------------
; Legal Notice ;
----------------
Copyright (C) 1991-2013 Altera Corporation
Your use of Altera Corporation's design tools, logic functions 
and other software and tools, and its AMPP partner logic 
functions, and any output files from any of the foregoing 
(including device programming or simulation files), and any 
associated documentation or information are expressly subject 
to the terms and conditions of the Altera Program License 
Subscription Agreement, Altera MegaCore Function License 
Agreement, or other applicable license agreement, including, 
without limitation, that your use is for the sole purpose of 
programming logic devices manufactured by Altera and sold by 
Altera or its authorized distributors.  Please refer to the 
applicable agreement for further details.



+---------------------------------------------------------------------------------------+
; Fitter Summary                                                                        ;
+------------------------------------+--------------------------------------------------+
; Fitter Status                      ; Successful - Wed Oct 15 12:32:06 2025            ;
; Quartus II 64-Bit Version          ; 13.0.1 Build 232 06/12/2013 SP 1 SJ Full Version ;
; Revision Name                      ; snake                                            ;
; Top-level Entity Name              ; snake                                            ;
; Family                             ; Cyclone IV E                                     ;
; Device                             ; EP4CE10F17C8                                     ;
; Timing Models                      ; Final                                            ;
; Total logic elements               ; 871 / 10,320 ( 8 % )                             ;
;     Total combinational functions  ; 824 / 10,320 ( 8 % )                             ;
;     Dedicated logic registers      ; 449 / 10,320 ( 4 % )                             ;
; Total registers                    ; 449                                              ;
; Total pins                         ; 26 / 180 ( 14 % )                                ;
; Total virtual pins                 ; 0                                                ;
; Total memory bits                  ; 2,560 / 423,936 ( < 1 % )                        ;
; Embedded Multiplier 9-bit elements ; 0 / 46 ( 0 % )                                   ;
; Total PLLs                         ; 1 / 2 ( 50 % )                                   ;
+------------------------------------+--------------------------------------------------+


+------------------------------------------------------------------------------------------------------------------------------------------------------------+
; Fitter Settings                                                                                                                                            ;
+----------------------------------------------------------------------------+---------------------------------------+---------------------------------------+
; Option                                                                     ; Setting                               ; Default Value                         ;
+----------------------------------------------------------------------------+---------------------------------------+---------------------------------------+
; Device                                                                     ; EP4CE10F17C8                          ;                                       ;
; Nominal Core Supply Voltage                                                ; 1.2V                                  ;                                       ;
; Minimum Core Junction Temperature                                          ; 0                                     ;                                       ;
; Maximum Core Junction Temperature                                          ; 85                                    ;                                       ;
; Fit Attempts to Skip                                                       ; 0                                     ; 0.0                                   ;
; Device I/O Standard                                                        ; 2.5 V                                 ;                                       ;
; Use smart compilation                                                      ; Off                                   ; Off                                   ;
; Enable parallel Assembler and TimeQuest Timing Analyzer during compilation ; On                                    ; On                                    ;
; Enable compact report table                                                ; Off                                   ; Off                                   ;
; Auto Merge PLLs                                                            ; On                                    ; On                                    ;
; Router Timing Optimization Level                                           ; Normal                                ; Normal                                ;
; Perform Clocking Topology Analysis During Routing                          ; Off                                   ; Off                                   ;
; Placement Effort Multiplier                                                ; 1.0                                   ; 1.0                                   ;
; Router Effort Multiplier                                                   ; 1.0                                   ; 1.0                                   ;
; Optimize Hold Timing                                                       ; All Paths                             ; All Paths                             ;
; Optimize Multi-Corner Timing                                               ; On                                    ; On                                    ;
; PowerPlay Power Optimization                                               ; Normal compilation                    ; Normal compilation                    ;
; SSN Optimization                                                           ; Off                                   ; Off                                   ;
; Optimize Timing                                                            ; Normal compilation                    ; Normal compilation                    ;
; Optimize Timing for ECOs                                                   ; Off                                   ; Off                                   ;
; Regenerate full fit report during ECO compiles                             ; Off                                   ; Off                                   ;
; Optimize IOC Register Placement for Timing                                 ; Normal                                ; Normal                                ;
; Limit to One Fitting Attempt                                               ; Off                                   ; Off                                   ;
; Final Placement Optimizations                                              ; Automatically                         ; Automatically                         ;
; Fitter Aggressive Routability Optimizations                                ; Automatically                         ; Automatically                         ;
; Fitter Initial Placement Seed                                              ; 1                                     ; 1                                     ;
; PCI I/O                                                                    ; Off                                   ; Off                                   ;
; Weak Pull-Up Resistor                                                      ; Off                                   ; Off                                   ;
; Enable Bus-Hold Circuitry                                                  ; Off                                   ; Off                                   ;
; Auto Packed Registers                                                      ; Auto                                  ; Auto                                  ;
; Auto Delay Chains                                                          ; On                                    ; On                                    ;
; Auto Delay Chains for High Fanout Input Pins                               ; Off                                   ; Off                                   ;
; Allow Single-ended Buffer for Differential-XSTL Input                      ; Off                                   ; Off                                   ;
; Treat Bidirectional Pin as Output Pin                                      ; Off                                   ; Off                                   ;
; Perform Physical Synthesis for Combinational Logic for Fitting             ; Off                                   ; Off                                   ;
; Perform Physical Synthesis for Combinational Logic for Performance         ; Off                                   ; Off                                   ;
; Perform Register Duplication for Performance                               ; Off                                   ; Off                                   ;
; Perform Logic to Memory Mapping for Fitting                                ; Off                                   ; Off                                   ;
; Perform Register Retiming for Performance                                  ; Off                                   ; Off                                   ;
; Perform Asynchronous Signal Pipelining                                     ; Off                                   ; Off                                   ;
; Fitter Effort                                                              ; Auto Fit                              ; Auto Fit                              ;
; Physical Synthesis Effort Level                                            ; Normal                                ; Normal                                ;
; Logic Cell Insertion - Logic Duplication                                   ; Auto                                  ; Auto                                  ;
; Auto Register Duplication                                                  ; Auto                                  ; Auto                                  ;
; Auto Global Clock                                                          ; On                                    ; On                                    ;
; Auto Global Register Control Signals                                       ; On                                    ; On                                    ;
; Reserve all unused pins                                                    ; As input tri-stated with weak pull-up ; As input tri-stated with weak pull-up ;
; Synchronizer Identification                                                ; Off                                   ; Off                                   ;
; Enable Beneficial Skew Optimization                                        ; On                                    ; On                                    ;
; Optimize Design for Metastability                                          ; On                                    ; On                                    ;
; Force Fitter to Avoid Periphery Placement Warnings                         ; Off                                   ; Off                                   ;
; Enable input tri-state on active configuration pins in user mode           ; Off                                   ; Off                                   ;
+----------------------------------------------------------------------------+---------------------------------------+---------------------------------------+


+------------------------------------------+
; Parallel Compilation                     ;
+----------------------------+-------------+
; Processors                 ; Number      ;
+----------------------------+-------------+
; Number detected on machine ; 28          ;
; Maximum allowed            ; 16          ;
;                            ;             ;
; Average used               ; 1.00        ;
; Maximum used               ; 16          ;
;                            ;             ;
; Usage by Processor         ; % Time Used ;
;     Processor 1            ; 100.0%      ;
;     Processors 2-16        ; < 0.1%      ;
;     Processors 17-28       ;   0.0%      ;
+----------------------------+-------------+


+-------------------------------------------------+
; I/O Assignment Warnings                         ;
+----------+--------------------------------------+
; Pin Name ; Reason                               ;
+----------+--------------------------------------+
; ds       ; Missing drive strength and slew rate ;
; oe       ; Missing drive strength and slew rate ;
; shcp     ; Missing drive strength and slew rate ;
; stcp     ; Missing drive strength and slew rate ;
; led      ; Missing drive strength and slew rate ;
; rgb[0]   ; Missing drive strength and slew rate ;
; rgb[1]   ; Missing drive strength and slew rate ;
; rgb[2]   ; Missing drive strength and slew rate ;
; rgb[3]   ; Missing drive strength and slew rate ;
; rgb[4]   ; Missing drive strength and slew rate ;
; rgb[5]   ; Missing drive strength and slew rate ;
; rgb[6]   ; Missing drive strength and slew rate ;
; rgb[7]   ; Missing drive strength and slew rate ;
; rgb[8]   ; Missing drive strength and slew rate ;
; rgb[9]   ; Missing drive strength and slew rate ;
; rgb[10]  ; Missing drive strength and slew rate ;
; rgb[11]  ; Missing drive strength and slew rate ;
; rgb[12]  ; Missing drive strength and slew rate ;
; rgb[13]  ; Missing drive strength and slew rate ;
; rgb[14]  ; Missing drive strength and slew rate ;
; rgb[15]  ; Missing drive strength and slew rate ;
; hsync    ; Missing drive strength and slew rate ;
; vsync    ; Missing drive strength and slew rate ;
+----------+--------------------------------------+


+----------------------------------------------+
; Incremental Compilation Preservation Summary ;
+---------------------+------------------------+
; Type                ; Value                  ;
+---------------------+------------------------+
; Placement (by node) ;                        ;
;     -- Requested    ; 0 / 1349 ( 0.00 % )    ;
;     -- Achieved     ; 0 / 1349 ( 0.00 % )    ;
;                     ;                        ;
; Routing (by net)    ;                        ;
;     -- Requested    ; 0 / 0 ( 0.00 % )       ;
;     -- Achieved     ; 0 / 0 ( 0.00 % )       ;
+---------------------+------------------------+


+----------------------------------------------------------------------------------------------------------------------------------------------------------------------------------------+
; Incremental Compilation Partition Settings                                                                                                                                             ;
+--------------------------------+----------------+-------------------+-------------------------+------------------------+------------------------------+--------------------------------+
; Partition Name                 ; Partition Type ; Netlist Type Used ; Preservation Level Used ; Netlist Type Requested ; Preservation Level Requested ; Contents                       ;
+--------------------------------+----------------+-------------------+-------------------------+------------------------+------------------------------+--------------------------------+
; Top                            ; User-created   ; Source File       ; N/A                     ; Source File            ; N/A                          ;                                ;
; hard_block:auto_generated_inst ; Auto-generated ; Source File       ; N/A                     ; Source File            ; N/A                          ; hard_block:auto_generated_inst ;
+--------------------------------+----------------+-------------------+-------------------------+------------------------+------------------------------+--------------------------------+


+------------------------------------------------------------------------------------------------------------+
; Incremental Compilation Placement Preservation                                                             ;
+--------------------------------+---------+-------------------+-------------------------+-------------------+
; Partition Name                 ; # Nodes ; # Preserved Nodes ; Preservation Level Used ; Netlist Type Used ;
+--------------------------------+---------+-------------------+-------------------------+-------------------+
; Top                            ; 1337    ; 0                 ; N/A                     ; Source File       ;
; hard_block:auto_generated_inst ; 12      ; 0                 ; N/A                     ; Source File       ;
+--------------------------------+---------+-------------------+-------------------------+-------------------+


+--------------+
; Pin-Out File ;
+--------------+
The pin-out file can be found in D:/fpga_code/personal_code/snake/quartus_prj/output_files/snake.pin.


+-------------------------------------------------------------------------+
; Fitter Resource Usage Summary                                           ;
+---------------------------------------------+---------------------------+
; Resource                                    ; Usage                     ;
+---------------------------------------------+---------------------------+
; Total logic elements                        ; 871 / 10,320 ( 8 % )      ;
;     -- Combinational with no register       ; 422                       ;
;     -- Register only                        ; 47                        ;
;     -- Combinational with a register        ; 402                       ;
;                                             ;                           ;
; Logic element usage by number of LUT inputs ;                           ;
;     -- 4 input functions                    ; 344                       ;
;     -- 3 input functions                    ; 177                       ;
;     -- <=2 input functions                  ; 303                       ;
;     -- Register only                        ; 47                        ;
;                                             ;                           ;
; Logic elements by mode                      ;                           ;
;     -- normal mode                          ; 629                       ;
;     -- arithmetic mode                      ; 195                       ;
;                                             ;                           ;
; Total registers*                            ; 449 / 11,172 ( 4 % )      ;
;     -- Dedicated logic registers            ; 449 / 10,320 ( 4 % )      ;
;     -- I/O registers                        ; 0 / 852 ( 0 % )           ;
;                                             ;                           ;
; Total LABs:  partially or completely used   ; 66 / 645 ( 10 % )         ;
; Virtual pins                                ; 0                         ;
; I/O pins                                    ; 26 / 180 ( 14 % )         ;
;     -- Clock pins                           ; 2 / 3 ( 67 % )            ;
;     -- Dedicated input pins                 ; 0 / 9 ( 0 % )             ;
;                                             ;                           ;
; Global signals                              ; 4                         ;
; M9Ks                                        ; 2 / 46 ( 4 % )            ;
; Total block memory bits                     ; 2,560 / 423,936 ( < 1 % ) ;
; Total block memory implementation bits      ; 18,432 / 423,936 ( 4 % )  ;
; Embedded Multiplier 9-bit elements          ; 0 / 46 ( 0 % )            ;
; PLLs                                        ; 1 / 2 ( 50 % )            ;
; Global clocks                               ; 4 / 10 ( 40 % )           ;
; JTAGs                                       ; 0 / 1 ( 0 % )             ;
; CRC blocks                                  ; 0 / 1 ( 0 % )             ;
; ASMI blocks                                 ; 0 / 1 ( 0 % )             ;
; Impedance control blocks                    ; 0 / 4 ( 0 % )             ;
; Average interconnect usage (total/H/V)      ; 1% / 1% / 0%              ;
; Peak interconnect usage (total/H/V)         ; 3% / 3% / 2%              ;
; Maximum fan-out                             ; 440                       ;
; Highest non-global fan-out                  ; 51                        ;
; Total fan-out                               ; 4154                      ;
; Average fan-out                             ; 3.02                      ;
+---------------------------------------------+---------------------------+
*  Register count does not include registers inside RAM blocks or DSP blocks.



+----------------------------------------------------------------------------------------------------+
; Fitter Partition Statistics                                                                        ;
+---------------------------------------------+---------------------+--------------------------------+
; Statistic                                   ; Top                 ; hard_block:auto_generated_inst ;
+---------------------------------------------+---------------------+--------------------------------+
; Difficulty Clustering Region                ; Low                 ; Low                            ;
;                                             ;                     ;                                ;
; Total logic elements                        ; 871 / 10320 ( 8 % ) ; 0 / 10320 ( 0 % )              ;
;     -- Combinational with no register       ; 422                 ; 0                              ;
;     -- Register only                        ; 47                  ; 0                              ;
;     -- Combinational with a register        ; 402                 ; 0                              ;
;                                             ;                     ;                                ;
; Logic element usage by number of LUT inputs ;                     ;                                ;
;     -- 4 input functions                    ; 344                 ; 0                              ;
;     -- 3 input functions                    ; 177                 ; 0                              ;
;     -- <=2 input functions                  ; 303                 ; 0                              ;
;     -- Register only                        ; 47                  ; 0                              ;
;                                             ;                     ;                                ;
; Logic elements by mode                      ;                     ;                                ;
;     -- normal mode                          ; 629                 ; 0                              ;
;     -- arithmetic mode                      ; 195                 ; 0                              ;
;                                             ;                     ;                                ;
; Total registers                             ; 449                 ; 0                              ;
;     -- Dedicated logic registers            ; 449 / 10320 ( 4 % ) ; 0 / 10320 ( 0 % )              ;
;                                             ;                     ;                                ;
; Total LABs:  partially or completely used   ; 66 / 645 ( 10 % )   ; 0 / 645 ( 0 % )                ;
;                                             ;                     ;                                ;
; Virtual pins                                ; 0                   ; 0                              ;
; I/O pins                                    ; 26                  ; 0                              ;
; Embedded Multiplier 9-bit elements          ; 0 / 46 ( 0 % )      ; 0 / 46 ( 0 % )                 ;
; Total memory bits                           ; 2560                ; 0                              ;
; Total RAM block bits                        ; 18432               ; 0                              ;
; PLL                                         ; 0 / 2 ( 0 % )       ; 1 / 2 ( 50 % )                 ;
; M9K                                         ; 2 / 46 ( 4 % )      ; 0 / 46 ( 0 % )                 ;
; Clock control block                         ; 3 / 12 ( 25 % )     ; 1 / 12 ( 8 % )                 ;
;                                             ;                     ;                                ;
; Connections                                 ;                     ;                                ;
;     -- Input Connections                    ; 203                 ; 2                              ;
;     -- Registered Input Connections         ; 199                 ; 0                              ;
;     -- Output Connections                   ; 2                   ; 203                            ;
;     -- Registered Output Connections        ; 0                   ; 0                              ;
;                                             ;                     ;                                ;
; Internal Connections                        ;                     ;                                ;
;     -- Total Connections                    ; 4154                ; 212                            ;
;     -- Registered Connections               ; 1605                ; 0                              ;
;                                             ;                     ;                                ;
; External Connections                        ;                     ;                                ;
;     -- Top                                  ; 0                   ; 205                            ;
;     -- hard_block:auto_generated_inst       ; 205                 ; 0                              ;
;                                             ;                     ;                                ;
; Partition Interface                         ;                     ;                                ;
;     -- Input Ports                          ; 3                   ; 2                              ;
;     -- Output Ports                         ; 23                  ; 2                              ;
;     -- Bidir Ports                          ; 0                   ; 0                              ;
;                                             ;                     ;                                ;
; Registered Ports                            ;                     ;                                ;
;     -- Registered Input Ports               ; 0                   ; 0                              ;
;     -- Registered Output Ports              ; 0                   ; 0                              ;
;                                             ;                     ;                                ;
; Port Connectivity                           ;                     ;                                ;
;     -- Input Ports driven by GND            ; 0                   ; 0                              ;
;     -- Output Ports driven by GND           ; 0                   ; 0                              ;
;     -- Input Ports driven by VCC            ; 0                   ; 0                              ;
;     -- Output Ports driven by VCC           ; 0                   ; 0                              ;
;     -- Input Ports with no Source           ; 0                   ; 0                              ;
;     -- Output Ports with no Source          ; 0                   ; 0                              ;
;     -- Input Ports with no Fanout           ; 0                   ; 0                              ;
;     -- Output Ports with no Fanout          ; 0                   ; 0                              ;
+---------------------------------------------+---------------------+--------------------------------+


+--------------------------------------------------------------------------------------------------------------------------------------------------------------------------------------------------------------------------------------------------------------------------------+
; Input Pins                                                                                                                                                                                                                                                                     ;
+-----------+-------+----------+--------------+--------------+--------------+-----------------------+--------------------+--------+----------------+---------------+-----------------+----------+--------------+--------------+---------------------------+----------------------+
; Name      ; Pin # ; I/O Bank ; X coordinate ; Y coordinate ; Z coordinate ; Combinational Fan-Out ; Registered Fan-Out ; Global ; Input Register ; Power Up High ; PCI I/O Enabled ; Bus Hold ; Weak Pull Up ; I/O Standard ; Termination Control Block ; Location assigned by ;
+-----------+-------+----------+--------------+--------------+--------------+-----------------------+--------------------+--------+----------------+---------------+-----------------+----------+--------------+--------------+---------------------------+----------------------+
; inf_in    ; G16   ; 6        ; 34           ; 17           ; 21           ; 1                     ; 0                  ; no     ; no             ; no            ; yes             ; no       ; Off          ; 2.5 V        ; --                        ; User                 ;
; sys_clk   ; E1    ; 1        ; 0            ; 11           ; 7            ; 251                   ; 0                  ; yes    ; no             ; no            ; yes             ; no       ; Off          ; 2.5 V        ; --                        ; User                 ;
; sys_rst_n ; M15   ; 5        ; 34           ; 12           ; 14           ; 3                     ; 0                  ; yes    ; no             ; no            ; yes             ; no       ; Off          ; 2.5 V        ; --                        ; User                 ;
+-----------+-------+----------+--------------+--------------+--------------+-----------------------+--------------------+--------+----------------+---------------+-----------------+----------+--------------+--------------+---------------------------+----------------------+


+----------------------------------------------------------------------------------------------------------------------------------------------------------------------------------------------------------------------------------------------------------------------------------------------------------------------------------------------------------------------------------------------------------------------------------------------------------+
; Output Pins                                                                                                                                                                                                                                                                                                                                                                                                                                              ;
+---------+-------+----------+--------------+--------------+--------------+-----------------+------------------------+---------------+-----------+-----------------+------------+---------------+----------+--------------+--------------+------------------+-----------------------------------+---------------------------+----------------------------+-----------------------------+----------------------+----------------------+---------------------+
; Name    ; Pin # ; I/O Bank ; X coordinate ; Y coordinate ; Z coordinate ; Output Register ; Output Enable Register ; Power Up High ; Slew Rate ; PCI I/O Enabled ; Open Drain ; TRI Primitive ; Bus Hold ; Weak Pull Up ; I/O Standard ; Current Strength ; Termination                       ; Termination Control Block ; Output Buffer Pre-emphasis ; Voltage Output Differential ; Location assigned by ; Output Enable Source ; Output Enable Group ;
+---------+-------+----------+--------------+--------------+--------------+-----------------+------------------------+---------------+-----------+-----------------+------------+---------------+----------+--------------+--------------+------------------+-----------------------------------+---------------------------+----------------------------+-----------------------------+----------------------+----------------------+---------------------+
; ds      ; R1    ; 2        ; 0            ; 5            ; 21           ; no              ; no                     ; no            ; 2         ; no              ; no         ; no            ; no       ; Off          ; 2.5 V        ; Default          ; Series 50 Ohm without Calibration ; --                        ; no                         ; no                          ; User                 ; -                    ; -                   ;
; hsync   ; C2    ; 1        ; 0            ; 22           ; 14           ; no              ; no                     ; no            ; 2         ; no              ; no         ; no            ; no       ; Off          ; 2.5 V        ; Default          ; Series 50 Ohm without Calibration ; --                        ; no                         ; no                          ; User                 ; -                    ; -                   ;
; led     ; L7    ; 3        ; 11           ; 0            ; 7            ; no              ; no                     ; no            ; 2         ; no              ; no         ; no            ; no       ; Off          ; 2.5 V        ; Default          ; Series 50 Ohm without Calibration ; --                        ; no                         ; no                          ; User                 ; -                    ; -                   ;
; oe      ; L11   ; 4        ; 32           ; 0            ; 14           ; no              ; no                     ; no            ; 2         ; no              ; no         ; no            ; no       ; Off          ; 2.5 V        ; Default          ; Series 50 Ohm without Calibration ; --                        ; no                         ; no                          ; User                 ; -                    ; -                   ;
; rgb[0]  ; B4    ; 8        ; 5            ; 24           ; 21           ; no              ; no                     ; no            ; 2         ; no              ; no         ; no            ; no       ; Off          ; 2.5 V        ; Default          ; Series 50 Ohm without Calibration ; --                        ; no                         ; no                          ; User                 ; -                    ; -                   ;
; rgb[10] ; F8    ; 8        ; 13           ; 24           ; 21           ; no              ; no                     ; no            ; 2         ; no              ; no         ; no            ; no       ; Off          ; 2.5 V        ; Default          ; Series 50 Ohm without Calibration ; --                        ; no                         ; no                          ; User                 ; -                    ; -                   ;
; rgb[11] ; A8    ; 8        ; 16           ; 24           ; 14           ; no              ; no                     ; no            ; 2         ; no              ; no         ; no            ; no       ; Off          ; 2.5 V        ; Default          ; Series 50 Ohm without Calibration ; --                        ; no                         ; no                          ; User                 ; -                    ; -                   ;
; rgb[12] ; B8    ; 8        ; 16           ; 24           ; 21           ; no              ; no                     ; no            ; 2         ; no              ; no         ; no            ; no       ; Off          ; 2.5 V        ; Default          ; Series 50 Ohm without Calibration ; --                        ; no                         ; no                          ; User                 ; -                    ; -                   ;
; rgb[13] ; E7    ; 8        ; 7            ; 24           ; 0            ; no              ; no                     ; no            ; 2         ; no              ; no         ; no            ; no       ; Off          ; 2.5 V        ; Default          ; Series 50 Ohm without Calibration ; --                        ; no                         ; no                          ; User                 ; -                    ; -                   ;
; rgb[14] ; E6    ; 8        ; 7            ; 24           ; 7            ; no              ; no                     ; no            ; 2         ; no              ; no         ; no            ; no       ; Off          ; 2.5 V        ; Default          ; Series 50 Ohm without Calibration ; --                        ; no                         ; no                          ; User                 ; -                    ; -                   ;
; rgb[15] ; A5    ; 8        ; 7            ; 24           ; 14           ; no              ; no                     ; no            ; 2         ; no              ; no         ; no            ; no       ; Off          ; 2.5 V        ; Default          ; Series 50 Ohm without Calibration ; --                        ; no                         ; no                          ; User                 ; -                    ; -                   ;
; rgb[1]  ; A2    ; 8        ; 5            ; 24           ; 0            ; no              ; no                     ; no            ; 2         ; no              ; no         ; no            ; no       ; Off          ; 2.5 V        ; Default          ; Series 50 Ohm without Calibration ; --                        ; no                         ; no                          ; User                 ; -                    ; -                   ;
; rgb[2]  ; B5    ; 8        ; 5            ; 24           ; 7            ; no              ; no                     ; no            ; 2         ; no              ; no         ; no            ; no       ; Off          ; 2.5 V        ; Default          ; Series 50 Ohm without Calibration ; --                        ; no                         ; no                          ; User                 ; -                    ; -                   ;
; rgb[3]  ; A6    ; 8        ; 9            ; 24           ; 14           ; no              ; no                     ; no            ; 2         ; no              ; no         ; no            ; no       ; Off          ; 2.5 V        ; Default          ; Series 50 Ohm without Calibration ; --                        ; no                         ; no                          ; User                 ; -                    ; -                   ;
; rgb[4]  ; B6    ; 8        ; 9            ; 24           ; 21           ; no              ; no                     ; no            ; 2         ; no              ; no         ; no            ; no       ; Off          ; 2.5 V        ; Default          ; Series 50 Ohm without Calibration ; --                        ; no                         ; no                          ; User                 ; -                    ; -                   ;
; rgb[5]  ; F6    ; 8        ; 11           ; 24           ; 14           ; no              ; no                     ; no            ; 2         ; no              ; no         ; no            ; no       ; Off          ; 2.5 V        ; Default          ; Series 50 Ohm without Calibration ; --                        ; no                         ; no                          ; User                 ; -                    ; -                   ;
; rgb[6]  ; F7    ; 8        ; 11           ; 24           ; 21           ; no              ; no                     ; no            ; 2         ; no              ; no         ; no            ; no       ; Off          ; 2.5 V        ; Default          ; Series 50 Ohm without Calibration ; --                        ; no                         ; no                          ; User                 ; -                    ; -                   ;
; rgb[7]  ; A7    ; 8        ; 11           ; 24           ; 0            ; no              ; no                     ; no            ; 2         ; no              ; no         ; no            ; no       ; Off          ; 2.5 V        ; Default          ; Series 50 Ohm without Calibration ; --                        ; no                         ; no                          ; User                 ; -                    ; -                   ;
; rgb[8]  ; B7    ; 8        ; 11           ; 24           ; 7            ; no              ; no                     ; no            ; 2         ; no              ; no         ; no            ; no       ; Off          ; 2.5 V        ; Default          ; Series 50 Ohm without Calibration ; --                        ; no                         ; no                          ; User                 ; -                    ; -                   ;
; rgb[9]  ; E8    ; 8        ; 13           ; 24           ; 14           ; no              ; no                     ; no            ; 2         ; no              ; no         ; no            ; no       ; Off          ; 2.5 V        ; Default          ; Series 50 Ohm without Calibration ; --                        ; no                         ; no                          ; User                 ; -                    ; -                   ;
; shcp    ; B1    ; 1        ; 0            ; 22           ; 0            ; no              ; no                     ; no            ; 2         ; no              ; no         ; no            ; no       ; Off          ; 2.5 V        ; Default          ; Series 50 Ohm without Calibration ; --                        ; no                         ; no                          ; User                 ; -                    ; -                   ;
; stcp    ; K9    ; 4        ; 18           ; 0            ; 7            ; no              ; no                     ; no            ; 2         ; no              ; no         ; no            ; no       ; Off          ; 2.5 V        ; Default          ; Series 50 Ohm without Calibration ; --                        ; no                         ; no                          ; User                 ; -                    ; -                   ;
; vsync   ; D1    ; 1        ; 0            ; 21           ; 21           ; no              ; no                     ; no            ; 2         ; no              ; no         ; no            ; no       ; Off          ; 2.5 V        ; Default          ; Series 50 Ohm without Calibration ; --                        ; no                         ; no                          ; User                 ; -                    ; -                   ;
+---------+-------+----------+--------------+--------------+--------------+-----------------+------------------------+---------------+-----------+-----------------+------------+---------------+----------+--------------+--------------+------------------+-----------------------------------+---------------------------+----------------------------+-----------------------------+----------------------+----------------------+---------------------+


+-------------------------------------------------------------------------------------------------------------------------+
; Dual Purpose and Dedicated Pins                                                                                         ;
+----------+-----------------------------+--------------------------+-------------------------+---------------------------+
; Location ; Pin Name                    ; Reserved As              ; User Signal Name        ; Pin Type                  ;
+----------+-----------------------------+--------------------------+-------------------------+---------------------------+
; C1       ; DIFFIO_L1n, DATA1, ASDO     ; As input tri-stated      ; ~ALTERA_ASDO_DATA1~     ; Dual Purpose Pin          ;
; D2       ; DIFFIO_L2p, FLASH_nCE, nCSO ; As input tri-stated      ; ~ALTERA_FLASH_nCE_nCSO~ ; Dual Purpose Pin          ;
; F4       ; nSTATUS                     ; -                        ; -                       ; Dedicated Programming Pin ;
; H1       ; DCLK                        ; As output driving ground ; ~ALTERA_DCLK~           ; Dual Purpose Pin          ;
; H2       ; DATA0                       ; As input tri-stated      ; ~ALTERA_DATA0~          ; Dual Purpose Pin          ;
; H5       ; nCONFIG                     ; -                        ; -                       ; Dedicated Programming Pin ;
; J3       ; nCE                         ; -                        ; -                       ; Dedicated Programming Pin ;
; H14      ; CONF_DONE                   ; -                        ; -                       ; Dedicated Programming Pin ;
; H13      ; MSEL0                       ; -                        ; -                       ; Dedicated Programming Pin ;
; H12      ; MSEL1                       ; -                        ; -                       ; Dedicated Programming Pin ;
; G12      ; MSEL2                       ; -                        ; -                       ; Dedicated Programming Pin ;
; G12      ; MSEL3                       ; -                        ; -                       ; Dedicated Programming Pin ;
; G16      ; DIFFIO_R4n, INIT_DONE       ; Use as regular IO        ; inf_in                  ; Dual Purpose Pin          ;
; F16      ; DIFFIO_R3n, nCEO            ; Use as programming pin   ; ~ALTERA_nCEO~           ; Dual Purpose Pin          ;
; E8       ; DIFFIO_T10n, DATA2          ; Use as regular IO        ; rgb[9]                  ; Dual Purpose Pin          ;
; F8       ; DIFFIO_T10p, DATA3          ; Use as regular IO        ; rgb[10]                 ; Dual Purpose Pin          ;
; B7       ; DIFFIO_T9p, DATA4           ; Use as regular IO        ; rgb[8]                  ; Dual Purpose Pin          ;
; E7       ; DATA5                       ; Use as regular IO        ; rgb[13]                 ; Dual Purpose Pin          ;
; E6       ; DATA6                       ; Use as regular IO        ; rgb[14]                 ; Dual Purpose Pin          ;
; A5       ; DIFFIO_T6n, DATA7           ; Use as regular IO        ; rgb[15]                 ; Dual Purpose Pin          ;
+----------+-----------------------------+--------------------------+-------------------------+---------------------------+


+------------------------------------------------------------+
; I/O Bank Usage                                             ;
+----------+------------------+---------------+--------------+
; I/O Bank ; Usage            ; VCCIO Voltage ; VREF Voltage ;
+----------+------------------+---------------+--------------+
; 1        ; 8 / 17 ( 47 % )  ; 2.5V          ; --           ;
; 2        ; 1 / 19 ( 5 % )   ; 2.5V          ; --           ;
; 3        ; 1 / 26 ( 4 % )   ; 2.5V          ; --           ;
; 4        ; 2 / 27 ( 7 % )   ; 2.5V          ; --           ;
; 5        ; 1 / 25 ( 4 % )   ; 2.5V          ; --           ;
; 6        ; 2 / 14 ( 14 % )  ; 2.5V          ; --           ;
; 7        ; 0 / 26 ( 0 % )   ; 2.5V          ; --           ;
; 8        ; 16 / 26 ( 62 % ) ; 2.5V          ; --           ;
+----------+------------------+---------------+--------------+


+-----------------------------------------------------------------------------------------------------------------------------------------------------------------------------------------+
; All Package Pins                                                                                                                                                                        ;
+----------+------------+----------+-----------------------------------------------------------+--------+--------------+---------+------------+-----------------+----------+--------------+
; Location ; Pad Number ; I/O Bank ; Pin Name/Usage                                            ; Dir.   ; I/O Standard ; Voltage ; I/O Type   ; User Assignment ; Bus Hold ; Weak Pull Up ;
+----------+------------+----------+-----------------------------------------------------------+--------+--------------+---------+------------+-----------------+----------+--------------+
; A1       ;            ; 8        ; VCCIO8                                                    ; power  ;              ; 2.5V    ; --         ;                 ; --       ; --           ;
; A2       ; 194        ; 8        ; rgb[1]                                                    ; output ; 2.5 V        ;         ; Column I/O ; Y               ; no       ; Off          ;
; A3       ; 200        ; 8        ; RESERVED_INPUT_WITH_WEAK_PULLUP                           ;        ;              ;         ; Column I/O ;                 ; no       ; On           ;
; A4       ; 196        ; 8        ; RESERVED_INPUT_WITH_WEAK_PULLUP                           ;        ;              ;         ; Column I/O ;                 ; no       ; On           ;
; A5       ; 192        ; 8        ; rgb[15]                                                   ; output ; 2.5 V        ;         ; Column I/O ; Y               ; no       ; Off          ;
; A6       ; 188        ; 8        ; rgb[3]                                                    ; output ; 2.5 V        ;         ; Column I/O ; Y               ; no       ; Off          ;
; A7       ; 183        ; 8        ; rgb[7]                                                    ; output ; 2.5 V        ;         ; Column I/O ; Y               ; no       ; Off          ;
; A8       ; 177        ; 8        ; rgb[11]                                                   ; output ; 2.5 V        ;         ; Column I/O ; Y               ; no       ; Off          ;
; A9       ; 175        ; 7        ; RESERVED_INPUT_WITH_WEAK_PULLUP                           ;        ;              ;         ; Column I/O ;                 ; no       ; On           ;
; A10      ; 168        ; 7        ; RESERVED_INPUT_WITH_WEAK_PULLUP                           ;        ;              ;         ; Column I/O ;                 ; no       ; On           ;
; A11      ; 161        ; 7        ; RESERVED_INPUT_WITH_WEAK_PULLUP                           ;        ;              ;         ; Column I/O ;                 ; no       ; On           ;
; A12      ; 159        ; 7        ; RESERVED_INPUT_WITH_WEAK_PULLUP                           ;        ;              ;         ; Column I/O ;                 ; no       ; On           ;
; A13      ; 153        ; 7        ; RESERVED_INPUT_WITH_WEAK_PULLUP                           ;        ;              ;         ; Column I/O ;                 ; no       ; On           ;
; A14      ; 155        ; 7        ; RESERVED_INPUT_WITH_WEAK_PULLUP                           ;        ;              ;         ; Column I/O ;                 ; no       ; On           ;
; A15      ; 167        ; 7        ; RESERVED_INPUT_WITH_WEAK_PULLUP                           ;        ;              ;         ; Column I/O ;                 ; no       ; On           ;
; A16      ;            ; 7        ; VCCIO7                                                    ; power  ;              ; 2.5V    ; --         ;                 ; --       ; --           ;
; B1       ; 3          ; 1        ; shcp                                                      ; output ; 2.5 V        ;         ; Row I/O    ; Y               ; no       ; Off          ;
; B2       ;            ;          ; GND                                                       ; gnd    ;              ;         ; --         ;                 ; --       ; --           ;
; B3       ; 201        ; 8        ; RESERVED_INPUT_WITH_WEAK_PULLUP                           ;        ;              ;         ; Column I/O ;                 ; no       ; On           ;
; B4       ; 197        ; 8        ; rgb[0]                                                    ; output ; 2.5 V        ;         ; Column I/O ; Y               ; no       ; Off          ;
; B5       ; 195        ; 8        ; rgb[2]                                                    ; output ; 2.5 V        ;         ; Column I/O ; Y               ; no       ; Off          ;
; B6       ; 189        ; 8        ; rgb[4]                                                    ; output ; 2.5 V        ;         ; Column I/O ; Y               ; no       ; Off          ;
; B7       ; 184        ; 8        ; rgb[8]                                                    ; output ; 2.5 V        ;         ; Column I/O ; Y               ; no       ; Off          ;
; B8       ; 178        ; 8        ; rgb[12]                                                   ; output ; 2.5 V        ;         ; Column I/O ; Y               ; no       ; Off          ;
; B9       ; 176        ; 7        ; RESERVED_INPUT_WITH_WEAK_PULLUP                           ;        ;              ;         ; Column I/O ;                 ; no       ; On           ;
; B10      ; 169        ; 7        ; RESERVED_INPUT_WITH_WEAK_PULLUP                           ;        ;              ;         ; Column I/O ;                 ; no       ; On           ;
; B11      ; 162        ; 7        ; RESERVED_INPUT_WITH_WEAK_PULLUP                           ;        ;              ;         ; Column I/O ;                 ; no       ; On           ;
; B12      ; 160        ; 7        ; RESERVED_INPUT_WITH_WEAK_PULLUP                           ;        ;              ;         ; Column I/O ;                 ; no       ; On           ;
; B13      ; 154        ; 7        ; RESERVED_INPUT_WITH_WEAK_PULLUP                           ;        ;              ;         ; Column I/O ;                 ; no       ; On           ;
; B14      ; 156        ; 7        ; RESERVED_INPUT_WITH_WEAK_PULLUP                           ;        ;              ;         ; Column I/O ;                 ; no       ; On           ;
; B15      ;            ;          ; GND                                                       ; gnd    ;              ;         ; --         ;                 ; --       ; --           ;
; B16      ; 141        ; 6        ; RESERVED_INPUT_WITH_WEAK_PULLUP                           ;        ;              ;         ; Row I/O    ;                 ; no       ; On           ;
; C1       ; 5          ; 1        ; ~ALTERA_ASDO_DATA1~ / RESERVED_INPUT_WITH_WEAK_PULLUP     ; input  ; 2.5 V        ;         ; Row I/O    ; N               ; no       ; On           ;
; C2       ; 4          ; 1        ; hsync                                                     ; output ; 2.5 V        ;         ; Row I/O    ; Y               ; no       ; Off          ;
; C3       ; 202        ; 8        ; RESERVED_INPUT_WITH_WEAK_PULLUP                           ;        ;              ;         ; Column I/O ;                 ; no       ; On           ;
; C4       ;            ; 8        ; VCCIO8                                                    ; power  ;              ; 2.5V    ; --         ;                 ; --       ; --           ;
; C5       ;            ;          ; GND                                                       ; gnd    ;              ;         ; --         ;                 ; --       ; --           ;
; C6       ; 187        ; 8        ; RESERVED_INPUT_WITH_WEAK_PULLUP                           ;        ;              ;         ; Column I/O ;                 ; --       ; --           ;
; C7       ;            ; 8        ; VCCIO8                                                    ; power  ;              ; 2.5V    ; --         ;                 ; --       ; --           ;
; C8       ; 179        ; 8        ; RESERVED_INPUT_WITH_WEAK_PULLUP                           ;        ;              ;         ; Column I/O ;                 ; no       ; On           ;
; C9       ; 172        ; 7        ; RESERVED_INPUT_WITH_WEAK_PULLUP                           ;        ;              ;         ; Column I/O ;                 ; no       ; On           ;
; C10      ;            ; 7        ; VCCIO7                                                    ; power  ;              ; 2.5V    ; --         ;                 ; --       ; --           ;
; C11      ; 163        ; 7        ; RESERVED_INPUT_WITH_WEAK_PULLUP                           ;        ;              ;         ; Column I/O ;                 ; --       ; --           ;
; C12      ;            ;          ; GND                                                       ; gnd    ;              ;         ; --         ;                 ; --       ; --           ;
; C13      ;            ; 7        ; VCCIO7                                                    ; power  ;              ; 2.5V    ; --         ;                 ; --       ; --           ;
; C14      ; 149        ; 7        ; RESERVED_INPUT_WITH_WEAK_PULLUP                           ;        ;              ;         ; Column I/O ;                 ; no       ; On           ;
; C15      ; 147        ; 6        ; RESERVED_INPUT_WITH_WEAK_PULLUP                           ;        ;              ;         ; Row I/O    ;                 ; no       ; On           ;
; C16      ; 146        ; 6        ; RESERVED_INPUT_WITH_WEAK_PULLUP                           ;        ;              ;         ; Row I/O    ;                 ; no       ; On           ;
; D1       ; 8          ; 1        ; vsync                                                     ; output ; 2.5 V        ;         ; Row I/O    ; Y               ; no       ; Off          ;
; D2       ; 7          ; 1        ; ~ALTERA_FLASH_nCE_nCSO~ / RESERVED_INPUT_WITH_WEAK_PULLUP ; input  ; 2.5 V        ;         ; Row I/O    ; N               ; no       ; On           ;
; D3       ; 203        ; 8        ; RESERVED_INPUT_WITH_WEAK_PULLUP                           ;        ;              ;         ; Column I/O ;                 ; no       ; On           ;
; D4       ; 0          ; 1        ; RESERVED_INPUT_WITH_WEAK_PULLUP                           ;        ;              ;         ; Row I/O    ;                 ; no       ; On           ;
; D5       ; 198        ; 8        ; RESERVED_INPUT_WITH_WEAK_PULLUP                           ;        ;              ;         ; Column I/O ;                 ; no       ; On           ;
; D6       ; 199        ; 8        ; RESERVED_INPUT_WITH_WEAK_PULLUP                           ;        ;              ;         ; Column I/O ;                 ; no       ; On           ;
; D7       ;            ;          ; GND                                                       ; gnd    ;              ;         ; --         ;                 ; --       ; --           ;
; D8       ; 180        ; 8        ; RESERVED_INPUT_WITH_WEAK_PULLUP                           ;        ;              ;         ; Column I/O ;                 ; no       ; On           ;
; D9       ; 173        ; 7        ; RESERVED_INPUT_WITH_WEAK_PULLUP                           ;        ;              ;         ; Column I/O ;                 ; no       ; On           ;
; D10      ;            ;          ; GND                                                       ; gnd    ;              ;         ; --         ;                 ; --       ; --           ;
; D11      ; 151        ; 7        ; RESERVED_INPUT_WITH_WEAK_PULLUP                           ;        ;              ;         ; Column I/O ;                 ; no       ; On           ;
; D12      ; 152        ; 7        ; RESERVED_INPUT_WITH_WEAK_PULLUP                           ;        ;              ;         ; Column I/O ;                 ; no       ; On           ;
; D13      ;            ;          ; VCCD_PLL2                                                 ; power  ;              ; 1.2V    ; --         ;                 ; --       ; --           ;
; D14      ; 150        ; 7        ; RESERVED_INPUT_WITH_WEAK_PULLUP                           ;        ;              ;         ; Column I/O ;                 ; no       ; On           ;
; D15      ; 144        ; 6        ; RESERVED_INPUT_WITH_WEAK_PULLUP                           ;        ;              ;         ; Row I/O    ;                 ; no       ; On           ;
; D16      ; 143        ; 6        ; RESERVED_INPUT_WITH_WEAK_PULLUP                           ;        ;              ;         ; Row I/O    ;                 ; no       ; On           ;
; E1       ; 24         ; 1        ; sys_clk                                                   ; input  ; 2.5 V        ;         ; Row I/O    ; Y               ; no       ; Off          ;
; E2       ;            ;          ; GND                                                       ; gnd    ;              ;         ; --         ;                 ; --       ; --           ;
; E3       ;            ; 1        ; VCCIO1                                                    ; power  ;              ; 2.5V    ; --         ;                 ; --       ; --           ;
; E4       ;            ;          ; GND                                                       ; gnd    ;              ;         ; --         ;                 ; --       ; --           ;
; E5       ; 1          ; 1        ; RESERVED_INPUT_WITH_WEAK_PULLUP                           ;        ;              ;         ; Row I/O    ;                 ; no       ; On           ;
; E6       ; 191        ; 8        ; rgb[14]                                                   ; output ; 2.5 V        ;         ; Column I/O ; Y               ; no       ; Off          ;
; E7       ; 190        ; 8        ; rgb[13]                                                   ; output ; 2.5 V        ;         ; Column I/O ; Y               ; no       ; Off          ;
; E8       ; 181        ; 8        ; rgb[9]                                                    ; output ; 2.5 V        ;         ; Column I/O ; Y               ; no       ; Off          ;
; E9       ; 174        ; 7        ; RESERVED_INPUT_WITH_WEAK_PULLUP                           ;        ;              ;         ; Column I/O ;                 ; no       ; On           ;
; E10      ; 158        ; 7        ; RESERVED_INPUT_WITH_WEAK_PULLUP                           ;        ;              ;         ; Column I/O ;                 ; no       ; On           ;
; E11      ; 157        ; 7        ; RESERVED_INPUT_WITH_WEAK_PULLUP                           ;        ;              ;         ; Column I/O ;                 ; no       ; On           ;
; E12      ;            ;          ; GNDA2                                                     ; gnd    ;              ;         ; --         ;                 ; --       ; --           ;
; E13      ;            ;          ; GND                                                       ; gnd    ;              ;         ; --         ;                 ; --       ; --           ;
; E14      ;            ; 6        ; VCCIO6                                                    ; power  ;              ; 2.5V    ; --         ;                 ; --       ; --           ;
; E15      ; 128        ; 6        ; GND+                                                      ;        ;              ;         ; Row I/O    ;                 ; --       ; --           ;
; E16      ; 127        ; 6        ; GND+                                                      ;        ;              ;         ; Row I/O    ;                 ; --       ; --           ;
; F1       ; 12         ; 1        ; RESERVED_INPUT_WITH_WEAK_PULLUP                           ;        ;              ;         ; Row I/O    ;                 ; no       ; On           ;
; F2       ; 11         ; 1        ; RESERVED_INPUT_WITH_WEAK_PULLUP                           ;        ;              ;         ; Row I/O    ;                 ; no       ; On           ;
; F3       ; 6          ; 1        ; RESERVED_INPUT_WITH_WEAK_PULLUP                           ;        ;              ;         ; Row I/O    ;                 ; --       ; --           ;
; F4       ; 9          ; 1        ; ^nSTATUS                                                  ;        ;              ;         ; --         ;                 ; --       ; --           ;
; F5       ; 2          ; 1        ; RESERVED_INPUT_WITH_WEAK_PULLUP                           ;        ;              ;         ; Row I/O    ;                 ; no       ; On           ;
; F6       ; 185        ; 8        ; rgb[5]                                                    ; output ; 2.5 V        ;         ; Column I/O ; Y               ; no       ; Off          ;
; F7       ; 186        ; 8        ; rgb[6]                                                    ; output ; 2.5 V        ;         ; Column I/O ; Y               ; no       ; Off          ;
; F8       ; 182        ; 8        ; rgb[10]                                                   ; output ; 2.5 V        ;         ; Column I/O ; Y               ; no       ; Off          ;
; F9       ; 165        ; 7        ; RESERVED_INPUT_WITH_WEAK_PULLUP                           ;        ;              ;         ; Column I/O ;                 ; no       ; On           ;
; F10      ; 164        ; 7        ; RESERVED_INPUT_WITH_WEAK_PULLUP                           ;        ;              ;         ; Column I/O ;                 ; no       ; On           ;
; F11      ; 166        ; 7        ; RESERVED_INPUT_WITH_WEAK_PULLUP                           ;        ;              ;         ; Column I/O ;                 ; no       ; On           ;
; F12      ;            ; --       ; VCCA2                                                     ; power  ;              ; 2.5V    ; --         ;                 ; --       ; --           ;
; F13      ; 138        ; 6        ; RESERVED_INPUT_WITH_WEAK_PULLUP                           ;        ;              ;         ; Row I/O    ;                 ; no       ; On           ;
; F14      ; 142        ; 6        ; RESERVED_INPUT_WITH_WEAK_PULLUP                           ;        ;              ;         ; Row I/O    ;                 ; --       ; --           ;
; F15      ; 140        ; 6        ; RESERVED_INPUT_WITH_WEAK_PULLUP                           ;        ;              ;         ; Row I/O    ;                 ; no       ; On           ;
; F16      ; 139        ; 6        ; ~ALTERA_nCEO~ / RESERVED_OUTPUT_OPEN_DRAIN                ; output ; 2.5 V        ;         ; Row I/O    ; N               ; no       ; Off          ;
; G1       ; 14         ; 1        ; RESERVED_INPUT_WITH_WEAK_PULLUP                           ;        ;              ;         ; Row I/O    ;                 ; no       ; On           ;
; G2       ; 13         ; 1        ; RESERVED_INPUT_WITH_WEAK_PULLUP                           ;        ;              ;         ; Row I/O    ;                 ; no       ; On           ;
; G3       ;            ; 1        ; VCCIO1                                                    ; power  ;              ; 2.5V    ; --         ;                 ; --       ; --           ;
; G4       ;            ;          ; GND                                                       ; gnd    ;              ;         ; --         ;                 ; --       ; --           ;
; G5       ; 10         ; 1        ; RESERVED_INPUT_WITH_WEAK_PULLUP                           ;        ;              ;         ; Row I/O    ;                 ; no       ; On           ;
; G6       ;            ;          ; VCCINT                                                    ; power  ;              ; 1.2V    ; --         ;                 ; --       ; --           ;
; G7       ;            ;          ; VCCINT                                                    ; power  ;              ; 1.2V    ; --         ;                 ; --       ; --           ;
; G8       ;            ;          ; VCCINT                                                    ; power  ;              ; 1.2V    ; --         ;                 ; --       ; --           ;
; G9       ;            ;          ; VCCINT                                                    ; power  ;              ; 1.2V    ; --         ;                 ; --       ; --           ;
; G10      ;            ;          ; VCCINT                                                    ; power  ;              ; 1.2V    ; --         ;                 ; --       ; --           ;
; G11      ; 145        ; 6        ; RESERVED_INPUT_WITH_WEAK_PULLUP                           ;        ;              ;         ; Row I/O    ;                 ; no       ; On           ;
; G12      ; 132        ; 6        ; ^MSEL2                                                    ;        ;              ;         ; --         ;                 ; --       ; --           ;
; G12      ; 133        ; 6        ; ^MSEL3                                                    ;        ;              ;         ; --         ;                 ; --       ; --           ;
; G13      ;            ;          ; GND                                                       ; gnd    ;              ;         ; --         ;                 ; --       ; --           ;
; G14      ;            ; 6        ; VCCIO6                                                    ; power  ;              ; 2.5V    ; --         ;                 ; --       ; --           ;
; G15      ; 137        ; 6        ; RESERVED_INPUT_WITH_WEAK_PULLUP                           ;        ;              ;         ; Row I/O    ;                 ; no       ; On           ;
; G16      ; 136        ; 6        ; inf_in                                                    ; input  ; 2.5 V        ;         ; Row I/O    ; Y               ; no       ; Off          ;
; H1       ; 15         ; 1        ; ~ALTERA_DCLK~                                             ; output ; 2.5 V        ;         ; Row I/O    ; N               ; no       ; On           ;
; H2       ; 16         ; 1        ; ~ALTERA_DATA0~ / RESERVED_INPUT_WITH_WEAK_PULLUP          ; input  ; 2.5 V        ;         ; Row I/O    ; N               ; no       ; On           ;
; H3       ; 19         ; 1        ; #TCK                                                      ; input  ;              ;         ; --         ;                 ; --       ; --           ;
; H4       ; 18         ; 1        ; #TDI                                                      ; input  ;              ;         ; --         ;                 ; --       ; --           ;
; H5       ; 17         ; 1        ; ^nCONFIG                                                  ;        ;              ;         ; --         ;                 ; --       ; --           ;
; H6       ;            ;          ; VCCINT                                                    ; power  ;              ; 1.2V    ; --         ;                 ; --       ; --           ;
; H7       ;            ;          ; GND                                                       ; gnd    ;              ;         ; --         ;                 ; --       ; --           ;
; H8       ;            ;          ; GND                                                       ; gnd    ;              ;         ; --         ;                 ; --       ; --           ;
; H9       ;            ;          ; GND                                                       ; gnd    ;              ;         ; --         ;                 ; --       ; --           ;
; H10      ;            ;          ; GND                                                       ; gnd    ;              ;         ; --         ;                 ; --       ; --           ;
; H11      ;            ;          ; VCCINT                                                    ; power  ;              ; 1.2V    ; --         ;                 ; --       ; --           ;
; H12      ; 131        ; 6        ; ^MSEL1                                                    ;        ;              ;         ; --         ;                 ; --       ; --           ;
; H13      ; 130        ; 6        ; ^MSEL0                                                    ;        ;              ;         ; --         ;                 ; --       ; --           ;
; H14      ; 129        ; 6        ; ^CONF_DONE                                                ;        ;              ;         ; --         ;                 ; --       ; --           ;
; H15      ;            ;          ; GND                                                       ; gnd    ;              ;         ; --         ;                 ; --       ; --           ;
; H16      ;            ;          ; GND                                                       ; gnd    ;              ;         ; --         ;                 ; --       ; --           ;
; J1       ; 28         ; 2        ; RESERVED_INPUT_WITH_WEAK_PULLUP                           ;        ;              ;         ; Row I/O    ;                 ; no       ; On           ;
; J2       ; 27         ; 2        ; RESERVED_INPUT_WITH_WEAK_PULLUP                           ;        ;              ;         ; Row I/O    ;                 ; no       ; On           ;
; J3       ; 22         ; 1        ; ^nCE                                                      ;        ;              ;         ; --         ;                 ; --       ; --           ;
; J4       ; 21         ; 1        ; #TDO                                                      ; output ;              ;         ; --         ;                 ; --       ; --           ;
; J5       ; 20         ; 1        ; #TMS                                                      ; input  ;              ;         ; --         ;                 ; --       ; --           ;
; J6       ; 29         ; 2        ; RESERVED_INPUT_WITH_WEAK_PULLUP                           ;        ;              ;         ; Row I/O    ;                 ; no       ; On           ;
; J7       ;            ;          ; GND                                                       ; gnd    ;              ;         ; --         ;                 ; --       ; --           ;
; J8       ;            ;          ; GND                                                       ; gnd    ;              ;         ; --         ;                 ; --       ; --           ;
; J9       ;            ;          ; GND                                                       ; gnd    ;              ;         ; --         ;                 ; --       ; --           ;
; J10      ;            ;          ; GND                                                       ; gnd    ;              ;         ; --         ;                 ; --       ; --           ;
; J11      ; 117        ; 5        ; RESERVED_INPUT_WITH_WEAK_PULLUP                           ;        ;              ;         ; Row I/O    ;                 ; no       ; On           ;
; J12      ; 123        ; 5        ; RESERVED_INPUT_WITH_WEAK_PULLUP                           ;        ;              ;         ; Row I/O    ;                 ; no       ; On           ;
; J13      ; 124        ; 5        ; RESERVED_INPUT_WITH_WEAK_PULLUP                           ;        ;              ;         ; Row I/O    ;                 ; no       ; On           ;
; J14      ; 122        ; 5        ; RESERVED_INPUT_WITH_WEAK_PULLUP                           ;        ;              ;         ; Row I/O    ;                 ; no       ; On           ;
; J15      ; 121        ; 5        ; RESERVED_INPUT_WITH_WEAK_PULLUP                           ;        ;              ;         ; Row I/O    ;                 ; no       ; On           ;
; J16      ; 120        ; 5        ; RESERVED_INPUT_WITH_WEAK_PULLUP                           ;        ;              ;         ; Row I/O    ;                 ; no       ; On           ;
; K1       ; 33         ; 2        ; RESERVED_INPUT_WITH_WEAK_PULLUP                           ;        ;              ;         ; Row I/O    ;                 ; no       ; On           ;
; K2       ; 32         ; 2        ; RESERVED_INPUT_WITH_WEAK_PULLUP                           ;        ;              ;         ; Row I/O    ;                 ; no       ; On           ;
; K3       ;            ; 2        ; VCCIO2                                                    ; power  ;              ; 2.5V    ; --         ;                 ; --       ; --           ;
; K4       ;            ;          ; GND                                                       ; gnd    ;              ;         ; --         ;                 ; --       ; --           ;
; K5       ; 39         ; 2        ; RESERVED_INPUT_WITH_WEAK_PULLUP                           ;        ;              ;         ; Row I/O    ;                 ; no       ; On           ;
; K6       ; 30         ; 2        ; RESERVED_INPUT_WITH_WEAK_PULLUP                           ;        ;              ;         ; Row I/O    ;                 ; no       ; On           ;
; K7       ;            ;          ; VCCINT                                                    ; power  ;              ; 1.2V    ; --         ;                 ; --       ; --           ;
; K8       ; 60         ; 3        ; RESERVED_INPUT_WITH_WEAK_PULLUP                           ;        ;              ;         ; Column I/O ;                 ; no       ; On           ;
; K9       ; 76         ; 4        ; stcp                                                      ; output ; 2.5 V        ;         ; Column I/O ; Y               ; no       ; Off          ;
; K10      ; 87         ; 4        ; RESERVED_INPUT_WITH_WEAK_PULLUP                           ;        ;              ;         ; Column I/O ;                 ; no       ; On           ;
; K11      ; 110        ; 5        ; RESERVED_INPUT_WITH_WEAK_PULLUP                           ;        ;              ;         ; Row I/O    ;                 ; no       ; On           ;
; K12      ; 105        ; 5        ; RESERVED_INPUT_WITH_WEAK_PULLUP                           ;        ;              ;         ; Row I/O    ;                 ; no       ; On           ;
; K13      ;            ;          ; GND                                                       ; gnd    ;              ;         ; --         ;                 ; --       ; --           ;
; K14      ;            ; 5        ; VCCIO5                                                    ; power  ;              ; 2.5V    ; --         ;                 ; --       ; --           ;
; K15      ; 119        ; 5        ; RESERVED_INPUT_WITH_WEAK_PULLUP                           ;        ;              ;         ; Row I/O    ;                 ; no       ; On           ;
; K16      ; 118        ; 5        ; RESERVED_INPUT_WITH_WEAK_PULLUP                           ;        ;              ;         ; Row I/O    ;                 ; no       ; On           ;
; L1       ; 35         ; 2        ; RESERVED_INPUT_WITH_WEAK_PULLUP                           ;        ;              ;         ; Row I/O    ;                 ; no       ; On           ;
; L2       ; 34         ; 2        ; RESERVED_INPUT_WITH_WEAK_PULLUP                           ;        ;              ;         ; Row I/O    ;                 ; no       ; On           ;
; L3       ; 36         ; 2        ; RESERVED_INPUT_WITH_WEAK_PULLUP                           ;        ;              ;         ; Row I/O    ;                 ; --       ; --           ;
; L4       ; 40         ; 2        ; RESERVED_INPUT_WITH_WEAK_PULLUP                           ;        ;              ;         ; Row I/O    ;                 ; no       ; On           ;
; L5       ;            ; --       ; VCCA1                                                     ; power  ;              ; 2.5V    ; --         ;                 ; --       ; --           ;
; L6       ; 31         ; 2        ; RESERVED_INPUT_WITH_WEAK_PULLUP                           ;        ;              ;         ; Row I/O    ;                 ; no       ; On           ;
; L7       ; 65         ; 3        ; led                                                       ; output ; 2.5 V        ;         ; Column I/O ; Y               ; no       ; Off          ;
; L8       ; 68         ; 3        ; RESERVED_INPUT_WITH_WEAK_PULLUP                           ;        ;              ;         ; Column I/O ;                 ; no       ; On           ;
; L9       ; 77         ; 4        ; RESERVED_INPUT_WITH_WEAK_PULLUP                           ;        ;              ;         ; Column I/O ;                 ; no       ; On           ;
; L10      ; 88         ; 4        ; RESERVED_INPUT_WITH_WEAK_PULLUP                           ;        ;              ;         ; Column I/O ;                 ; no       ; On           ;
; L11      ; 99         ; 4        ; oe                                                        ; output ; 2.5 V        ;         ; Column I/O ; Y               ; no       ; Off          ;
; L12      ; 104        ; 5        ; RESERVED_INPUT_WITH_WEAK_PULLUP                           ;        ;              ;         ; Row I/O    ;                 ; no       ; On           ;
; L13      ; 114        ; 5        ; RESERVED_INPUT_WITH_WEAK_PULLUP                           ;        ;              ;         ; Row I/O    ;                 ; no       ; On           ;
; L14      ; 113        ; 5        ; RESERVED_INPUT_WITH_WEAK_PULLUP                           ;        ;              ;         ; Row I/O    ;                 ; --       ; --           ;
; L15      ; 116        ; 5        ; RESERVED_INPUT_WITH_WEAK_PULLUP                           ;        ;              ;         ; Row I/O    ;                 ; no       ; On           ;
; L16      ; 115        ; 5        ; RESERVED_INPUT_WITH_WEAK_PULLUP                           ;        ;              ;         ; Row I/O    ;                 ; no       ; On           ;
; M1       ; 26         ; 2        ; GND+                                                      ;        ;              ;         ; Row I/O    ;                 ; --       ; --           ;
; M2       ; 25         ; 2        ; GND+                                                      ;        ;              ;         ; Row I/O    ;                 ; --       ; --           ;
; M3       ;            ; 2        ; VCCIO2                                                    ; power  ;              ; 2.5V    ; --         ;                 ; --       ; --           ;
; M4       ;            ;          ; GND                                                       ; gnd    ;              ;         ; --         ;                 ; --       ; --           ;
; M5       ;            ;          ; GNDA1                                                     ; gnd    ;              ;         ; --         ;                 ; --       ; --           ;
; M6       ; 57         ; 3        ; RESERVED_INPUT_WITH_WEAK_PULLUP                           ;        ;              ;         ; Column I/O ;                 ; no       ; On           ;
; M7       ; 59         ; 3        ; RESERVED_INPUT_WITH_WEAK_PULLUP                           ;        ;              ;         ; Column I/O ;                 ; no       ; On           ;
; M8       ; 69         ; 3        ; RESERVED_INPUT_WITH_WEAK_PULLUP                           ;        ;              ;         ; Column I/O ;                 ; no       ; On           ;
; M9       ; 78         ; 4        ; RESERVED_INPUT_WITH_WEAK_PULLUP                           ;        ;              ;         ; Column I/O ;                 ; no       ; On           ;
; M10      ; 93         ; 4        ; RESERVED_INPUT_WITH_WEAK_PULLUP                           ;        ;              ;         ; Column I/O ;                 ; no       ; On           ;
; M11      ; 100        ; 4        ; RESERVED_INPUT_WITH_WEAK_PULLUP                           ;        ;              ;         ; Column I/O ;                 ; no       ; On           ;
; M12      ; 103        ; 5        ; RESERVED_INPUT_WITH_WEAK_PULLUP                           ;        ;              ;         ; Row I/O    ;                 ; no       ; On           ;
; M13      ;            ;          ; GND                                                       ; gnd    ;              ;         ; --         ;                 ; --       ; --           ;
; M14      ;            ; 5        ; VCCIO5                                                    ; power  ;              ; 2.5V    ; --         ;                 ; --       ; --           ;
; M15      ; 126        ; 5        ; sys_rst_n                                                 ; input  ; 2.5 V        ;         ; Row I/O    ; Y               ; no       ; Off          ;
; M16      ; 125        ; 5        ; GND+                                                      ;        ;              ;         ; Row I/O    ;                 ; --       ; --           ;
; N1       ; 38         ; 2        ; RESERVED_INPUT_WITH_WEAK_PULLUP                           ;        ;              ;         ; Row I/O    ;                 ; no       ; On           ;
; N2       ; 37         ; 2        ; RESERVED_INPUT_WITH_WEAK_PULLUP                           ;        ;              ;         ; Row I/O    ;                 ; no       ; On           ;
; N3       ; 45         ; 3        ; RESERVED_INPUT_WITH_WEAK_PULLUP                           ;        ;              ;         ; Column I/O ;                 ; no       ; On           ;
; N4       ;            ;          ; VCCD_PLL1                                                 ; power  ;              ; 1.2V    ; --         ;                 ; --       ; --           ;
; N5       ; 55         ; 3        ; RESERVED_INPUT_WITH_WEAK_PULLUP                           ;        ;              ;         ; Column I/O ;                 ; no       ; On           ;
; N6       ; 56         ; 3        ; RESERVED_INPUT_WITH_WEAK_PULLUP                           ;        ;              ;         ; Column I/O ;                 ; no       ; On           ;
; N7       ;            ;          ; GND                                                       ; gnd    ;              ;         ; --         ;                 ; --       ; --           ;
; N8       ; 70         ; 3        ; RESERVED_INPUT_WITH_WEAK_PULLUP                           ;        ;              ;         ; Column I/O ;                 ; no       ; On           ;
; N9       ; 79         ; 4        ; RESERVED_INPUT_WITH_WEAK_PULLUP                           ;        ;              ;         ; Column I/O ;                 ; no       ; On           ;
; N10      ;            ;          ; GND                                                       ; gnd    ;              ;         ; --         ;                 ; --       ; --           ;
; N11      ; 94         ; 4        ; RESERVED_INPUT_WITH_WEAK_PULLUP                           ;        ;              ;         ; Column I/O ;                 ; no       ; On           ;
; N12      ; 101        ; 4        ; RESERVED_INPUT_WITH_WEAK_PULLUP                           ;        ;              ;         ; Column I/O ;                 ; no       ; On           ;
; N13      ; 102        ; 5        ; RESERVED_INPUT_WITH_WEAK_PULLUP                           ;        ;              ;         ; Row I/O    ;                 ; no       ; On           ;
; N14      ; 106        ; 5        ; RESERVED_INPUT_WITH_WEAK_PULLUP                           ;        ;              ;         ; Row I/O    ;                 ; no       ; On           ;
; N15      ; 112        ; 5        ; RESERVED_INPUT_WITH_WEAK_PULLUP                           ;        ;              ;         ; Row I/O    ;                 ; no       ; On           ;
; N16      ; 111        ; 5        ; RESERVED_INPUT_WITH_WEAK_PULLUP                           ;        ;              ;         ; Row I/O    ;                 ; no       ; On           ;
; P1       ; 44         ; 2        ; RESERVED_INPUT_WITH_WEAK_PULLUP                           ;        ;              ;         ; Row I/O    ;                 ; no       ; On           ;
; P2       ; 43         ; 2        ; RESERVED_INPUT_WITH_WEAK_PULLUP                           ;        ;              ;         ; Row I/O    ;                 ; no       ; On           ;
; P3       ; 46         ; 3        ; RESERVED_INPUT_WITH_WEAK_PULLUP                           ;        ;              ;         ; Column I/O ;                 ; no       ; On           ;
; P4       ;            ; 3        ; VCCIO3                                                    ; power  ;              ; 2.5V    ; --         ;                 ; --       ; --           ;
; P5       ;            ;          ; GND                                                       ; gnd    ;              ;         ; --         ;                 ; --       ; --           ;
; P6       ; 58         ; 3        ; RESERVED_INPUT_WITH_WEAK_PULLUP                           ;        ;              ;         ; Column I/O ;                 ; --       ; --           ;
; P7       ;            ; 3        ; VCCIO3                                                    ; power  ;              ; 2.5V    ; --         ;                 ; --       ; --           ;
; P8       ; 71         ; 3        ; RESERVED_INPUT_WITH_WEAK_PULLUP                           ;        ;              ;         ; Column I/O ;                 ; no       ; On           ;
; P9       ; 89         ; 4        ; RESERVED_INPUT_WITH_WEAK_PULLUP                           ;        ;              ;         ; Column I/O ;                 ; no       ; On           ;
; P10      ;            ; 4        ; VCCIO4                                                    ; power  ;              ; 2.5V    ; --         ;                 ; --       ; --           ;
; P11      ; 90         ; 4        ; RESERVED_INPUT_WITH_WEAK_PULLUP                           ;        ;              ;         ; Column I/O ;                 ; --       ; --           ;
; P12      ;            ;          ; GND                                                       ; gnd    ;              ;         ; --         ;                 ; --       ; --           ;
; P13      ;            ; 4        ; VCCIO4                                                    ; power  ;              ; 2.5V    ; --         ;                 ; --       ; --           ;
; P14      ; 98         ; 4        ; RESERVED_INPUT_WITH_WEAK_PULLUP                           ;        ;              ;         ; Column I/O ;                 ; no       ; On           ;
; P15      ; 107        ; 5        ; RESERVED_INPUT_WITH_WEAK_PULLUP                           ;        ;              ;         ; Row I/O    ;                 ; no       ; On           ;
; P16      ; 108        ; 5        ; RESERVED_INPUT_WITH_WEAK_PULLUP                           ;        ;              ;         ; Row I/O    ;                 ; no       ; On           ;
; R1       ; 42         ; 2        ; ds                                                        ; output ; 2.5 V        ;         ; Row I/O    ; Y               ; no       ; Off          ;
; R2       ;            ;          ; GND                                                       ; gnd    ;              ;         ; --         ;                 ; --       ; --           ;
; R3       ; 47         ; 3        ; RESERVED_INPUT_WITH_WEAK_PULLUP                           ;        ;              ;         ; Column I/O ;                 ; no       ; On           ;
; R4       ; 53         ; 3        ; RESERVED_INPUT_WITH_WEAK_PULLUP                           ;        ;              ;         ; Column I/O ;                 ; no       ; On           ;
; R5       ; 61         ; 3        ; RESERVED_INPUT_WITH_WEAK_PULLUP                           ;        ;              ;         ; Column I/O ;                 ; no       ; On           ;
; R6       ; 63         ; 3        ; RESERVED_INPUT_WITH_WEAK_PULLUP                           ;        ;              ;         ; Column I/O ;                 ; no       ; On           ;
; R7       ; 66         ; 3        ; RESERVED_INPUT_WITH_WEAK_PULLUP                           ;        ;              ;         ; Column I/O ;                 ; no       ; On           ;
; R8       ; 72         ; 3        ; RESERVED_INPUT_WITH_WEAK_PULLUP                           ;        ;              ;         ; Column I/O ;                 ; no       ; On           ;
; R9       ; 74         ; 4        ; RESERVED_INPUT_WITH_WEAK_PULLUP                           ;        ;              ;         ; Column I/O ;                 ; no       ; On           ;
; R10      ; 80         ; 4        ; RESERVED_INPUT_WITH_WEAK_PULLUP                           ;        ;              ;         ; Column I/O ;                 ; no       ; On           ;
; R11      ; 83         ; 4        ; RESERVED_INPUT_WITH_WEAK_PULLUP                           ;        ;              ;         ; Column I/O ;                 ; no       ; On           ;
; R12      ; 85         ; 4        ; RESERVED_INPUT_WITH_WEAK_PULLUP                           ;        ;              ;         ; Column I/O ;                 ; no       ; On           ;
; R13      ; 91         ; 4        ; RESERVED_INPUT_WITH_WEAK_PULLUP                           ;        ;              ;         ; Column I/O ;                 ; no       ; On           ;
; R14      ; 97         ; 4        ; RESERVED_INPUT_WITH_WEAK_PULLUP                           ;        ;              ;         ; Column I/O ;                 ; no       ; On           ;
; R15      ;            ;          ; GND                                                       ; gnd    ;              ;         ; --         ;                 ; --       ; --           ;
; R16      ; 109        ; 5        ; RESERVED_INPUT_WITH_WEAK_PULLUP                           ;        ;              ;         ; Row I/O    ;                 ; no       ; On           ;
; T1       ;            ; 3        ; VCCIO3                                                    ; power  ;              ; 2.5V    ; --         ;                 ; --       ; --           ;
; T2       ; 52         ; 3        ; RESERVED_INPUT_WITH_WEAK_PULLUP                           ;        ;              ;         ; Column I/O ;                 ; no       ; On           ;
; T3       ; 48         ; 3        ; RESERVED_INPUT_WITH_WEAK_PULLUP                           ;        ;              ;         ; Column I/O ;                 ; no       ; On           ;
; T4       ; 54         ; 3        ; RESERVED_INPUT_WITH_WEAK_PULLUP                           ;        ;              ;         ; Column I/O ;                 ; no       ; On           ;
; T5       ; 62         ; 3        ; RESERVED_INPUT_WITH_WEAK_PULLUP                           ;        ;              ;         ; Column I/O ;                 ; no       ; On           ;
; T6       ; 64         ; 3        ; RESERVED_INPUT_WITH_WEAK_PULLUP                           ;        ;              ;         ; Column I/O ;                 ; no       ; On           ;
; T7       ; 67         ; 3        ; RESERVED_INPUT_WITH_WEAK_PULLUP                           ;        ;              ;         ; Column I/O ;                 ; no       ; On           ;
; T8       ; 73         ; 3        ; RESERVED_INPUT_WITH_WEAK_PULLUP                           ;        ;              ;         ; Column I/O ;                 ; no       ; On           ;
; T9       ; 75         ; 4        ; RESERVED_INPUT_WITH_WEAK_PULLUP                           ;        ;              ;         ; Column I/O ;                 ; no       ; On           ;
; T10      ; 81         ; 4        ; RESERVED_INPUT_WITH_WEAK_PULLUP                           ;        ;              ;         ; Column I/O ;                 ; no       ; On           ;
; T11      ; 84         ; 4        ; RESERVED_INPUT_WITH_WEAK_PULLUP                           ;        ;              ;         ; Column I/O ;                 ; no       ; On           ;
; T12      ; 86         ; 4        ; RESERVED_INPUT_WITH_WEAK_PULLUP                           ;        ;              ;         ; Column I/O ;                 ; no       ; On           ;
; T13      ; 92         ; 4        ; RESERVED_INPUT_WITH_WEAK_PULLUP                           ;        ;              ;         ; Column I/O ;                 ; no       ; On           ;
; T14      ; 95         ; 4        ; RESERVED_INPUT_WITH_WEAK_PULLUP                           ;        ;              ;         ; Column I/O ;                 ; no       ; On           ;
; T15      ; 96         ; 4        ; RESERVED_INPUT_WITH_WEAK_PULLUP                           ;        ;              ;         ; Column I/O ;                 ; no       ; On           ;
; T16      ;            ; 4        ; VCCIO4                                                    ; power  ;              ; 2.5V    ; --         ;                 ; --       ; --           ;
+----------+------------+----------+-----------------------------------------------------------+--------+--------------+---------+------------+-----------------+----------+--------------+
Note: Pin directions (input, output or bidir) are based on device operating in user mode.


+-----------------------------------------------------------------------------------------------------------------------+
; PLL Summary                                                                                                           ;
+-------------------------------+---------------------------------------------------------------------------------------+
; Name                          ; pll_25mhz:pll_25mhz_inst|altpll:altpll_component|pll_25mhz_altpll:auto_generated|pll1 ;
+-------------------------------+---------------------------------------------------------------------------------------+
; SDC pin name                  ; pll_25mhz_inst|altpll_component|auto_generated|pll1                                   ;
; PLL mode                      ; Normal                                                                                ;
; Compensate clock              ; clock0                                                                                ;
; Compensated input/output pins ; --                                                                                    ;
; Switchover type               ; --                                                                                    ;
; Input frequency 0             ; 50.0 MHz                                                                              ;
; Input frequency 1             ; --                                                                                    ;
; Nominal PFD frequency         ; 50.0 MHz                                                                              ;
; Nominal VCO frequency         ; 599.9 MHz                                                                             ;
; VCO post scale K counter      ; 2                                                                                     ;
; VCO frequency control         ; Auto                                                                                  ;
; VCO phase shift step          ; 208 ps                                                                                ;
; VCO multiply                  ; --                                                                                    ;
; VCO divide                    ; --                                                                                    ;
; Freq min lock                 ; 25.0 MHz                                                                              ;
; Freq max lock                 ; 54.18 MHz                                                                             ;
; M VCO Tap                     ; 0                                                                                     ;
; M Initial                     ; 1                                                                                     ;
; M value                       ; 12                                                                                    ;
; N value                       ; 1                                                                                     ;
; Charge pump current           ; setting 1                                                                             ;
; Loop filter resistance        ; setting 27                                                                            ;
; Loop filter capacitance       ; setting 0                                                                             ;
; Bandwidth                     ; 680 kHz to 980 kHz                                                                    ;
; Bandwidth type                ; Medium                                                                                ;
; Real time reconfigurable      ; Off                                                                                   ;
; Scan chain MIF file           ; --                                                                                    ;
; Preserve PLL counter order    ; Off                                                                                   ;
; PLL location                  ; PLL_1                                                                                 ;
; Inclk0 signal                 ; sys_clk                                                                               ;
; Inclk1 signal                 ; --                                                                                    ;
; Inclk0 signal type            ; Dedicated Pin                                                                         ;
; Inclk1 signal type            ; --                                                                                    ;
+-------------------------------+---------------------------------------------------------------------------------------+


+----------------------------------------------------------------------------------------------------------------------------------------------------------------------------------------------------------------------------------------------------------------------------------------------------------------------------------------+
; PLL Usage                                                                                                                                                                                                                                                                                                                              ;
+---------------------------------------------------------------------------------------------------+--------------+------+-----+------------------+-------------+------------------+------------+---------+---------------+------------+---------------+---------+---------+------------------------------------------------------------+
; Name                                                                                              ; Output Clock ; Mult ; Div ; Output Frequency ; Phase Shift ; Phase Shift Step ; Duty Cycle ; Counter ; Counter Value ; High / Low ; Cascade Input ; Initial ; VCO Tap ; SDC Pin Name                                               ;
+---------------------------------------------------------------------------------------------------+--------------+------+-----+------------------+-------------+------------------+------------+---------+---------------+------------+---------------+---------+---------+------------------------------------------------------------+
; pll_25mhz:pll_25mhz_inst|altpll:altpll_component|pll_25mhz_altpll:auto_generated|wire_pll1_clk[0] ; clock0       ; 1    ; 2   ; 25.0 MHz         ; 0 (0 ps)    ; 1.88 (208 ps)    ; 50/50      ; C0      ; 24            ; 12/12 Even ; --            ; 1       ; 0       ; pll_25mhz_inst|altpll_component|auto_generated|pll1|clk[0] ;
+---------------------------------------------------------------------------------------------------+--------------+------+-----+------------------+-------------+------------------+------------+---------+---------------+------------+---------------+---------+---------+------------------------------------------------------------+


+-----------------------------------------------------------------------------------------------------------------------------------------------------------------------------------------------------------------------------------------------------------------------------------------------------------------------------------------------------------------------------------------------------------------------------------------------------------+
; Fitter Resource Utilization by Entity                                                                                                                                                                                                                                                                                                                                                                                                                     ;
+----------------------------------------------------+-------------+---------------------------+---------------+-------------+------+--------------+---------+-----------+------+--------------+--------------+-------------------+------------------+---------------------------------------------------------------------------------------------------------------------------------------------------------------------------------------+--------------+
; Compilation Hierarchy Node                         ; Logic Cells ; Dedicated Logic Registers ; I/O Registers ; Memory Bits ; M9Ks ; DSP Elements ; DSP 9x9 ; DSP 18x18 ; Pins ; Virtual Pins ; LUT-Only LCs ; Register-Only LCs ; LUT/Register LCs ; Full Hierarchy Name                                                                                                                                                                   ; Library Name ;
+----------------------------------------------------+-------------+---------------------------+---------------+-------------+------+--------------+---------+-----------+------+--------------+--------------+-------------------+------------------+---------------------------------------------------------------------------------------------------------------------------------------------------------------------------------------+--------------+
; |snake                                             ; 871 (2)     ; 449 (0)                   ; 0 (0)         ; 2560        ; 2    ; 0            ; 0       ; 0         ; 26   ; 0            ; 422 (2)      ; 47 (0)            ; 402 (0)          ; |snake                                                                                                                                                                                ; work         ;
;    |inf_rcv:inf_rcv_inst|                          ; 411 (0)     ; 250 (0)                   ; 0 (0)         ; 0           ; 0    ; 0            ; 0       ; 0         ; 0    ; 0            ; 161 (0)      ; 28 (0)            ; 222 (0)          ; |snake|inf_rcv:inf_rcv_inst                                                                                                                                                           ; work         ;
;       |inf_rcv_decoder:inf_rcv_decoder_inst|       ; 165 (165)   ; 79 (79)                   ; 0 (0)         ; 0           ; 0    ; 0            ; 0       ; 0         ; 0    ; 0            ; 86 (86)      ; 6 (6)             ; 73 (73)          ; |snake|inf_rcv:inf_rcv_inst|inf_rcv_decoder:inf_rcv_decoder_inst                                                                                                                      ; work         ;
;       |led_ctrl:led_ctrl_inst|                     ; 31 (31)     ; 25 (25)                   ; 0 (0)         ; 0           ; 0    ; 0            ; 0       ; 0         ; 0    ; 0            ; 6 (6)        ; 0 (0)             ; 25 (25)          ; |snake|inf_rcv:inf_rcv_inst|led_ctrl:led_ctrl_inst                                                                                                                                    ; work         ;
;       |seg_595_dynamic:seg_595_dynamic_inst|       ; 215 (0)     ; 146 (0)                   ; 0 (0)         ; 0           ; 0    ; 0            ; 0       ; 0         ; 0    ; 0            ; 69 (0)       ; 22 (0)            ; 124 (0)          ; |snake|inf_rcv:inf_rcv_inst|seg_595_dynamic:seg_595_dynamic_inst                                                                                                                      ; work         ;
;          |hc595_ctrl:hc595_ctrl_inst|              ; 22 (22)     ; 9 (9)                     ; 0 (0)         ; 0           ; 0    ; 0            ; 0       ; 0         ; 0    ; 0            ; 9 (9)        ; 1 (1)             ; 12 (12)          ; |snake|inf_rcv:inf_rcv_inst|seg_595_dynamic:seg_595_dynamic_inst|hc595_ctrl:hc595_ctrl_inst                                                                                           ; work         ;
;          |seg_dynamic:seg_dynamic_inst|            ; 198 (84)    ; 137 (65)                  ; 0 (0)         ; 0           ; 0    ; 0            ; 0       ; 0         ; 0    ; 0            ; 60 (19)      ; 21 (5)            ; 117 (68)         ; |snake|inf_rcv:inf_rcv_inst|seg_595_dynamic:seg_595_dynamic_inst|seg_dynamic:seg_dynamic_inst                                                                                         ; work         ;
;             |bcd_8421:bcd_8421_inst|               ; 114 (114)   ; 72 (72)                   ; 0 (0)         ; 0           ; 0    ; 0            ; 0       ; 0         ; 0    ; 0            ; 41 (41)      ; 16 (16)           ; 57 (57)          ; |snake|inf_rcv:inf_rcv_inst|seg_595_dynamic:seg_595_dynamic_inst|seg_dynamic:seg_dynamic_inst|bcd_8421:bcd_8421_inst                                                                  ; work         ;
;    |pic_rgb_gen:pic_rgb_gen_inst|                  ; 380 (143)   ; 178 (101)                 ; 0 (0)         ; 2560        ; 2    ; 0            ; 0       ; 0         ; 0    ; 0            ; 199 (42)     ; 19 (10)           ; 162 (95)         ; |snake|pic_rgb_gen:pic_rgb_gen_inst                                                                                                                                                   ; work         ;
;       |direct_sig_ctrl:direct_sig_ctrl_inst|       ; 15 (15)     ; 12 (12)                   ; 0 (0)         ; 0           ; 0    ; 0            ; 0       ; 0         ; 0    ; 0            ; 0 (0)        ; 0 (0)             ; 15 (15)          ; |snake|pic_rgb_gen:pic_rgb_gen_inst|direct_sig_ctrl:direct_sig_ctrl_inst                                                                                                              ; work         ;
;       |fifo_256x8:fifo_256x8_inst|                 ; 35 (0)      ; 26 (0)                    ; 0 (0)         ; 2048        ; 1    ; 0            ; 0       ; 0         ; 0    ; 0            ; 9 (0)        ; 0 (0)             ; 26 (0)           ; |snake|pic_rgb_gen:pic_rgb_gen_inst|fifo_256x8:fifo_256x8_inst                                                                                                                        ; work         ;
;          |scfifo:scfifo_component|                 ; 35 (0)      ; 26 (0)                    ; 0 (0)         ; 2048        ; 1    ; 0            ; 0       ; 0         ; 0    ; 0            ; 9 (0)        ; 0 (0)             ; 26 (0)           ; |snake|pic_rgb_gen:pic_rgb_gen_inst|fifo_256x8:fifo_256x8_inst|scfifo:scfifo_component                                                                                                ; work         ;
;             |scfifo_ov21:auto_generated|           ; 35 (0)      ; 26 (0)                    ; 0 (0)         ; 2048        ; 1    ; 0            ; 0       ; 0         ; 0    ; 0            ; 9 (0)        ; 0 (0)             ; 26 (0)           ; |snake|pic_rgb_gen:pic_rgb_gen_inst|fifo_256x8:fifo_256x8_inst|scfifo:scfifo_component|scfifo_ov21:auto_generated                                                                     ; work         ;
;                |a_dpfifo_v531:dpfifo|              ; 35 (2)      ; 26 (0)                    ; 0 (0)         ; 2048        ; 1    ; 0            ; 0       ; 0         ; 0    ; 0            ; 9 (2)        ; 0 (0)             ; 26 (0)           ; |snake|pic_rgb_gen:pic_rgb_gen_inst|fifo_256x8:fifo_256x8_inst|scfifo:scfifo_component|scfifo_ov21:auto_generated|a_dpfifo_v531:dpfifo                                                ; work         ;
;                   |a_fefifo_18e:fifo_state|        ; 17 (9)      ; 10 (2)                    ; 0 (0)         ; 0           ; 0    ; 0            ; 0       ; 0         ; 0    ; 0            ; 7 (7)        ; 0 (0)             ; 10 (2)           ; |snake|pic_rgb_gen:pic_rgb_gen_inst|fifo_256x8:fifo_256x8_inst|scfifo:scfifo_component|scfifo_ov21:auto_generated|a_dpfifo_v531:dpfifo|a_fefifo_18e:fifo_state                        ; work         ;
;                      |cntr_fo7:count_usedw|        ; 8 (8)       ; 8 (8)                     ; 0 (0)         ; 0           ; 0    ; 0            ; 0       ; 0         ; 0    ; 0            ; 0 (0)        ; 0 (0)             ; 8 (8)            ; |snake|pic_rgb_gen:pic_rgb_gen_inst|fifo_256x8:fifo_256x8_inst|scfifo:scfifo_component|scfifo_ov21:auto_generated|a_dpfifo_v531:dpfifo|a_fefifo_18e:fifo_state|cntr_fo7:count_usedw   ; work         ;
;                   |cntr_3ob:rd_ptr_count|          ; 8 (8)       ; 8 (8)                     ; 0 (0)         ; 0           ; 0    ; 0            ; 0       ; 0         ; 0    ; 0            ; 0 (0)        ; 0 (0)             ; 8 (8)            ; |snake|pic_rgb_gen:pic_rgb_gen_inst|fifo_256x8:fifo_256x8_inst|scfifo:scfifo_component|scfifo_ov21:auto_generated|a_dpfifo_v531:dpfifo|cntr_3ob:rd_ptr_count                          ; work         ;
;                   |cntr_3ob:wr_ptr|                ; 8 (8)       ; 8 (8)                     ; 0 (0)         ; 0           ; 0    ; 0            ; 0       ; 0         ; 0    ; 0            ; 0 (0)        ; 0 (0)             ; 8 (8)            ; |snake|pic_rgb_gen:pic_rgb_gen_inst|fifo_256x8:fifo_256x8_inst|scfifo:scfifo_component|scfifo_ov21:auto_generated|a_dpfifo_v531:dpfifo|cntr_3ob:wr_ptr                                ; work         ;
;                   |dpram_4711:FIFOram|             ; 0 (0)       ; 0 (0)                     ; 0 (0)         ; 2048        ; 1    ; 0            ; 0       ; 0         ; 0    ; 0            ; 0 (0)        ; 0 (0)             ; 0 (0)            ; |snake|pic_rgb_gen:pic_rgb_gen_inst|fifo_256x8:fifo_256x8_inst|scfifo:scfifo_component|scfifo_ov21:auto_generated|a_dpfifo_v531:dpfifo|dpram_4711:FIFOram                             ; work         ;
;                      |altsyncram_q0k1:altsyncram1| ; 0 (0)       ; 0 (0)                     ; 0 (0)         ; 2048        ; 1    ; 0            ; 0       ; 0         ; 0    ; 0            ; 0 (0)        ; 0 (0)             ; 0 (0)            ; |snake|pic_rgb_gen:pic_rgb_gen_inst|fifo_256x8:fifo_256x8_inst|scfifo:scfifo_component|scfifo_ov21:auto_generated|a_dpfifo_v531:dpfifo|dpram_4711:FIFOram|altsyncram_q0k1:altsyncram1 ; work         ;
;       |lpm_divide:Div0|                            ; 67 (0)      ; 0 (0)                     ; 0 (0)         ; 0           ; 0    ; 0            ; 0       ; 0         ; 0    ; 0            ; 67 (0)       ; 0 (0)             ; 0 (0)            ; |snake|pic_rgb_gen:pic_rgb_gen_inst|lpm_divide:Div0                                                                                                                                   ; work         ;
;          |lpm_divide_uim:auto_generated|           ; 67 (0)      ; 0 (0)                     ; 0 (0)         ; 0           ; 0    ; 0            ; 0       ; 0         ; 0    ; 0            ; 67 (0)       ; 0 (0)             ; 0 (0)            ; |snake|pic_rgb_gen:pic_rgb_gen_inst|lpm_divide:Div0|lpm_divide_uim:auto_generated                                                                                                     ; work         ;
;             |sign_div_unsign_mlh:divider|          ; 67 (0)      ; 0 (0)                     ; 0 (0)         ; 0           ; 0    ; 0            ; 0       ; 0         ; 0    ; 0            ; 67 (0)       ; 0 (0)             ; 0 (0)            ; |snake|pic_rgb_gen:pic_rgb_gen_inst|lpm_divide:Div0|lpm_divide_uim:auto_generated|sign_div_unsign_mlh:divider                                                                         ; work         ;
;                |alt_u_div_07f:divider|             ; 67 (67)     ; 0 (0)                     ; 0 (0)         ; 0           ; 0    ; 0            ; 0       ; 0         ; 0    ; 0            ; 67 (67)      ; 0 (0)             ; 0 (0)            ; |snake|pic_rgb_gen:pic_rgb_gen_inst|lpm_divide:Div0|lpm_divide_uim:auto_generated|sign_div_unsign_mlh:divider|alt_u_div_07f:divider                                                   ; work         ;
;       |lpm_divide:Div1|                            ; 79 (0)      ; 0 (0)                     ; 0 (0)         ; 0           ; 0    ; 0            ; 0       ; 0         ; 0    ; 0            ; 79 (0)       ; 0 (0)             ; 0 (0)            ; |snake|pic_rgb_gen:pic_rgb_gen_inst|lpm_divide:Div1                                                                                                                                   ; work         ;
;          |lpm_divide_tim:auto_generated|           ; 79 (0)      ; 0 (0)                     ; 0 (0)         ; 0           ; 0    ; 0            ; 0       ; 0         ; 0    ; 0            ; 79 (0)       ; 0 (0)             ; 0 (0)            ; |snake|pic_rgb_gen:pic_rgb_gen_inst|lpm_divide:Div1|lpm_divide_tim:auto_generated                                                                                                     ; work         ;
;             |sign_div_unsign_llh:divider|          ; 79 (0)      ; 0 (0)                     ; 0 (0)         ; 0           ; 0    ; 0            ; 0       ; 0         ; 0    ; 0            ; 79 (0)       ; 0 (0)             ; 0 (0)            ; |snake|pic_rgb_gen:pic_rgb_gen_inst|lpm_divide:Div1|lpm_divide_tim:auto_generated|sign_div_unsign_llh:divider                                                                         ; work         ;
;                |alt_u_div_u6f:divider|             ; 79 (79)     ; 0 (0)                     ; 0 (0)         ; 0           ; 0    ; 0            ; 0       ; 0         ; 0    ; 0            ; 79 (79)      ; 0 (0)             ; 0 (0)            ; |snake|pic_rgb_gen:pic_rgb_gen_inst|lpm_divide:Div1|lpm_divide_tim:auto_generated|sign_div_unsign_llh:divider|alt_u_div_u6f:divider                                                   ; work         ;
;       |prbs32_to_8:prbs32_to_8_inst|               ; 31 (31)     ; 31 (31)                   ; 0 (0)         ; 0           ; 0    ; 0            ; 0       ; 0         ; 0    ; 0            ; 0 (0)        ; 9 (9)             ; 22 (22)          ; |snake|pic_rgb_gen:pic_rgb_gen_inst|prbs32_to_8:prbs32_to_8_inst                                                                                                                      ; work         ;
;       |prbs8bit:prbs8bit_inst|                     ; 10 (10)     ; 8 (8)                     ; 0 (0)         ; 0           ; 0    ; 0            ; 0       ; 0         ; 0    ; 0            ; 2 (2)        ; 0 (0)             ; 8 (8)            ; |snake|pic_rgb_gen:pic_rgb_gen_inst|prbs8bit:prbs8bit_inst                                                                                                                            ; work         ;
;       |ram_256x2:ram_256x2_inst|                   ; 0 (0)       ; 0 (0)                     ; 0 (0)         ; 512         ; 1    ; 0            ; 0       ; 0         ; 0    ; 0            ; 0 (0)        ; 0 (0)             ; 0 (0)            ; |snake|pic_rgb_gen:pic_rgb_gen_inst|ram_256x2:ram_256x2_inst                                                                                                                          ; work         ;
;          |altsyncram:altsyncram_component|         ; 0 (0)       ; 0 (0)                     ; 0 (0)         ; 512         ; 1    ; 0            ; 0       ; 0         ; 0    ; 0            ; 0 (0)        ; 0 (0)             ; 0 (0)            ; |snake|pic_rgb_gen:pic_rgb_gen_inst|ram_256x2:ram_256x2_inst|altsyncram:altsyncram_component                                                                                          ; work         ;
;             |altsyncram_qbh2:auto_generated|       ; 0 (0)       ; 0 (0)                     ; 0 (0)         ; 512         ; 1    ; 0            ; 0       ; 0         ; 0    ; 0            ; 0 (0)        ; 0 (0)             ; 0 (0)            ; |snake|pic_rgb_gen:pic_rgb_gen_inst|ram_256x2:ram_256x2_inst|altsyncram:altsyncram_component|altsyncram_qbh2:auto_generated                                                           ; work         ;
;    |pll_25mhz:pll_25mhz_inst|                      ; 1 (0)       ; 1 (0)                     ; 0 (0)         ; 0           ; 0    ; 0            ; 0       ; 0         ; 0    ; 0            ; 0 (0)        ; 0 (0)             ; 1 (0)            ; |snake|pll_25mhz:pll_25mhz_inst                                                                                                                                                       ; work         ;
;       |altpll:altpll_component|                    ; 1 (0)       ; 1 (0)                     ; 0 (0)         ; 0           ; 0    ; 0            ; 0       ; 0         ; 0    ; 0            ; 0 (0)        ; 0 (0)             ; 1 (0)            ; |snake|pll_25mhz:pll_25mhz_inst|altpll:altpll_component                                                                                                                               ; work         ;
;          |pll_25mhz_altpll:auto_generated|         ; 1 (1)       ; 1 (1)                     ; 0 (0)         ; 0           ; 0    ; 0            ; 0       ; 0         ; 0    ; 0            ; 0 (0)        ; 0 (0)             ; 1 (1)            ; |snake|pll_25mhz:pll_25mhz_inst|altpll:altpll_component|pll_25mhz_altpll:auto_generated                                                                                               ; work         ;
;    |vga_ctrl:vga_ctrl_inst|                        ; 81 (81)     ; 20 (20)                   ; 0 (0)         ; 0           ; 0    ; 0            ; 0       ; 0         ; 0    ; 0            ; 60 (60)      ; 0 (0)             ; 21 (21)          ; |snake|vga_ctrl:vga_ctrl_inst                                                                                                                                                         ; work         ;
+----------------------------------------------------+-------------+---------------------------+---------------+-------------+------+--------------+---------+-----------+------+--------------+--------------+-------------------+------------------+---------------------------------------------------------------------------------------------------------------------------------------------------------------------------------------+--------------+
Note: For table entries with two numbers listed, the numbers in parentheses indicate the number of resources of the given type used by the specific entity alone. The numbers listed outside of parentheses indicate the total resources of the given type used by the specific entity and all of its sub-entities in the hierarchy.


+-------------------------------------------------------------------------------------------+
; Delay Chain Summary                                                                       ;
+-----------+----------+---------------+---------------+-----------------------+-----+------+
; Name      ; Pin Type ; Pad to Core 0 ; Pad to Core 1 ; Pad to Input Register ; TCO ; TCOE ;
+-----------+----------+---------------+---------------+-----------------------+-----+------+
; ds        ; Output   ; --            ; --            ; --                    ; --  ; --   ;
; oe        ; Output   ; --            ; --            ; --                    ; --  ; --   ;
; shcp      ; Output   ; --            ; --            ; --                    ; --  ; --   ;
; stcp      ; Output   ; --            ; --            ; --                    ; --  ; --   ;
; led       ; Output   ; --            ; --            ; --                    ; --  ; --   ;
; rgb[0]    ; Output   ; --            ; --            ; --                    ; --  ; --   ;
; rgb[1]    ; Output   ; --            ; --            ; --                    ; --  ; --   ;
; rgb[2]    ; Output   ; --            ; --            ; --                    ; --  ; --   ;
; rgb[3]    ; Output   ; --            ; --            ; --                    ; --  ; --   ;
; rgb[4]    ; Output   ; --            ; --            ; --                    ; --  ; --   ;
; rgb[5]    ; Output   ; --            ; --            ; --                    ; --  ; --   ;
; rgb[6]    ; Output   ; --            ; --            ; --                    ; --  ; --   ;
; rgb[7]    ; Output   ; --            ; --            ; --                    ; --  ; --   ;
; rgb[8]    ; Output   ; --            ; --            ; --                    ; --  ; --   ;
; rgb[9]    ; Output   ; --            ; --            ; --                    ; --  ; --   ;
; rgb[10]   ; Output   ; --            ; --            ; --                    ; --  ; --   ;
; rgb[11]   ; Output   ; --            ; --            ; --                    ; --  ; --   ;
; rgb[12]   ; Output   ; --            ; --            ; --                    ; --  ; --   ;
; rgb[13]   ; Output   ; --            ; --            ; --                    ; --  ; --   ;
; rgb[14]   ; Output   ; --            ; --            ; --                    ; --  ; --   ;
; rgb[15]   ; Output   ; --            ; --            ; --                    ; --  ; --   ;
; hsync     ; Output   ; --            ; --            ; --                    ; --  ; --   ;
; vsync     ; Output   ; --            ; --            ; --                    ; --  ; --   ;
; sys_rst_n ; Input    ; (0) 0 ps      ; --            ; --                    ; --  ; --   ;
; sys_clk   ; Input    ; (0) 0 ps      ; --            ; --                    ; --  ; --   ;
; inf_in    ; Input    ; (6) 1314 ps   ; --            ; --                    ; --  ; --   ;
+-----------+----------+---------------+---------------+-----------------------+-----+------+


+-------------------------------------------------------------------------------------------------------------------+
; Pad To Core Delay Chain Fanout                                                                                    ;
+-------------------------------------------------------------------------------------+-------------------+---------+
; Source Pin / Fanout                                                                 ; Pad To Core Index ; Setting ;
+-------------------------------------------------------------------------------------+-------------------+---------+
; sys_rst_n                                                                           ;                   ;         ;
; sys_clk                                                                             ;                   ;         ;
; inf_in                                                                              ;                   ;         ;
;      - inf_rcv:inf_rcv_inst|inf_rcv_decoder:inf_rcv_decoder_inst|inf_in_dly1~feeder ; 0                 ; 6       ;
+-------------------------------------------------------------------------------------+-------------------+---------+


+--------------------------------------------------------------------------------------------------------------------------------------------------------------------------------------------------------------------------------------------------------------------------------------------------------+
; Control Signals                                                                                                                                                                                                                                                                                        ;
+-------------------------------------------------------------------------------------------------------------------------------------------------------------+--------------------+---------+----------------------------+--------+----------------------+------------------+---------------------------+
; Name                                                                                                                                                        ; Location           ; Fan-Out ; Usage                      ; Global ; Global Resource Used ; Global Line Name ; Enable Signal Source Name ;
+-------------------------------------------------------------------------------------------------------------------------------------------------------------+--------------------+---------+----------------------------+--------+----------------------+------------------+---------------------------+
; inf_rcv:inf_rcv_inst|inf_rcv_decoder:inf_rcv_decoder_inst|always10~5                                                                                        ; LCCOMB_X17_Y15_N2  ; 8       ; Clock enable               ; no     ; --                   ; --               ; --                        ;
; inf_rcv:inf_rcv_inst|inf_rcv_decoder:inf_rcv_decoder_inst|cnt[17]~53                                                                                        ; LCCOMB_X19_Y13_N0  ; 19      ; Sync. clear                ; no     ; --                   ; --               ; --                        ;
; inf_rcv:inf_rcv_inst|led_ctrl:led_ctrl_inst|cnt_50ms[14]~24                                                                                                 ; LCCOMB_X17_Y15_N26 ; 22      ; Sync. load                 ; no     ; --                   ; --               ; --                        ;
; inf_rcv:inf_rcv_inst|seg_595_dynamic:seg_595_dynamic_inst|seg_dynamic:seg_dynamic_inst|bcd_8421:bcd_8421_inst|Equal1~0                                      ; LCCOMB_X12_Y18_N2  ; 27      ; Clock enable               ; no     ; --                   ; --               ; --                        ;
; inf_rcv:inf_rcv_inst|seg_595_dynamic:seg_595_dynamic_inst|seg_dynamic:seg_dynamic_inst|bcd_8421:bcd_8421_inst|data_shift[22]~46                             ; LCCOMB_X14_Y16_N10 ; 4       ; Clock enable               ; no     ; --                   ; --               ; --                        ;
; inf_rcv:inf_rcv_inst|seg_595_dynamic:seg_595_dynamic_inst|seg_dynamic:seg_dynamic_inst|bcd_8421:bcd_8421_inst|data_shift[24]~38                             ; LCCOMB_X12_Y16_N8  ; 4       ; Clock enable               ; no     ; --                   ; --               ; --                        ;
; inf_rcv:inf_rcv_inst|seg_595_dynamic:seg_595_dynamic_inst|seg_dynamic:seg_dynamic_inst|bcd_8421:bcd_8421_inst|data_shift[28]~6                              ; LCCOMB_X13_Y17_N2  ; 4       ; Clock enable               ; no     ; --                   ; --               ; --                        ;
; inf_rcv:inf_rcv_inst|seg_595_dynamic:seg_595_dynamic_inst|seg_dynamic:seg_dynamic_inst|bcd_8421:bcd_8421_inst|data_shift[32]~24                             ; LCCOMB_X14_Y17_N26 ; 4       ; Clock enable               ; no     ; --                   ; --               ; --                        ;
; inf_rcv:inf_rcv_inst|seg_595_dynamic:seg_595_dynamic_inst|seg_dynamic:seg_dynamic_inst|bcd_8421:bcd_8421_inst|data_shift[36]~8                              ; LCCOMB_X10_Y17_N8  ; 4       ; Clock enable               ; no     ; --                   ; --               ; --                        ;
; inf_rcv:inf_rcv_inst|seg_595_dynamic:seg_595_dynamic_inst|seg_dynamic:seg_dynamic_inst|bcd_8421:bcd_8421_inst|data_shift[42]~15                             ; LCCOMB_X9_Y17_N14  ; 4       ; Clock enable               ; no     ; --                   ; --               ; --                        ;
; inf_rcv:inf_rcv_inst|seg_595_dynamic:seg_595_dynamic_inst|seg_dynamic:seg_dynamic_inst|bcd_8421:bcd_8421_inst|data_shift[8]~73                              ; LCCOMB_X13_Y17_N20 ; 19      ; Clock enable               ; no     ; --                   ; --               ; --                        ;
; inf_rcv:inf_rcv_inst|seg_595_dynamic:seg_595_dynamic_inst|seg_dynamic:seg_dynamic_inst|flag_1ms                                                             ; FF_X9_Y21_N5       ; 14      ; Clock enable               ; no     ; --                   ; --               ; --                        ;
; pic_rgb_gen:pic_rgb_gen_inst|Equal3~2                                                                                                                       ; LCCOMB_X23_Y17_N12 ; 8       ; Clock enable               ; no     ; --                   ; --               ; --                        ;
; pic_rgb_gen:pic_rgb_gen_inst|address_a[1]~4                                                                                                                 ; LCCOMB_X25_Y17_N30 ; 8       ; Clock enable               ; no     ; --                   ; --               ; --                        ;
; pic_rgb_gen:pic_rgb_gen_inst|cnt_tick[14]~25                                                                                                                ; LCCOMB_X18_Y17_N8  ; 23      ; Sync. clear                ; no     ; --                   ; --               ; --                        ;
; pic_rgb_gen:pic_rgb_gen_inst|direct_sig_ctrl:direct_sig_ctrl_inst|direct[3]~3                                                                               ; LCCOMB_X21_Y17_N18 ; 4       ; Clock enable               ; no     ; --                   ; --               ; --                        ;
; pic_rgb_gen:pic_rgb_gen_inst|fifo_256x8:fifo_256x8_inst|scfifo:scfifo_component|scfifo_ov21:auto_generated|a_dpfifo_v531:dpfifo|a_fefifo_18e:fifo_state|_~0 ; LCCOMB_X29_Y18_N30 ; 8       ; Clock enable               ; no     ; --                   ; --               ; --                        ;
; pic_rgb_gen:pic_rgb_gen_inst|fifo_256x8:fifo_256x8_inst|scfifo:scfifo_component|scfifo_ov21:auto_generated|a_dpfifo_v531:dpfifo|valid_rreq                  ; LCCOMB_X26_Y18_N16 ; 9       ; Clock enable               ; no     ; --                   ; --               ; --                        ;
; pic_rgb_gen:pic_rgb_gen_inst|fifo_256x8:fifo_256x8_inst|scfifo:scfifo_component|scfifo_ov21:auto_generated|a_dpfifo_v531:dpfifo|valid_wreq                  ; LCCOMB_X28_Y18_N18 ; 16      ; Clock enable, Write enable ; no     ; --                   ; --               ; --                        ;
; pic_rgb_gen:pic_rgb_gen_inst|fruit_req                                                                                                                      ; FF_X25_Y17_N1      ; 9       ; Clock enable               ; no     ; --                   ; --               ; --                        ;
; pic_rgb_gen:pic_rgb_gen_inst|game_tick                                                                                                                      ; FF_X18_Y16_N25     ; 5       ; Clock enable               ; no     ; --                   ; --               ; --                        ;
; pic_rgb_gen:pic_rgb_gen_inst|new_head_x[0]~3                                                                                                                ; LCCOMB_X22_Y17_N0  ; 4       ; Clock enable               ; no     ; --                   ; --               ; --                        ;
; pic_rgb_gen:pic_rgb_gen_inst|new_head_y[0]~3                                                                                                                ; LCCOMB_X22_Y17_N24 ; 4       ; Clock enable               ; no     ; --                   ; --               ; --                        ;
; pic_rgb_gen:pic_rgb_gen_inst|pi_en~0                                                                                                                        ; LCCOMB_X24_Y17_N22 ; 9       ; Clock enable               ; no     ; --                   ; --               ; --                        ;
; pic_rgb_gen:pic_rgb_gen_inst|prbs8bit:prbs8bit_inst|lfsr_reg[6]~1                                                                                           ; LCCOMB_X25_Y18_N8  ; 8       ; Clock enable               ; no     ; --                   ; --               ; --                        ;
; pic_rgb_gen:pic_rgb_gen_inst|wr_en_a                                                                                                                        ; FF_X24_Y17_N9      ; 3       ; Write enable               ; no     ; --                   ; --               ; --                        ;
; pll_25mhz:pll_25mhz_inst|altpll:altpll_component|pll_25mhz_altpll:auto_generated|wire_pll1_clk[0]                                                           ; PLL_1              ; 200     ; Clock                      ; yes    ; Global Clock         ; GCLK3            ; --                        ;
; pll_25mhz:pll_25mhz_inst|altpll:altpll_component|pll_25mhz_altpll:auto_generated|wire_pll1_locked                                                           ; PLL_1              ; 2       ; Clock                      ; no     ; --                   ; --               ; --                        ;
; rst_n~0                                                                                                                                                     ; LCCOMB_X28_Y9_N26  ; 440     ; Async. clear               ; yes    ; Global Clock         ; GCLK7            ; --                        ;
; sys_clk                                                                                                                                                     ; PIN_E1             ; 2       ; Clock                      ; no     ; --                   ; --               ; --                        ;
; sys_clk                                                                                                                                                     ; PIN_E1             ; 250     ; Clock                      ; yes    ; Global Clock         ; GCLK2            ; --                        ;
; sys_rst_n                                                                                                                                                   ; PIN_M15            ; 2       ; Async. clear               ; yes    ; Global Clock         ; GCLK9            ; --                        ;
+-------------------------------------------------------------------------------------------------------------------------------------------------------------+--------------------+---------+----------------------------+--------+----------------------+------------------+---------------------------+


+----------------------------------------------------------------------------------------------------------------------------------------------------------------------------------------------------------------------------------------------+
; Global & Other Fast Signals                                                                                                                                                                                                                  ;
+---------------------------------------------------------------------------------------------------+-------------------+---------+--------------------------------------+----------------------+------------------+---------------------------+
; Name                                                                                              ; Location          ; Fan-Out ; Fan-Out Using Intentional Clock Skew ; Global Resource Used ; Global Line Name ; Enable Signal Source Name ;
+---------------------------------------------------------------------------------------------------+-------------------+---------+--------------------------------------+----------------------+------------------+---------------------------+
; pll_25mhz:pll_25mhz_inst|altpll:altpll_component|pll_25mhz_altpll:auto_generated|wire_pll1_clk[0] ; PLL_1             ; 200     ; 0                                    ; Global Clock         ; GCLK3            ; --                        ;
; rst_n~0                                                                                           ; LCCOMB_X28_Y9_N26 ; 440     ; 0                                    ; Global Clock         ; GCLK7            ; --                        ;
; sys_clk                                                                                           ; PIN_E1            ; 250     ; 0                                    ; Global Clock         ; GCLK2            ; --                        ;
; sys_rst_n                                                                                         ; PIN_M15           ; 2       ; 0                                    ; Global Clock         ; GCLK9            ; --                        ;
+---------------------------------------------------------------------------------------------------+-------------------+---------+--------------------------------------+----------------------+------------------+---------------------------+


+-----------------------------------------------------------------------------------------------------------------------------------------------------------------------------------------------------------+
; Non-Global High Fan-Out Signals                                                                                                                                                                           ;
+-------------------------------------------------------------------------------------------------------------------------------------------------------------------------------------------------+---------+
; Name                                                                                                                                                                                            ; Fan-Out ;
+-------------------------------------------------------------------------------------------------------------------------------------------------------------------------------------------------+---------+
; inf_rcv:inf_rcv_inst|seg_595_dynamic:seg_595_dynamic_inst|seg_dynamic:seg_dynamic_inst|bcd_8421:bcd_8421_inst|Equal0~1                                                                          ; 51      ;
; vga_ctrl:vga_ctrl_inst|pix_data_req~1                                                                                                                                                           ; 39      ;
; inf_rcv:inf_rcv_inst|inf_rcv_decoder:inf_rcv_decoder_inst|always9~0                                                                                                                             ; 32      ;
; inf_rcv:inf_rcv_inst|seg_595_dynamic:seg_595_dynamic_inst|seg_dynamic:seg_dynamic_inst|bcd_8421:bcd_8421_inst|Equal1~0                                                                          ; 27      ;
; inf_rcv:inf_rcv_inst|seg_595_dynamic:seg_595_dynamic_inst|hc595_ctrl:hc595_ctrl_inst|cnt_4[0]                                                                                                   ; 26      ;
; inf_rcv:inf_rcv_inst|seg_595_dynamic:seg_595_dynamic_inst|seg_dynamic:seg_dynamic_inst|bcd_8421:bcd_8421_inst|always1~0                                                                         ; 24      ;
; pic_rgb_gen:pic_rgb_gen_inst|cnt_tick[14]~25                                                                                                                                                    ; 23      ;
; inf_rcv:inf_rcv_inst|led_ctrl:led_ctrl_inst|cnt_50ms[14]~24                                                                                                                                     ; 22      ;
; inf_rcv:inf_rcv_inst|seg_595_dynamic:seg_595_dynamic_inst|seg_dynamic:seg_dynamic_inst|bcd_8421:bcd_8421_inst|data_shift[8]~73                                                                  ; 19      ;
; inf_rcv:inf_rcv_inst|inf_rcv_decoder:inf_rcv_decoder_inst|cnt[17]~53                                                                                                                            ; 19      ;
; pic_rgb_gen:pic_rgb_gen_inst|lpm_divide:Div0|lpm_divide_uim:auto_generated|sign_div_unsign_mlh:divider|alt_u_div_07f:divider|add_sub_6_result_int[7]~8                                          ; 18      ;
; pic_rgb_gen:pic_rgb_gen_inst|fifo_256x8:fifo_256x8_inst|scfifo:scfifo_component|scfifo_ov21:auto_generated|a_dpfifo_v531:dpfifo|valid_wreq                                                      ; 17      ;
; ~GND                                                                                                                                                                                            ; 16      ;
; inf_rcv:inf_rcv_inst|seg_595_dynamic:seg_595_dynamic_inst|seg_dynamic:seg_dynamic_inst|cnt_sel[1]                                                                                               ; 15      ;
; pic_rgb_gen:pic_rgb_gen_inst|lpm_divide:Div0|lpm_divide_uim:auto_generated|sign_div_unsign_mlh:divider|alt_u_div_07f:divider|add_sub_7_result_int[7]~8                                          ; 15      ;
; inf_rcv:inf_rcv_inst|seg_595_dynamic:seg_595_dynamic_inst|seg_dynamic:seg_dynamic_inst|flag_1ms                                                                                                 ; 14      ;
; pic_rgb_gen:pic_rgb_gen_inst|lpm_divide:Div1|lpm_divide_tim:auto_generated|sign_div_unsign_llh:divider|alt_u_div_u6f:divider|add_sub_7_result_int[6]~10                                         ; 14      ;
; pic_rgb_gen:pic_rgb_gen_inst|lpm_divide:Div1|lpm_divide_tim:auto_generated|sign_div_unsign_llh:divider|alt_u_div_u6f:divider|add_sub_6_result_int[6]~10                                         ; 14      ;
; pic_rgb_gen:pic_rgb_gen_inst|lpm_divide:Div0|lpm_divide_uim:auto_generated|sign_div_unsign_mlh:divider|alt_u_div_07f:divider|add_sub_5_result_int[6]~6                                          ; 14      ;
; pic_rgb_gen:pic_rgb_gen_inst|address_a[1]~0                                                                                                                                                     ; 13      ;
; pic_rgb_gen:pic_rgb_gen_inst|state.TICK                                                                                                                                                         ; 13      ;
; vga_ctrl:vga_ctrl_inst|Equal0~3                                                                                                                                                                 ; 13      ;
; pic_rgb_gen:pic_rgb_gen_inst|lpm_divide:Div1|lpm_divide_tim:auto_generated|sign_div_unsign_llh:divider|alt_u_div_u6f:divider|add_sub_5_result_int[6]~10                                         ; 13      ;
; pic_rgb_gen:pic_rgb_gen_inst|lpm_divide:Div1|lpm_divide_tim:auto_generated|sign_div_unsign_llh:divider|alt_u_div_u6f:divider|add_sub_4_result_int[5]~8                                          ; 13      ;
; inf_rcv:inf_rcv_inst|inf_rcv_decoder:inf_rcv_decoder_inst|cnt_data_bit[1]                                                                                                                       ; 12      ;
; inf_rcv:inf_rcv_inst|inf_rcv_decoder:inf_rcv_decoder_inst|cnt_data_bit[0]                                                                                                                       ; 12      ;
; pic_rgb_gen:pic_rgb_gen_inst|address_a[1]~1                                                                                                                                                     ; 12      ;
; inf_rcv:inf_rcv_inst|seg_595_dynamic:seg_595_dynamic_inst|seg_dynamic:seg_dynamic_inst|cnt_sel[0]                                                                                               ; 12      ;
; pic_rgb_gen:pic_rgb_gen_inst|cnt_pre_addr[7]                                                                                                                                                    ; 12      ;
; pic_rgb_gen:pic_rgb_gen_inst|cnt_pre_addr[3]                                                                                                                                                    ; 12      ;
; inf_rcv:inf_rcv_inst|inf_rcv_decoder:inf_rcv_decoder_inst|cnt_data_bit[2]                                                                                                                       ; 11      ;
; inf_rcv:inf_rcv_inst|inf_rcv_decoder:inf_rcv_decoder_inst|cnt_data_bit[5]                                                                                                                       ; 11      ;
; inf_rcv:inf_rcv_inst|inf_rcv_decoder:inf_rcv_decoder_inst|inf_in_dly2                                                                                                                           ; 11      ;
; pic_rgb_gen:pic_rgb_gen_inst|fruit_req_dly2                                                                                                                                                     ; 11      ;
; inf_rcv:inf_rcv_inst|seg_595_dynamic:seg_595_dynamic_inst|hc595_ctrl:hc595_ctrl_inst|cnt_4[1]                                                                                                   ; 11      ;
; vga_ctrl:vga_ctrl_inst|rgb[0]~2                                                                                                                                                                 ; 11      ;
; pic_rgb_gen:pic_rgb_gen_inst|lpm_divide:Div1|lpm_divide_tim:auto_generated|sign_div_unsign_llh:divider|alt_u_div_u6f:divider|add_sub_8_result_int[6]~10                                         ; 11      ;
; inf_rcv:inf_rcv_inst|inf_rcv_decoder:inf_rcv_decoder_inst|state.DATA                                                                                                                            ; 10      ;
; inf_rcv:inf_rcv_inst|inf_rcv_decoder:inf_rcv_decoder_inst|inf_in_dly3                                                                                                                           ; 10      ;
; pic_rgb_gen:pic_rgb_gen_inst|always5~1                                                                                                                                                          ; 10      ;
; vga_ctrl:vga_ctrl_inst|always1~2                                                                                                                                                                ; 10      ;
; inf_rcv:inf_rcv_inst|seg_595_dynamic:seg_595_dynamic_inst|hc595_ctrl:hc595_ctrl_inst|cnt_bit[0]                                                                                                 ; 10      ;
; rst_n~0                                                                                                                                                                                         ; 10      ;
; inf_rcv:inf_rcv_inst|inf_rcv_decoder:inf_rcv_decoder_inst|cnt[12]                                                                                                                               ; 10      ;
; inf_rcv:inf_rcv_inst|inf_rcv_decoder:inf_rcv_decoder_inst|cnt[11]                                                                                                                               ; 10      ;
; pic_rgb_gen:pic_rgb_gen_inst|fruit_req                                                                                                                                                          ; 9       ;
; pic_rgb_gen:pic_rgb_gen_inst|pi_en~0                                                                                                                                                            ; 9       ;
; pic_rgb_gen:pic_rgb_gen_inst|fifo_256x8:fifo_256x8_inst|scfifo:scfifo_component|scfifo_ov21:auto_generated|a_dpfifo_v531:dpfifo|valid_rreq                                                      ; 9       ;
; inf_rcv:inf_rcv_inst|seg_595_dynamic:seg_595_dynamic_inst|hc595_ctrl:hc595_ctrl_inst|cnt_bit[3]                                                                                                 ; 9       ;
; inf_rcv:inf_rcv_inst|inf_rcv_decoder:inf_rcv_decoder_inst|cnt[13]                                                                                                                               ; 9       ;
; inf_rcv:inf_rcv_inst|inf_rcv_decoder:inf_rcv_decoder_inst|cnt[10]                                                                                                                               ; 9       ;
; inf_rcv:inf_rcv_inst|inf_rcv_decoder:inf_rcv_decoder_inst|cnt[9]                                                                                                                                ; 9       ;
; inf_rcv:inf_rcv_inst|inf_rcv_decoder:inf_rcv_decoder_inst|cnt[14]                                                                                                                               ; 9       ;
; pic_rgb_gen:pic_rgb_gen_inst|lpm_divide:Div0|lpm_divide_uim:auto_generated|sign_div_unsign_mlh:divider|alt_u_div_07f:divider|add_sub_8_result_int[7]~8                                          ; 9       ;
; inf_rcv:inf_rcv_inst|inf_rcv_decoder:inf_rcv_decoder_inst|data_reg~21                                                                                                                           ; 8       ;
; inf_rcv:inf_rcv_inst|inf_rcv_decoder:inf_rcv_decoder_inst|data_reg~19                                                                                                                           ; 8       ;
; inf_rcv:inf_rcv_inst|inf_rcv_decoder:inf_rcv_decoder_inst|always10~5                                                                                                                            ; 8       ;
; pic_rgb_gen:pic_rgb_gen_inst|fifo_256x8:fifo_256x8_inst|scfifo:scfifo_component|scfifo_ov21:auto_generated|a_dpfifo_v531:dpfifo|a_fefifo_18e:fifo_state|_~0                                     ; 8       ;
; inf_rcv:inf_rcv_inst|inf_rcv_decoder:inf_rcv_decoder_inst|data_reg~3                                                                                                                            ; 8       ;
; inf_rcv:inf_rcv_inst|inf_rcv_decoder:inf_rcv_decoder_inst|data_reg~1                                                                                                                            ; 8       ;
; pic_rgb_gen:pic_rgb_gen_inst|prbs8bit:prbs8bit_inst|lfsr_reg[6]~1                                                                                                                               ; 8       ;
; pic_rgb_gen:pic_rgb_gen_inst|Equal3~2                                                                                                                                                           ; 8       ;
; pic_rgb_gen:pic_rgb_gen_inst|address_a[1]~4                                                                                                                                                     ; 8       ;
; pic_rgb_gen:pic_rgb_gen_inst|state.IDLE                                                                                                                                                         ; 8       ;
; inf_rcv:inf_rcv_inst|inf_rcv_decoder:inf_rcv_decoder_inst|cnt[15]                                                                                                                               ; 8       ;
; inf_rcv:inf_rcv_inst|inf_rcv_decoder:inf_rcv_decoder_inst|cnt[7]                                                                                                                                ; 8       ;
; inf_rcv:inf_rcv_inst|inf_rcv_decoder:inf_rcv_decoder_inst|cnt[8]                                                                                                                                ; 8       ;
; inf_rcv:inf_rcv_inst|inf_rcv_decoder:inf_rcv_decoder_inst|cnt_data_bit[4]                                                                                                                       ; 7       ;
; inf_rcv:inf_rcv_inst|inf_rcv_decoder:inf_rcv_decoder_inst|cnt_data_bit[3]                                                                                                                       ; 7       ;
; inf_rcv:inf_rcv_inst|seg_595_dynamic:seg_595_dynamic_inst|seg_dynamic:seg_dynamic_inst|bcd_8421:bcd_8421_inst|cnt_shift[4]                                                                      ; 7       ;
; inf_rcv:inf_rcv_inst|seg_595_dynamic:seg_595_dynamic_inst|seg_dynamic:seg_dynamic_inst|Equal0~4                                                                                                 ; 7       ;
; inf_rcv:inf_rcv_inst|seg_595_dynamic:seg_595_dynamic_inst|seg_dynamic:seg_dynamic_inst|cnt_sel[2]                                                                                               ; 7       ;
; inf_rcv:inf_rcv_inst|led_ctrl:led_ctrl_inst|repeat_en_p                                                                                                                                         ; 7       ;
; inf_rcv:inf_rcv_inst|seg_595_dynamic:seg_595_dynamic_inst|seg_dynamic:seg_dynamic_inst|data_disp[3]                                                                                             ; 7       ;
; inf_rcv:inf_rcv_inst|seg_595_dynamic:seg_595_dynamic_inst|seg_dynamic:seg_dynamic_inst|data_disp[2]                                                                                             ; 7       ;
; inf_rcv:inf_rcv_inst|seg_595_dynamic:seg_595_dynamic_inst|seg_dynamic:seg_dynamic_inst|data_disp[1]                                                                                             ; 7       ;
; inf_rcv:inf_rcv_inst|seg_595_dynamic:seg_595_dynamic_inst|seg_dynamic:seg_dynamic_inst|data_disp[0]                                                                                             ; 7       ;
; vga_ctrl:vga_ctrl_inst|cnt_h[4]                                                                                                                                                                 ; 7       ;
; vga_ctrl:vga_ctrl_inst|cnt_v[4]                                                                                                                                                                 ; 7       ;
; vga_ctrl:vga_ctrl_inst|cnt_v[3]                                                                                                                                                                 ; 7       ;
; vga_ctrl:vga_ctrl_inst|cnt_v[1]                                                                                                                                                                 ; 7       ;
; vga_ctrl:vga_ctrl_inst|cnt_v[2]                                                                                                                                                                 ; 7       ;
; vga_ctrl:vga_ctrl_inst|cnt_v[9]                                                                                                                                                                 ; 7       ;
; inf_rcv:inf_rcv_inst|inf_rcv_decoder:inf_rcv_decoder_inst|cnt[16]                                                                                                                               ; 7       ;
; inf_rcv:inf_rcv_inst|inf_rcv_decoder:inf_rcv_decoder_inst|cnt[6]                                                                                                                                ; 7       ;
; inf_rcv:inf_rcv_inst|inf_rcv_decoder:inf_rcv_decoder_inst|cnt[5]                                                                                                                                ; 7       ;
; inf_rcv:inf_rcv_inst|inf_rcv_decoder:inf_rcv_decoder_inst|always8~0                                                                                                                             ; 6       ;
; inf_rcv:inf_rcv_inst|inf_rcv_decoder:inf_rcv_decoder_inst|state.N_9MS                                                                                                                           ; 6       ;
; inf_rcv:inf_rcv_inst|seg_595_dynamic:seg_595_dynamic_inst|seg_dynamic:seg_dynamic_inst|bcd_8421:bcd_8421_inst|LessThan6~1                                                                       ; 6       ;
; inf_rcv:inf_rcv_inst|inf_rcv_decoder:inf_rcv_decoder_inst|state.ARBIT                                                                                                                           ; 6       ;
; inf_rcv:inf_rcv_inst|seg_595_dynamic:seg_595_dynamic_inst|seg_dynamic:seg_dynamic_inst|bcd_8421:bcd_8421_inst|data_shift[20]                                                                    ; 6       ;
; inf_rcv:inf_rcv_inst|seg_595_dynamic:seg_595_dynamic_inst|seg_dynamic:seg_dynamic_inst|bcd_8421:bcd_8421_inst|data_shift[26]                                                                    ; 6       ;
; inf_rcv:inf_rcv_inst|seg_595_dynamic:seg_595_dynamic_inst|seg_dynamic:seg_dynamic_inst|bcd_8421:bcd_8421_inst|data_shift[24]                                                                    ; 6       ;
; inf_rcv:inf_rcv_inst|seg_595_dynamic:seg_595_dynamic_inst|seg_dynamic:seg_dynamic_inst|bcd_8421:bcd_8421_inst|data_shift[30]                                                                    ; 6       ;
; inf_rcv:inf_rcv_inst|seg_595_dynamic:seg_595_dynamic_inst|seg_dynamic:seg_dynamic_inst|bcd_8421:bcd_8421_inst|data_shift[32]                                                                    ; 6       ;
; inf_rcv:inf_rcv_inst|seg_595_dynamic:seg_595_dynamic_inst|seg_dynamic:seg_dynamic_inst|bcd_8421:bcd_8421_inst|data_shift[34]                                                                    ; 6       ;
; inf_rcv:inf_rcv_inst|seg_595_dynamic:seg_595_dynamic_inst|seg_dynamic:seg_dynamic_inst|bcd_8421:bcd_8421_inst|data_shift[42]                                                                    ; 6       ;
; inf_rcv:inf_rcv_inst|seg_595_dynamic:seg_595_dynamic_inst|seg_dynamic:seg_dynamic_inst|bcd_8421:bcd_8421_inst|data_shift[40]                                                                    ; 6       ;
; inf_rcv:inf_rcv_inst|seg_595_dynamic:seg_595_dynamic_inst|seg_dynamic:seg_dynamic_inst|bcd_8421:bcd_8421_inst|data_shift[36]                                                                    ; 6       ;
; inf_rcv:inf_rcv_inst|seg_595_dynamic:seg_595_dynamic_inst|seg_dynamic:seg_dynamic_inst|bcd_8421:bcd_8421_inst|data_shift[38]                                                                    ; 6       ;
; inf_rcv:inf_rcv_inst|seg_595_dynamic:seg_595_dynamic_inst|seg_dynamic:seg_dynamic_inst|bcd_8421:bcd_8421_inst|data_shift[28]                                                                    ; 6       ;
; inf_rcv:inf_rcv_inst|seg_595_dynamic:seg_595_dynamic_inst|seg_dynamic:seg_dynamic_inst|always4~0                                                                                                ; 6       ;
; inf_rcv:inf_rcv_inst|seg_595_dynamic:seg_595_dynamic_inst|hc595_ctrl:hc595_ctrl_inst|cnt_bit[2]                                                                                                 ; 6       ;
; vga_ctrl:vga_ctrl_inst|cnt_h[5]                                                                                                                                                                 ; 6       ;
; vga_ctrl:vga_ctrl_inst|cnt_h[6]                                                                                                                                                                 ; 6       ;
; vga_ctrl:vga_ctrl_inst|cnt_h[7]                                                                                                                                                                 ; 6       ;
; inf_rcv:inf_rcv_inst|inf_rcv_decoder:inf_rcv_decoder_inst|cnt[18]                                                                                                                               ; 6       ;
; inf_rcv:inf_rcv_inst|inf_rcv_decoder:inf_rcv_decoder_inst|cnt[17]                                                                                                                               ; 6       ;
; inf_rcv:inf_rcv_inst|inf_rcv_decoder:inf_rcv_decoder_inst|data[3]                                                                                                                               ; 5       ;
; inf_rcv:inf_rcv_inst|inf_rcv_decoder:inf_rcv_decoder_inst|data[2]                                                                                                                               ; 5       ;
; pic_rgb_gen:pic_rgb_gen_inst|game_tick                                                                                                                                                          ; 5       ;
; inf_rcv:inf_rcv_inst|inf_rcv_decoder:inf_rcv_decoder_inst|flag_560us                                                                                                                            ; 5       ;
; inf_rcv:inf_rcv_inst|seg_595_dynamic:seg_595_dynamic_inst|seg_dynamic:seg_dynamic_inst|bcd_8421:bcd_8421_inst|data_shift[23]                                                                    ; 5       ;
; inf_rcv:inf_rcv_inst|seg_595_dynamic:seg_595_dynamic_inst|seg_dynamic:seg_dynamic_inst|bcd_8421:bcd_8421_inst|data_shift[22]                                                                    ; 5       ;
; inf_rcv:inf_rcv_inst|seg_595_dynamic:seg_595_dynamic_inst|seg_dynamic:seg_dynamic_inst|bcd_8421:bcd_8421_inst|data_shift[21]                                                                    ; 5       ;
; inf_rcv:inf_rcv_inst|seg_595_dynamic:seg_595_dynamic_inst|seg_dynamic:seg_dynamic_inst|bcd_8421:bcd_8421_inst|data_shift[25]                                                                    ; 5       ;
; inf_rcv:inf_rcv_inst|seg_595_dynamic:seg_595_dynamic_inst|seg_dynamic:seg_dynamic_inst|bcd_8421:bcd_8421_inst|data_shift[27]                                                                    ; 5       ;
; inf_rcv:inf_rcv_inst|seg_595_dynamic:seg_595_dynamic_inst|seg_dynamic:seg_dynamic_inst|bcd_8421:bcd_8421_inst|data_shift[29]                                                                    ; 5       ;
; inf_rcv:inf_rcv_inst|seg_595_dynamic:seg_595_dynamic_inst|seg_dynamic:seg_dynamic_inst|bcd_8421:bcd_8421_inst|data_shift[31]                                                                    ; 5       ;
; inf_rcv:inf_rcv_inst|seg_595_dynamic:seg_595_dynamic_inst|seg_dynamic:seg_dynamic_inst|bcd_8421:bcd_8421_inst|data_shift[33]                                                                    ; 5       ;
; inf_rcv:inf_rcv_inst|seg_595_dynamic:seg_595_dynamic_inst|seg_dynamic:seg_dynamic_inst|bcd_8421:bcd_8421_inst|data_shift[35]                                                                    ; 5       ;
; inf_rcv:inf_rcv_inst|seg_595_dynamic:seg_595_dynamic_inst|seg_dynamic:seg_dynamic_inst|bcd_8421:bcd_8421_inst|data_shift[39]                                                                    ; 5       ;
; inf_rcv:inf_rcv_inst|seg_595_dynamic:seg_595_dynamic_inst|seg_dynamic:seg_dynamic_inst|bcd_8421:bcd_8421_inst|data_shift[41]                                                                    ; 5       ;
; inf_rcv:inf_rcv_inst|seg_595_dynamic:seg_595_dynamic_inst|seg_dynamic:seg_dynamic_inst|bcd_8421:bcd_8421_inst|data_shift[37]                                                                    ; 5       ;
; pic_rgb_gen:pic_rgb_gen_inst|pi_en                                                                                                                                                              ; 5       ;
; pic_rgb_gen:pic_rgb_gen_inst|po_en                                                                                                                                                              ; 5       ;
; pic_rgb_gen:pic_rgb_gen_inst|pre_game                                                                                                                                                           ; 5       ;
; inf_rcv:inf_rcv_inst|seg_595_dynamic:seg_595_dynamic_inst|seg_dynamic:seg_dynamic_inst|bcd_8421:bcd_8421_inst|tho[1]                                                                            ; 5       ;
; inf_rcv:inf_rcv_inst|seg_595_dynamic:seg_595_dynamic_inst|seg_dynamic:seg_dynamic_inst|bcd_8421:bcd_8421_inst|h_hun[2]                                                                          ; 5       ;
; pic_rgb_gen:pic_rgb_gen_inst|cnt_pre_addr[0]                                                                                                                                                    ; 5       ;
; pic_rgb_gen:pic_rgb_gen_inst|game_tick_dly4                                                                                                                                                     ; 5       ;
; inf_rcv:inf_rcv_inst|seg_595_dynamic:seg_595_dynamic_inst|hc595_ctrl:hc595_ctrl_inst|cnt_bit[1]                                                                                                 ; 5       ;
; vga_ctrl:vga_ctrl_inst|rgb[11]~3                                                                                                                                                                ; 5       ;
; vga_ctrl:vga_ctrl_inst|cnt_h[8]                                                                                                                                                                 ; 5       ;
; vga_ctrl:vga_ctrl_inst|cnt_h[9]                                                                                                                                                                 ; 5       ;
; vga_ctrl:vga_ctrl_inst|cnt_h[3]                                                                                                                                                                 ; 5       ;
; vga_ctrl:vga_ctrl_inst|cnt_v[6]                                                                                                                                                                 ; 5       ;
; vga_ctrl:vga_ctrl_inst|cnt_v[7]                                                                                                                                                                 ; 5       ;
; vga_ctrl:vga_ctrl_inst|cnt_v[8]                                                                                                                                                                 ; 5       ;
; vga_ctrl:vga_ctrl_inst|cnt_v[5]                                                                                                                                                                 ; 5       ;
; inf_rcv:inf_rcv_inst|inf_rcv_decoder:inf_rcv_decoder_inst|cnt[4]                                                                                                                                ; 5       ;
; pic_rgb_gen:pic_rgb_gen_inst|cnt_pre_addr[1]                                                                                                                                                    ; 5       ;
; pic_rgb_gen:pic_rgb_gen_inst|ram_256x2:ram_256x2_inst|altsyncram:altsyncram_component|altsyncram_qbh2:auto_generated|q_a[0]                                                                     ; 5       ;
; inf_rcv:inf_rcv_inst|inf_rcv_decoder:inf_rcv_decoder_inst|state~11                                                                                                                              ; 4       ;
; inf_rcv:inf_rcv_inst|seg_595_dynamic:seg_595_dynamic_inst|seg_dynamic:seg_dynamic_inst|bcd_8421:bcd_8421_inst|data_shift[22]~46                                                                 ; 4       ;
; inf_rcv:inf_rcv_inst|seg_595_dynamic:seg_595_dynamic_inst|seg_dynamic:seg_dynamic_inst|bcd_8421:bcd_8421_inst|data_shift[24]~38                                                                 ; 4       ;
; inf_rcv:inf_rcv_inst|seg_595_dynamic:seg_595_dynamic_inst|seg_dynamic:seg_dynamic_inst|bcd_8421:bcd_8421_inst|data_shift[32]~24                                                                 ; 4       ;
; inf_rcv:inf_rcv_inst|seg_595_dynamic:seg_595_dynamic_inst|seg_dynamic:seg_dynamic_inst|bcd_8421:bcd_8421_inst|data_shift[42]~15                                                                 ; 4       ;
; inf_rcv:inf_rcv_inst|seg_595_dynamic:seg_595_dynamic_inst|seg_dynamic:seg_dynamic_inst|bcd_8421:bcd_8421_inst|data_shift[36]~8                                                                  ; 4       ;
; inf_rcv:inf_rcv_inst|seg_595_dynamic:seg_595_dynamic_inst|seg_dynamic:seg_dynamic_inst|bcd_8421:bcd_8421_inst|data_shift[28]~6                                                                  ; 4       ;
; inf_rcv:inf_rcv_inst|seg_595_dynamic:seg_595_dynamic_inst|seg_dynamic:seg_dynamic_inst|bcd_8421:bcd_8421_inst|LessThan6~0                                                                       ; 4       ;
; pic_rgb_gen:pic_rgb_gen_inst|direct_sig_ctrl:direct_sig_ctrl_inst|direct[3]~3                                                                                                                   ; 4       ;
; inf_rcv:inf_rcv_inst|inf_rcv_decoder:inf_rcv_decoder_inst|Decoder0~7                                                                                                                            ; 4       ;
; inf_rcv:inf_rcv_inst|inf_rcv_decoder:inf_rcv_decoder_inst|Decoder0~6                                                                                                                            ; 4       ;
; inf_rcv:inf_rcv_inst|inf_rcv_decoder:inf_rcv_decoder_inst|Decoder0~5                                                                                                                            ; 4       ;
; inf_rcv:inf_rcv_inst|inf_rcv_decoder:inf_rcv_decoder_inst|Decoder0~4                                                                                                                            ; 4       ;
; inf_rcv:inf_rcv_inst|inf_rcv_decoder:inf_rcv_decoder_inst|Decoder0~3                                                                                                                            ; 4       ;
; inf_rcv:inf_rcv_inst|inf_rcv_decoder:inf_rcv_decoder_inst|Decoder0~2                                                                                                                            ; 4       ;
; inf_rcv:inf_rcv_inst|inf_rcv_decoder:inf_rcv_decoder_inst|Decoder0~1                                                                                                                            ; 4       ;
; inf_rcv:inf_rcv_inst|inf_rcv_decoder:inf_rcv_decoder_inst|data_reg~0                                                                                                                            ; 4       ;
; inf_rcv:inf_rcv_inst|inf_rcv_decoder:inf_rcv_decoder_inst|Decoder0~0                                                                                                                            ; 4       ;
; inf_rcv:inf_rcv_inst|inf_rcv_decoder:inf_rcv_decoder_inst|Selector0~0                                                                                                                           ; 4       ;
; inf_rcv:inf_rcv_inst|seg_595_dynamic:seg_595_dynamic_inst|seg_dynamic:seg_dynamic_inst|bcd_8421:bcd_8421_inst|data_shift[43]                                                                    ; 4       ;
; inf_rcv:inf_rcv_inst|seg_595_dynamic:seg_595_dynamic_inst|seg_dynamic:seg_dynamic_inst|bcd_8421:bcd_8421_inst|cnt_shift[2]                                                                      ; 4       ;
; pic_rgb_gen:pic_rgb_gen_inst|new_head_y[0]~3                                                                                                                                                    ; 4       ;
; pic_rgb_gen:pic_rgb_gen_inst|always14~1                                                                                                                                                         ; 4       ;
; pic_rgb_gen:pic_rgb_gen_inst|lfsr_shift                                                                                                                                                         ; 4       ;
; pic_rgb_gen:pic_rgb_gen_inst|fifo_256x8:fifo_256x8_inst|scfifo:scfifo_component|scfifo_ov21:auto_generated|a_dpfifo_v531:dpfifo|a_fefifo_18e:fifo_state|b_non_empty                             ; 4       ;
; pic_rgb_gen:pic_rgb_gen_inst|fifo_256x8:fifo_256x8_inst|scfifo:scfifo_component|scfifo_ov21:auto_generated|a_dpfifo_v531:dpfifo|a_fefifo_18e:fifo_state|b_full                                  ; 4       ;
; pic_rgb_gen:pic_rgb_gen_inst|new_head_x[0]~3                                                                                                                                                    ; 4       ;
; pic_rgb_gen:pic_rgb_gen_inst|always13~0                                                                                                                                                         ; 4       ;
; pic_rgb_gen:pic_rgb_gen_inst|direct_sig_ctrl:direct_sig_ctrl_inst|direct[3]                                                                                                                     ; 4       ;
; pic_rgb_gen:pic_rgb_gen_inst|direct_sig_ctrl:direct_sig_ctrl_inst|direct[0]                                                                                                                     ; 4       ;
; pic_rgb_gen:pic_rgb_gen_inst|direct_sig_ctrl:direct_sig_ctrl_inst|direct[1]                                                                                                                     ; 4       ;
; pic_rgb_gen:pic_rgb_gen_inst|direct_sig_ctrl:direct_sig_ctrl_inst|direct[2]                                                                                                                     ; 4       ;
; pic_rgb_gen:pic_rgb_gen_inst|lfsr_shift_dly3                                                                                                                                                    ; 4       ;
; inf_rcv:inf_rcv_inst|inf_rcv_decoder:inf_rcv_decoder_inst|state.REPEAT                                                                                                                          ; 4       ;
; inf_rcv:inf_rcv_inst|seg_595_dynamic:seg_595_dynamic_inst|seg_dynamic:seg_dynamic_inst|bcd_8421:bcd_8421_inst|hun[1]                                                                            ; 4       ;
; inf_rcv:inf_rcv_inst|seg_595_dynamic:seg_595_dynamic_inst|seg_dynamic:seg_dynamic_inst|bcd_8421:bcd_8421_inst|hun[3]                                                                            ; 4       ;
; inf_rcv:inf_rcv_inst|seg_595_dynamic:seg_595_dynamic_inst|seg_dynamic:seg_dynamic_inst|bcd_8421:bcd_8421_inst|tho[0]                                                                            ; 4       ;
; inf_rcv:inf_rcv_inst|seg_595_dynamic:seg_595_dynamic_inst|seg_dynamic:seg_dynamic_inst|bcd_8421:bcd_8421_inst|tho[3]                                                                            ; 4       ;
; inf_rcv:inf_rcv_inst|seg_595_dynamic:seg_595_dynamic_inst|seg_dynamic:seg_dynamic_inst|data_reg~1                                                                                               ; 4       ;
; inf_rcv:inf_rcv_inst|seg_595_dynamic:seg_595_dynamic_inst|seg_dynamic:seg_dynamic_inst|bcd_8421:bcd_8421_inst|h_hun[3]                                                                          ; 4       ;
; inf_rcv:inf_rcv_inst|seg_595_dynamic:seg_595_dynamic_inst|seg_dynamic:seg_dynamic_inst|bcd_8421:bcd_8421_inst|h_hun[0]                                                                          ; 4       ;
; inf_rcv:inf_rcv_inst|seg_595_dynamic:seg_595_dynamic_inst|seg_dynamic:seg_dynamic_inst|bcd_8421:bcd_8421_inst|h_hun[1]                                                                          ; 4       ;
; pic_rgb_gen:pic_rgb_gen_inst|new_head_y[0]                                                                                                                                                      ; 4       ;
; pic_rgb_gen:pic_rgb_gen_inst|state.ARBIT                                                                                                                                                        ; 4       ;
; pic_rgb_gen:pic_rgb_gen_inst|new_head_x[0]                                                                                                                                                      ; 4       ;
; pic_rgb_gen:pic_rgb_gen_inst|state.GENF                                                                                                                                                         ; 4       ;
; inf_rcv:inf_rcv_inst|seg_595_dynamic:seg_595_dynamic_inst|hc595_ctrl:hc595_ctrl_inst|always2~1                                                                                                  ; 4       ;
; vga_ctrl:vga_ctrl_inst|cnt_v[0]                                                                                                                                                                 ; 4       ;
; inf_rcv:inf_rcv_inst|inf_rcv_decoder:inf_rcv_decoder_inst|cnt[3]                                                                                                                                ; 4       ;
; pic_rgb_gen:pic_rgb_gen_inst|cnt_pre_addr[6]                                                                                                                                                    ; 4       ;
; pic_rgb_gen:pic_rgb_gen_inst|cnt_pre_addr[5]                                                                                                                                                    ; 4       ;
; pic_rgb_gen:pic_rgb_gen_inst|cnt_pre_addr[4]                                                                                                                                                    ; 4       ;
; pic_rgb_gen:pic_rgb_gen_inst|cnt_pre_addr[2]                                                                                                                                                    ; 4       ;
; pic_rgb_gen:pic_rgb_gen_inst|ram_256x2:ram_256x2_inst|altsyncram:altsyncram_component|altsyncram_qbh2:auto_generated|q_a[1]                                                                     ; 4       ;
; inf_rcv:inf_rcv_inst|inf_rcv_decoder:inf_rcv_decoder_inst|state.IDLE                                                                                                                            ; 3       ;
; pic_rgb_gen:pic_rgb_gen_inst|direct_sig_ctrl:direct_sig_ctrl_inst|Equal1~0                                                                                                                      ; 3       ;
; inf_rcv:inf_rcv_inst|inf_rcv_decoder:inf_rcv_decoder_inst|data[1]                                                                                                                               ; 3       ;
; inf_rcv:inf_rcv_inst|inf_rcv_decoder:inf_rcv_decoder_inst|data[0]                                                                                                                               ; 3       ;
; inf_rcv:inf_rcv_inst|inf_rcv_decoder:inf_rcv_decoder_inst|flag_4_5ms                                                                                                                            ; 3       ;
; pic_rgb_gen:pic_rgb_gen_inst|prbs32_to_8:prbs32_to_8_inst|lfsr_reg[1]                                                                                                                           ; 3       ;
; pic_rgb_gen:pic_rgb_gen_inst|fifo_256x8:fifo_256x8_inst|scfifo:scfifo_component|scfifo_ov21:auto_generated|a_dpfifo_v531:dpfifo|a_fefifo_18e:fifo_state|cntr_fo7:count_usedw|counter_reg_bit[0] ; 3       ;
; pic_rgb_gen:pic_rgb_gen_inst|fifo_256x8:fifo_256x8_inst|scfifo:scfifo_component|scfifo_ov21:auto_generated|a_dpfifo_v531:dpfifo|a_fefifo_18e:fifo_state|cntr_fo7:count_usedw|counter_reg_bit[1] ; 3       ;
; pic_rgb_gen:pic_rgb_gen_inst|fifo_256x8:fifo_256x8_inst|scfifo:scfifo_component|scfifo_ov21:auto_generated|a_dpfifo_v531:dpfifo|a_fefifo_18e:fifo_state|cntr_fo7:count_usedw|counter_reg_bit[2] ; 3       ;
; pic_rgb_gen:pic_rgb_gen_inst|fifo_256x8:fifo_256x8_inst|scfifo:scfifo_component|scfifo_ov21:auto_generated|a_dpfifo_v531:dpfifo|a_fefifo_18e:fifo_state|cntr_fo7:count_usedw|counter_reg_bit[3] ; 3       ;
; pic_rgb_gen:pic_rgb_gen_inst|fifo_256x8:fifo_256x8_inst|scfifo:scfifo_component|scfifo_ov21:auto_generated|a_dpfifo_v531:dpfifo|a_fefifo_18e:fifo_state|cntr_fo7:count_usedw|counter_reg_bit[4] ; 3       ;
; pic_rgb_gen:pic_rgb_gen_inst|fifo_256x8:fifo_256x8_inst|scfifo:scfifo_component|scfifo_ov21:auto_generated|a_dpfifo_v531:dpfifo|a_fefifo_18e:fifo_state|cntr_fo7:count_usedw|counter_reg_bit[5] ; 3       ;
; pic_rgb_gen:pic_rgb_gen_inst|fifo_256x8:fifo_256x8_inst|scfifo:scfifo_component|scfifo_ov21:auto_generated|a_dpfifo_v531:dpfifo|a_fefifo_18e:fifo_state|cntr_fo7:count_usedw|counter_reg_bit[6] ; 3       ;
; pic_rgb_gen:pic_rgb_gen_inst|fifo_256x8:fifo_256x8_inst|scfifo:scfifo_component|scfifo_ov21:auto_generated|a_dpfifo_v531:dpfifo|a_fefifo_18e:fifo_state|cntr_fo7:count_usedw|counter_reg_bit[7] ; 3       ;
; inf_rcv:inf_rcv_inst|inf_rcv_decoder:inf_rcv_decoder_inst|flag_1_69ms                                                                                                                           ; 3       ;
; inf_rcv:inf_rcv_inst|inf_rcv_decoder:inf_rcv_decoder_inst|flag_2_25ms                                                                                                                           ; 3       ;
; inf_rcv:inf_rcv_inst|seg_595_dynamic:seg_595_dynamic_inst|seg_dynamic:seg_dynamic_inst|bcd_8421:bcd_8421_inst|cnt_shift[1]                                                                      ; 3       ;
; inf_rcv:inf_rcv_inst|seg_595_dynamic:seg_595_dynamic_inst|seg_dynamic:seg_dynamic_inst|bcd_8421:bcd_8421_inst|cnt_shift[3]                                                                      ; 3       ;
; pic_rgb_gen:pic_rgb_gen_inst|game_tick_dly1                                                                                                                                                     ; 3       ;
; inf_rcv:inf_rcv_inst|inf_rcv_decoder:inf_rcv_decoder_inst|data_reg[23]                                                                                                                          ; 3       ;
; inf_rcv:inf_rcv_inst|inf_rcv_decoder:inf_rcv_decoder_inst|data_reg[22]                                                                                                                          ; 3       ;
; inf_rcv:inf_rcv_inst|inf_rcv_decoder:inf_rcv_decoder_inst|data_reg[21]                                                                                                                          ; 3       ;
; inf_rcv:inf_rcv_inst|inf_rcv_decoder:inf_rcv_decoder_inst|data_reg[20]                                                                                                                          ; 3       ;
; inf_rcv:inf_rcv_inst|inf_rcv_decoder:inf_rcv_decoder_inst|data_reg[19]                                                                                                                          ; 3       ;
; inf_rcv:inf_rcv_inst|inf_rcv_decoder:inf_rcv_decoder_inst|data_reg[18]                                                                                                                          ; 3       ;
; inf_rcv:inf_rcv_inst|inf_rcv_decoder:inf_rcv_decoder_inst|data_reg[17]                                                                                                                          ; 3       ;
; inf_rcv:inf_rcv_inst|inf_rcv_decoder:inf_rcv_decoder_inst|data_reg[16]                                                                                                                          ; 3       ;
; inf_rcv:inf_rcv_inst|seg_595_dynamic:seg_595_dynamic_inst|seg_dynamic:seg_dynamic_inst|bcd_8421:bcd_8421_inst|ten[1]                                                                            ; 3       ;
; inf_rcv:inf_rcv_inst|seg_595_dynamic:seg_595_dynamic_inst|seg_dynamic:seg_dynamic_inst|bcd_8421:bcd_8421_inst|ten[3]                                                                            ; 3       ;
; inf_rcv:inf_rcv_inst|seg_595_dynamic:seg_595_dynamic_inst|seg_dynamic:seg_dynamic_inst|WideOr3~3                                                                                                ; 3       ;
; inf_rcv:inf_rcv_inst|seg_595_dynamic:seg_595_dynamic_inst|seg_dynamic:seg_dynamic_inst|WideOr3~2                                                                                                ; 3       ;
; inf_rcv:inf_rcv_inst|seg_595_dynamic:seg_595_dynamic_inst|seg_dynamic:seg_dynamic_inst|bcd_8421:bcd_8421_inst|ten[0]                                                                            ; 3       ;
; inf_rcv:inf_rcv_inst|seg_595_dynamic:seg_595_dynamic_inst|seg_dynamic:seg_dynamic_inst|bcd_8421:bcd_8421_inst|hun[2]                                                                            ; 3       ;
; inf_rcv:inf_rcv_inst|seg_595_dynamic:seg_595_dynamic_inst|seg_dynamic:seg_dynamic_inst|bcd_8421:bcd_8421_inst|t_tho[3]                                                                          ; 3       ;
; inf_rcv:inf_rcv_inst|seg_595_dynamic:seg_595_dynamic_inst|seg_dynamic:seg_dynamic_inst|WideOr0                                                                                                  ; 3       ;
; inf_rcv:inf_rcv_inst|seg_595_dynamic:seg_595_dynamic_inst|seg_dynamic:seg_dynamic_inst|bcd_8421:bcd_8421_inst|t_tho[0]                                                                          ; 3       ;
; inf_rcv:inf_rcv_inst|seg_595_dynamic:seg_595_dynamic_inst|seg_dynamic:seg_dynamic_inst|bcd_8421:bcd_8421_inst|t_tho[1]                                                                          ; 3       ;
; inf_rcv:inf_rcv_inst|seg_595_dynamic:seg_595_dynamic_inst|seg_dynamic:seg_dynamic_inst|bcd_8421:bcd_8421_inst|t_tho[2]                                                                          ; 3       ;
; pic_rgb_gen:pic_rgb_gen_inst|prbs8bit:prbs8bit_inst|lfsr_reg[4]                                                                                                                                 ; 3       ;
; pic_rgb_gen:pic_rgb_gen_inst|prbs8bit:prbs8bit_inst|lfsr_reg[3]                                                                                                                                 ; 3       ;
; pic_rgb_gen:pic_rgb_gen_inst|prbs8bit:prbs8bit_inst|lfsr_reg[2]                                                                                                                                 ; 3       ;
; pic_rgb_gen:pic_rgb_gen_inst|prbs8bit:prbs8bit_inst|lfsr_reg[0]                                                                                                                                 ; 3       ;
; pic_rgb_gen:pic_rgb_gen_inst|game_tick_dly2                                                                                                                                                     ; 3       ;
; pic_rgb_gen:pic_rgb_gen_inst|Equal3~0                                                                                                                                                           ; 3       ;
; pic_rgb_gen:pic_rgb_gen_inst|always5~2                                                                                                                                                          ; 3       ;
; pic_rgb_gen:pic_rgb_gen_inst|game_tick_dly7                                                                                                                                                     ; 3       ;
; pic_rgb_gen:pic_rgb_gen_inst|game_tick_dly5                                                                                                                                                     ; 3       ;
; pic_rgb_gen:pic_rgb_gen_inst|wr_en_a                                                                                                                                                            ; 3       ;
; inf_rcv:inf_rcv_inst|led_ctrl:led_ctrl_inst|repeat_en_dly1                                                                                                                                      ; 3       ;
; inf_rcv:inf_rcv_inst|seg_595_dynamic:seg_595_dynamic_inst|seg_dynamic:seg_dynamic_inst|sel_reg[0]                                                                                               ; 3       ;
; inf_rcv:inf_rcv_inst|seg_595_dynamic:seg_595_dynamic_inst|hc595_ctrl:hc595_ctrl_inst|Equal1~0                                                                                                   ; 3       ;
; vga_ctrl:vga_ctrl_inst|Equal0~1                                                                                                                                                                 ; 3       ;
; vga_ctrl:vga_ctrl_inst|cnt_h[0]                                                                                                                                                                 ; 3       ;
; vga_ctrl:vga_ctrl_inst|cnt_h[1]                                                                                                                                                                 ; 3       ;
; vga_ctrl:vga_ctrl_inst|cnt_h[2]                                                                                                                                                                 ; 3       ;
; vga_ctrl:vga_ctrl_inst|Equal0~0                                                                                                                                                                 ; 3       ;
; vga_ctrl:vga_ctrl_inst|always1~0                                                                                                                                                                ; 3       ;
; inf_rcv:inf_rcv_inst|inf_rcv_decoder:inf_rcv_decoder_inst|cnt[2]                                                                                                                                ; 3       ;
; inf_rcv:inf_rcv_inst|inf_rcv_decoder:inf_rcv_decoder_inst|cnt[1]                                                                                                                                ; 3       ;
; inf_rcv:inf_rcv_inst|inf_rcv_decoder:inf_rcv_decoder_inst|cnt[0]                                                                                                                                ; 3       ;
; vga_ctrl:vga_ctrl_inst|Add4~6                                                                                                                                                                   ; 3       ;
; vga_ctrl:vga_ctrl_inst|Add4~4                                                                                                                                                                   ; 3       ;
; vga_ctrl:vga_ctrl_inst|Add4~2                                                                                                                                                                   ; 3       ;
; vga_ctrl:vga_ctrl_inst|Add4~0                                                                                                                                                                   ; 3       ;
; vga_ctrl:vga_ctrl_inst|Add3~4                                                                                                                                                                   ; 3       ;
; vga_ctrl:vga_ctrl_inst|Add3~2                                                                                                                                                                   ; 3       ;
; vga_ctrl:vga_ctrl_inst|Add3~0                                                                                                                                                                   ; 3       ;
; pic_rgb_gen:pic_rgb_gen_inst|new_head_y[3]                                                                                                                                                      ; 3       ;
; pic_rgb_gen:pic_rgb_gen_inst|new_head_y[2]                                                                                                                                                      ; 3       ;
; pic_rgb_gen:pic_rgb_gen_inst|new_head_y[1]                                                                                                                                                      ; 3       ;
; pic_rgb_gen:pic_rgb_gen_inst|new_head_x[3]                                                                                                                                                      ; 3       ;
; pic_rgb_gen:pic_rgb_gen_inst|new_head_x[2]                                                                                                                                                      ; 3       ;
; pic_rgb_gen:pic_rgb_gen_inst|new_head_x[1]                                                                                                                                                      ; 3       ;
; inf_rcv:inf_rcv_inst|inf_rcv_decoder:inf_rcv_decoder_inst|state~13                                                                                                                              ; 2       ;
; pic_rgb_gen:pic_rgb_gen_inst|lpm_divide:Div1|lpm_divide_tim:auto_generated|sign_div_unsign_llh:divider|alt_u_div_u6f:divider|StageOut[44]~78                                                    ; 2       ;
; pic_rgb_gen:pic_rgb_gen_inst|lpm_divide:Div1|lpm_divide_tim:auto_generated|sign_div_unsign_llh:divider|alt_u_div_u6f:divider|StageOut[45]~77                                                    ; 2       ;
; pic_rgb_gen:pic_rgb_gen_inst|lpm_divide:Div1|lpm_divide_tim:auto_generated|sign_div_unsign_llh:divider|alt_u_div_u6f:divider|StageOut[38]~75                                                    ; 2       ;
; pic_rgb_gen:pic_rgb_gen_inst|lpm_divide:Div1|lpm_divide_tim:auto_generated|sign_div_unsign_llh:divider|alt_u_div_u6f:divider|StageOut[39]~74                                                    ; 2       ;
; pic_rgb_gen:pic_rgb_gen_inst|lpm_divide:Div1|lpm_divide_tim:auto_generated|sign_div_unsign_llh:divider|alt_u_div_u6f:divider|StageOut[32]~72                                                    ; 2       ;
; pic_rgb_gen:pic_rgb_gen_inst|lpm_divide:Div1|lpm_divide_tim:auto_generated|sign_div_unsign_llh:divider|alt_u_div_u6f:divider|StageOut[33]~71                                                    ; 2       ;
; pic_rgb_gen:pic_rgb_gen_inst|lpm_divide:Div1|lpm_divide_tim:auto_generated|sign_div_unsign_llh:divider|alt_u_div_u6f:divider|StageOut[25]~69                                                    ; 2       ;
; pic_rgb_gen:pic_rgb_gen_inst|lpm_divide:Div1|lpm_divide_tim:auto_generated|sign_div_unsign_llh:divider|alt_u_div_u6f:divider|StageOut[26]~68                                                    ; 2       ;
; pic_rgb_gen:pic_rgb_gen_inst|lpm_divide:Div1|lpm_divide_tim:auto_generated|sign_div_unsign_llh:divider|alt_u_div_u6f:divider|StageOut[27]~67                                                    ; 2       ;
; pic_rgb_gen:pic_rgb_gen_inst|lpm_divide:Div0|lpm_divide_uim:auto_generated|sign_div_unsign_mlh:divider|alt_u_div_07f:divider|StageOut[50]~68                                                    ; 2       ;
; pic_rgb_gen:pic_rgb_gen_inst|lpm_divide:Div0|lpm_divide_uim:auto_generated|sign_div_unsign_mlh:divider|alt_u_div_07f:divider|StageOut[51]~64                                                    ; 2       ;
; pic_rgb_gen:pic_rgb_gen_inst|lpm_divide:Div0|lpm_divide_uim:auto_generated|sign_div_unsign_mlh:divider|alt_u_div_07f:divider|StageOut[52]~63                                                    ; 2       ;
; pic_rgb_gen:pic_rgb_gen_inst|lpm_divide:Div0|lpm_divide_uim:auto_generated|sign_div_unsign_mlh:divider|alt_u_div_07f:divider|StageOut[53]~62                                                    ; 2       ;
; pic_rgb_gen:pic_rgb_gen_inst|lpm_divide:Div0|lpm_divide_uim:auto_generated|sign_div_unsign_mlh:divider|alt_u_div_07f:divider|StageOut[46]~60                                                    ; 2       ;
; pic_rgb_gen:pic_rgb_gen_inst|lpm_divide:Div0|lpm_divide_uim:auto_generated|sign_div_unsign_mlh:divider|alt_u_div_07f:divider|StageOut[38]~58                                                    ; 2       ;
; pic_rgb_gen:pic_rgb_gen_inst|lpm_divide:Div0|lpm_divide_uim:auto_generated|sign_div_unsign_mlh:divider|alt_u_div_07f:divider|StageOut[39]~57                                                    ; 2       ;
; inf_rcv:inf_rcv_inst|seg_595_dynamic:seg_595_dynamic_inst|seg_dynamic:seg_dynamic_inst|bcd_8421:bcd_8421_inst|data_shift[0]                                                                     ; 2       ;
; pic_rgb_gen:pic_rgb_gen_inst|prbs32_to_8:prbs32_to_8_inst|lfsr_reg[2]                                                                                                                           ; 2       ;
; inf_rcv:inf_rcv_inst|inf_rcv_decoder:inf_rcv_decoder_inst|data_reg[7]                                                                                                                           ; 2       ;
; inf_rcv:inf_rcv_inst|inf_rcv_decoder:inf_rcv_decoder_inst|data_reg[15]                                                                                                                          ; 2       ;
; inf_rcv:inf_rcv_inst|inf_rcv_decoder:inf_rcv_decoder_inst|data_reg[6]                                                                                                                           ; 2       ;
; inf_rcv:inf_rcv_inst|inf_rcv_decoder:inf_rcv_decoder_inst|data_reg[14]                                                                                                                          ; 2       ;
; inf_rcv:inf_rcv_inst|inf_rcv_decoder:inf_rcv_decoder_inst|data_reg[5]                                                                                                                           ; 2       ;
; inf_rcv:inf_rcv_inst|inf_rcv_decoder:inf_rcv_decoder_inst|data_reg[13]                                                                                                                          ; 2       ;
; inf_rcv:inf_rcv_inst|inf_rcv_decoder:inf_rcv_decoder_inst|data_reg[4]                                                                                                                           ; 2       ;
; inf_rcv:inf_rcv_inst|inf_rcv_decoder:inf_rcv_decoder_inst|data_reg[12]                                                                                                                          ; 2       ;
; inf_rcv:inf_rcv_inst|inf_rcv_decoder:inf_rcv_decoder_inst|data_reg[3]                                                                                                                           ; 2       ;
; inf_rcv:inf_rcv_inst|inf_rcv_decoder:inf_rcv_decoder_inst|data_reg[11]                                                                                                                          ; 2       ;
; inf_rcv:inf_rcv_inst|inf_rcv_decoder:inf_rcv_decoder_inst|data_reg[2]                                                                                                                           ; 2       ;
; inf_rcv:inf_rcv_inst|inf_rcv_decoder:inf_rcv_decoder_inst|data_reg[10]                                                                                                                          ; 2       ;
; inf_rcv:inf_rcv_inst|inf_rcv_decoder:inf_rcv_decoder_inst|data_reg[1]                                                                                                                           ; 2       ;
; inf_rcv:inf_rcv_inst|inf_rcv_decoder:inf_rcv_decoder_inst|data_reg[9]                                                                                                                           ; 2       ;
; inf_rcv:inf_rcv_inst|inf_rcv_decoder:inf_rcv_decoder_inst|data_reg[0]                                                                                                                           ; 2       ;
; inf_rcv:inf_rcv_inst|inf_rcv_decoder:inf_rcv_decoder_inst|data_reg[8]                                                                                                                           ; 2       ;
; pic_rgb_gen:pic_rgb_gen_inst|death                                                                                                                                                              ; 2       ;
; inf_rcv:inf_rcv_inst|inf_rcv_decoder:inf_rcv_decoder_inst|always3~3                                                                                                                             ; 2       ;
; inf_rcv:inf_rcv_inst|inf_rcv_decoder:inf_rcv_decoder_inst|always3~2                                                                                                                             ; 2       ;
; pic_rgb_gen:pic_rgb_gen_inst|prbs32_to_8:prbs32_to_8_inst|lfsr_reg[22]                                                                                                                          ; 2       ;
; pic_rgb_gen:pic_rgb_gen_inst|prbs32_to_8:prbs32_to_8_inst|lfsr_reg[0]                                                                                                                           ; 2       ;
; pic_rgb_gen:pic_rgb_gen_inst|direct_sig_ctrl:direct_sig_ctrl_inst|Equal0~1                                                                                                                      ; 2       ;
; pic_rgb_gen:pic_rgb_gen_inst|direct_sig_ctrl:direct_sig_ctrl_inst|Equal0~0                                                                                                                      ; 2       ;
; inf_rcv:inf_rcv_inst|inf_rcv_decoder:inf_rcv_decoder_inst|data[4]                                                                                                                               ; 2       ;
; inf_rcv:inf_rcv_inst|inf_rcv_decoder:inf_rcv_decoder_inst|data[5]                                                                                                                               ; 2       ;
; inf_rcv:inf_rcv_inst|inf_rcv_decoder:inf_rcv_decoder_inst|data[6]                                                                                                                               ; 2       ;
; inf_rcv:inf_rcv_inst|inf_rcv_decoder:inf_rcv_decoder_inst|data[7]                                                                                                                               ; 2       ;
; pic_rgb_gen:pic_rgb_gen_inst|Equal6~7                                                                                                                                                           ; 2       ;
; inf_rcv:inf_rcv_inst|inf_rcv_decoder:inf_rcv_decoder_inst|LessThan1~1                                                                                                                           ; 2       ;
; inf_rcv:inf_rcv_inst|inf_rcv_decoder:inf_rcv_decoder_inst|always0~1                                                                                                                             ; 2       ;
; inf_rcv:inf_rcv_inst|inf_rcv_decoder:inf_rcv_decoder_inst|always0~0                                                                                                                             ; 2       ;
; inf_rcv:inf_rcv_inst|inf_rcv_decoder:inf_rcv_decoder_inst|Selector0~1                                                                                                                           ; 2       ;
; inf_rcv:inf_rcv_inst|inf_rcv_decoder:inf_rcv_decoder_inst|always5~6                                                                                                                             ; 2       ;
; inf_rcv:inf_rcv_inst|inf_rcv_decoder:inf_rcv_decoder_inst|Selector2~0                                                                                                                           ; 2       ;
; inf_rcv:inf_rcv_inst|inf_rcv_decoder:inf_rcv_decoder_inst|flag_9ms                                                                                                                              ; 2       ;
; inf_rcv:inf_rcv_inst|inf_rcv_decoder:inf_rcv_decoder_inst|always7~7                                                                                                                             ; 2       ;
; inf_rcv:inf_rcv_inst|inf_rcv_decoder:inf_rcv_decoder_inst|always7~3                                                                                                                             ; 2       ;
; inf_rcv:inf_rcv_inst|inf_rcv_decoder:inf_rcv_decoder_inst|LessThan3~0                                                                                                                           ; 2       ;
; pic_rgb_gen:pic_rgb_gen_inst|prbs32_to_8:prbs32_to_8_inst|lfsr_reg[23]                                                                                                                          ; 2       ;
; pic_rgb_gen:pic_rgb_gen_inst|prbs32_to_8:prbs32_to_8_inst|lfsr_reg[5]                                                                                                                           ; 2       ;
; pic_rgb_gen:pic_rgb_gen_inst|prbs32_to_8:prbs32_to_8_inst|lfsr_reg[17]                                                                                                                          ; 2       ;
; pic_rgb_gen:pic_rgb_gen_inst|prbs32_to_8:prbs32_to_8_inst|lfsr_reg[9]                                                                                                                           ; 2       ;
; pic_rgb_gen:pic_rgb_gen_inst|prbs32_to_8:prbs32_to_8_inst|lfsr_reg[14]                                                                                                                          ; 2       ;
; pic_rgb_gen:pic_rgb_gen_inst|always26~0                                                                                                                                                         ; 2       ;
; pic_rgb_gen:pic_rgb_gen_inst|prbs32_to_8:prbs32_to_8_inst|lfsr_reg[26]                                                                                                                          ; 2       ;
; pic_rgb_gen:pic_rgb_gen_inst|direct_sig_ctrl:direct_sig_ctrl_inst|direct_reg.DOWN                                                                                                               ; 2       ;
; pic_rgb_gen:pic_rgb_gen_inst|direct_sig_ctrl:direct_sig_ctrl_inst|direct_tick[0]                                                                                                                ; 2       ;
; pic_rgb_gen:pic_rgb_gen_inst|direct_sig_ctrl:direct_sig_ctrl_inst|direct_tick[3]                                                                                                                ; 2       ;
; pic_rgb_gen:pic_rgb_gen_inst|direct_sig_ctrl:direct_sig_ctrl_inst|direct_tick[2]                                                                                                                ; 2       ;
; pic_rgb_gen:pic_rgb_gen_inst|direct_sig_ctrl:direct_sig_ctrl_inst|direct_reg.RIGHT                                                                                                              ; 2       ;
; pic_rgb_gen:pic_rgb_gen_inst|direct_sig_ctrl:direct_sig_ctrl_inst|direct_tick[1]                                                                                                                ; 2       ;
; pic_rgb_gen:pic_rgb_gen_inst|direct_sig_ctrl:direct_sig_ctrl_inst|direct_reg.UP                                                                                                                 ; 2       ;
; pic_rgb_gen:pic_rgb_gen_inst|direct_sig_ctrl:direct_sig_ctrl_inst|direct_reg.LEFT                                                                                                               ; 2       ;
; pic_rgb_gen:pic_rgb_gen_inst|fruit                                                                                                                                                              ; 2       ;
; inf_rcv:inf_rcv_inst|seg_595_dynamic:seg_595_dynamic_inst|seg_dynamic:seg_dynamic_inst|bcd_8421:bcd_8421_inst|Equal0~0                                                                          ; 2       ;
; pic_rgb_gen:pic_rgb_gen_inst|state.LFSR                                                                                                                                                         ; 2       ;
; pic_rgb_gen:pic_rgb_gen_inst|fifo_256x8:fifo_256x8_inst|scfifo:scfifo_component|scfifo_ov21:auto_generated|a_dpfifo_v531:dpfifo|cntr_3ob:rd_ptr_count|counter_reg_bit[7]                        ; 2       ;
; pic_rgb_gen:pic_rgb_gen_inst|fifo_256x8:fifo_256x8_inst|scfifo:scfifo_component|scfifo_ov21:auto_generated|a_dpfifo_v531:dpfifo|cntr_3ob:rd_ptr_count|counter_reg_bit[6]                        ; 2       ;
; pic_rgb_gen:pic_rgb_gen_inst|fifo_256x8:fifo_256x8_inst|scfifo:scfifo_component|scfifo_ov21:auto_generated|a_dpfifo_v531:dpfifo|cntr_3ob:rd_ptr_count|counter_reg_bit[5]                        ; 2       ;
; pic_rgb_gen:pic_rgb_gen_inst|fifo_256x8:fifo_256x8_inst|scfifo:scfifo_component|scfifo_ov21:auto_generated|a_dpfifo_v531:dpfifo|cntr_3ob:rd_ptr_count|counter_reg_bit[4]                        ; 2       ;
; pic_rgb_gen:pic_rgb_gen_inst|fifo_256x8:fifo_256x8_inst|scfifo:scfifo_component|scfifo_ov21:auto_generated|a_dpfifo_v531:dpfifo|cntr_3ob:rd_ptr_count|counter_reg_bit[3]                        ; 2       ;
; pic_rgb_gen:pic_rgb_gen_inst|fifo_256x8:fifo_256x8_inst|scfifo:scfifo_component|scfifo_ov21:auto_generated|a_dpfifo_v531:dpfifo|cntr_3ob:rd_ptr_count|counter_reg_bit[2]                        ; 2       ;
; pic_rgb_gen:pic_rgb_gen_inst|fifo_256x8:fifo_256x8_inst|scfifo:scfifo_component|scfifo_ov21:auto_generated|a_dpfifo_v531:dpfifo|cntr_3ob:rd_ptr_count|counter_reg_bit[1]                        ; 2       ;
; pic_rgb_gen:pic_rgb_gen_inst|fifo_256x8:fifo_256x8_inst|scfifo:scfifo_component|scfifo_ov21:auto_generated|a_dpfifo_v531:dpfifo|cntr_3ob:rd_ptr_count|counter_reg_bit[0]                        ; 2       ;
; pic_rgb_gen:pic_rgb_gen_inst|fifo_256x8:fifo_256x8_inst|scfifo:scfifo_component|scfifo_ov21:auto_generated|a_dpfifo_v531:dpfifo|cntr_3ob:wr_ptr|counter_reg_bit[7]                              ; 2       ;
; pic_rgb_gen:pic_rgb_gen_inst|fifo_256x8:fifo_256x8_inst|scfifo:scfifo_component|scfifo_ov21:auto_generated|a_dpfifo_v531:dpfifo|cntr_3ob:wr_ptr|counter_reg_bit[6]                              ; 2       ;
; pic_rgb_gen:pic_rgb_gen_inst|fifo_256x8:fifo_256x8_inst|scfifo:scfifo_component|scfifo_ov21:auto_generated|a_dpfifo_v531:dpfifo|cntr_3ob:wr_ptr|counter_reg_bit[5]                              ; 2       ;
; pic_rgb_gen:pic_rgb_gen_inst|fifo_256x8:fifo_256x8_inst|scfifo:scfifo_component|scfifo_ov21:auto_generated|a_dpfifo_v531:dpfifo|cntr_3ob:wr_ptr|counter_reg_bit[4]                              ; 2       ;
; pic_rgb_gen:pic_rgb_gen_inst|fifo_256x8:fifo_256x8_inst|scfifo:scfifo_component|scfifo_ov21:auto_generated|a_dpfifo_v531:dpfifo|cntr_3ob:wr_ptr|counter_reg_bit[3]                              ; 2       ;
; pic_rgb_gen:pic_rgb_gen_inst|fifo_256x8:fifo_256x8_inst|scfifo:scfifo_component|scfifo_ov21:auto_generated|a_dpfifo_v531:dpfifo|cntr_3ob:wr_ptr|counter_reg_bit[2]                              ; 2       ;
; pic_rgb_gen:pic_rgb_gen_inst|fifo_256x8:fifo_256x8_inst|scfifo:scfifo_component|scfifo_ov21:auto_generated|a_dpfifo_v531:dpfifo|cntr_3ob:wr_ptr|counter_reg_bit[1]                              ; 2       ;
; pic_rgb_gen:pic_rgb_gen_inst|fifo_256x8:fifo_256x8_inst|scfifo:scfifo_component|scfifo_ov21:auto_generated|a_dpfifo_v531:dpfifo|cntr_3ob:wr_ptr|counter_reg_bit[0]                              ; 2       ;
; pic_rgb_gen:pic_rgb_gen_inst|always13~1                                                                                                                                                         ; 2       ;
; pic_rgb_gen:pic_rgb_gen_inst|always14~0                                                                                                                                                         ; 2       ;
; pic_rgb_gen:pic_rgb_gen_inst|Equal3~1                                                                                                                                                           ; 2       ;
; pic_rgb_gen:pic_rgb_gen_inst|pre_game_dly                                                                                                                                                       ; 2       ;
; inf_rcv:inf_rcv_inst|inf_rcv_decoder:inf_rcv_decoder_inst|Equal1~4                                                                                                                              ; 2       ;
; inf_rcv:inf_rcv_inst|inf_rcv_decoder:inf_rcv_decoder_inst|data_reg[31]                                                                                                                          ; 2       ;
; inf_rcv:inf_rcv_inst|inf_rcv_decoder:inf_rcv_decoder_inst|data_reg[30]                                                                                                                          ; 2       ;
; inf_rcv:inf_rcv_inst|inf_rcv_decoder:inf_rcv_decoder_inst|data_reg[29]                                                                                                                          ; 2       ;
; inf_rcv:inf_rcv_inst|inf_rcv_decoder:inf_rcv_decoder_inst|data_reg[28]                                                                                                                          ; 2       ;
; inf_rcv:inf_rcv_inst|inf_rcv_decoder:inf_rcv_decoder_inst|data_reg[27]                                                                                                                          ; 2       ;
; inf_rcv:inf_rcv_inst|inf_rcv_decoder:inf_rcv_decoder_inst|data_reg[26]                                                                                                                          ; 2       ;
; inf_rcv:inf_rcv_inst|inf_rcv_decoder:inf_rcv_decoder_inst|data_reg[25]                                                                                                                          ; 2       ;
; inf_rcv:inf_rcv_inst|inf_rcv_decoder:inf_rcv_decoder_inst|data_reg[24]                                                                                                                          ; 2       ;
; inf_rcv:inf_rcv_inst|seg_595_dynamic:seg_595_dynamic_inst|seg_dynamic:seg_dynamic_inst|data_reg~6                                                                                               ; 2       ;
; inf_rcv:inf_rcv_inst|seg_595_dynamic:seg_595_dynamic_inst|seg_dynamic:seg_dynamic_inst|bcd_8421:bcd_8421_inst|ten[2]                                                                            ; 2       ;
; inf_rcv:inf_rcv_inst|seg_595_dynamic:seg_595_dynamic_inst|seg_dynamic:seg_dynamic_inst|WideOr3~0                                                                                                ; 2       ;
; inf_rcv:inf_rcv_inst|seg_595_dynamic:seg_595_dynamic_inst|seg_dynamic:seg_dynamic_inst|bcd_8421:bcd_8421_inst|tho[2]                                                                            ; 2       ;
; inf_rcv:inf_rcv_inst|seg_595_dynamic:seg_595_dynamic_inst|seg_dynamic:seg_dynamic_inst|data_reg~0                                                                                               ; 2       ;
; inf_rcv:inf_rcv_inst|seg_595_dynamic:seg_595_dynamic_inst|seg_dynamic:seg_dynamic_inst|bcd_8421:bcd_8421_inst|hun[0]                                                                            ; 2       ;
; inf_rcv:inf_rcv_inst|seg_595_dynamic:seg_595_dynamic_inst|seg_dynamic:seg_dynamic_inst|cnt_1ms[2]                                                                                               ; 2       ;
; inf_rcv:inf_rcv_inst|seg_595_dynamic:seg_595_dynamic_inst|seg_dynamic:seg_dynamic_inst|cnt_1ms[3]                                                                                               ; 2       ;
; inf_rcv:inf_rcv_inst|seg_595_dynamic:seg_595_dynamic_inst|seg_dynamic:seg_dynamic_inst|cnt_1ms[4]                                                                                               ; 2       ;
; inf_rcv:inf_rcv_inst|seg_595_dynamic:seg_595_dynamic_inst|seg_dynamic:seg_dynamic_inst|cnt_1ms[5]                                                                                               ; 2       ;
; inf_rcv:inf_rcv_inst|seg_595_dynamic:seg_595_dynamic_inst|seg_dynamic:seg_dynamic_inst|cnt_1ms[7]                                                                                               ; 2       ;
; inf_rcv:inf_rcv_inst|seg_595_dynamic:seg_595_dynamic_inst|seg_dynamic:seg_dynamic_inst|cnt_1ms[6]                                                                                               ; 2       ;
; inf_rcv:inf_rcv_inst|seg_595_dynamic:seg_595_dynamic_inst|seg_dynamic:seg_dynamic_inst|cnt_1ms[10]                                                                                              ; 2       ;
; inf_rcv:inf_rcv_inst|seg_595_dynamic:seg_595_dynamic_inst|seg_dynamic:seg_dynamic_inst|cnt_1ms[11]                                                                                              ; 2       ;
; inf_rcv:inf_rcv_inst|seg_595_dynamic:seg_595_dynamic_inst|seg_dynamic:seg_dynamic_inst|cnt_1ms[8]                                                                                               ; 2       ;
; inf_rcv:inf_rcv_inst|seg_595_dynamic:seg_595_dynamic_inst|seg_dynamic:seg_dynamic_inst|cnt_1ms[9]                                                                                               ; 2       ;
; inf_rcv:inf_rcv_inst|seg_595_dynamic:seg_595_dynamic_inst|seg_dynamic:seg_dynamic_inst|cnt_1ms[12]                                                                                              ; 2       ;
; inf_rcv:inf_rcv_inst|seg_595_dynamic:seg_595_dynamic_inst|seg_dynamic:seg_dynamic_inst|cnt_1ms[13]                                                                                              ; 2       ;
; inf_rcv:inf_rcv_inst|seg_595_dynamic:seg_595_dynamic_inst|seg_dynamic:seg_dynamic_inst|cnt_1ms[14]                                                                                              ; 2       ;
; inf_rcv:inf_rcv_inst|seg_595_dynamic:seg_595_dynamic_inst|seg_dynamic:seg_dynamic_inst|cnt_1ms[15]                                                                                              ; 2       ;
; pic_rgb_gen:pic_rgb_gen_inst|lpm_divide:Div1|lpm_divide_tim:auto_generated|sign_div_unsign_llh:divider|alt_u_div_u6f:divider|StageOut[43]~55                                                    ; 2       ;
; pic_rgb_gen:pic_rgb_gen_inst|lpm_divide:Div1|lpm_divide_tim:auto_generated|sign_div_unsign_llh:divider|alt_u_div_u6f:divider|StageOut[37]~48                                                    ; 2       ;
; pic_rgb_gen:pic_rgb_gen_inst|lpm_divide:Div1|lpm_divide_tim:auto_generated|sign_div_unsign_llh:divider|alt_u_div_u6f:divider|StageOut[31]~41                                                    ; 2       ;
; pic_rgb_gen:pic_rgb_gen_inst|lpm_divide:Div0|lpm_divide_uim:auto_generated|sign_div_unsign_mlh:divider|alt_u_div_07f:divider|StageOut[42]~52                                                    ; 2       ;
; pic_rgb_gen:pic_rgb_gen_inst|lpm_divide:Div0|lpm_divide_uim:auto_generated|sign_div_unsign_mlh:divider|alt_u_div_07f:divider|StageOut[43]~47                                                    ; 2       ;
; pic_rgb_gen:pic_rgb_gen_inst|lpm_divide:Div0|lpm_divide_uim:auto_generated|sign_div_unsign_mlh:divider|alt_u_div_07f:divider|StageOut[44]~37                                                    ; 2       ;
; pic_rgb_gen:pic_rgb_gen_inst|lpm_divide:Div0|lpm_divide_uim:auto_generated|sign_div_unsign_mlh:divider|alt_u_div_07f:divider|StageOut[45]~35                                                    ; 2       ;
; pic_rgb_gen:pic_rgb_gen_inst|prbs8bit:prbs8bit_inst|lfsr_reg[6]                                                                                                                                 ; 2       ;
; pic_rgb_gen:pic_rgb_gen_inst|prbs8bit:prbs8bit_inst|lfsr_reg[5]                                                                                                                                 ; 2       ;
; pic_rgb_gen:pic_rgb_gen_inst|prbs8bit:prbs8bit_inst|lfsr_reg[1]                                                                                                                                 ; 2       ;
; pic_rgb_gen:pic_rgb_gen_inst|lfsr_shift_dly1                                                                                                                                                    ; 2       ;
; pic_rgb_gen:pic_rgb_gen_inst|always4~0                                                                                                                                                          ; 2       ;
; pic_rgb_gen:pic_rgb_gen_inst|wr_en_a~0                                                                                                                                                          ; 2       ;
; pic_rgb_gen:pic_rgb_gen_inst|gen_en                                                                                                                                                             ; 2       ;
; pic_rgb_gen:pic_rgb_gen_inst|wr_data_a[1]                                                                                                                                                       ; 2       ;
; pic_rgb_gen:pic_rgb_gen_inst|wr_data_a[0]                                                                                                                                                       ; 2       ;
; inf_rcv:inf_rcv_inst|led_ctrl:led_ctrl_inst|repeat_en_dly2                                                                                                                                      ; 2       ;
; inf_rcv:inf_rcv_inst|seg_595_dynamic:seg_595_dynamic_inst|seg_dynamic:seg_dynamic_inst|sel_reg[1]                                                                                               ; 2       ;
; inf_rcv:inf_rcv_inst|seg_595_dynamic:seg_595_dynamic_inst|seg_dynamic:seg_dynamic_inst|sel_reg[2]                                                                                               ; 2       ;
; inf_rcv:inf_rcv_inst|seg_595_dynamic:seg_595_dynamic_inst|seg_dynamic:seg_dynamic_inst|sel_reg[3]                                                                                               ; 2       ;
; inf_rcv:inf_rcv_inst|seg_595_dynamic:seg_595_dynamic_inst|seg_dynamic:seg_dynamic_inst|sel_reg[4]                                                                                               ; 2       ;
; vga_ctrl:vga_ctrl_inst|Equal0~2                                                                                                                                                                 ; 2       ;
; inf_rcv:inf_rcv_inst|led_ctrl:led_ctrl_inst|WideOr0                                                                                                                                             ; 2       ;
; vga_ctrl:vga_ctrl_inst|rgb[0]~1                                                                                                                                                                 ; 2       ;
; vga_ctrl:vga_ctrl_inst|LessThan0~1                                                                                                                                                              ; 2       ;
; vga_ctrl:vga_ctrl_inst|LessThan4~2                                                                                                                                                              ; 2       ;
; vga_ctrl:vga_ctrl_inst|LessThan1~0                                                                                                                                                              ; 2       ;
; vga_ctrl:vga_ctrl_inst|LessThan5~1                                                                                                                                                              ; 2       ;
; inf_rcv:inf_rcv_inst|seg_595_dynamic:seg_595_dynamic_inst|hc595_ctrl:hc595_ctrl_inst|ds                                                                                                         ; 2       ;
; pic_rgb_gen:pic_rgb_gen_inst|cnt_tick[22]                                                                                                                                                       ; 2       ;
; pic_rgb_gen:pic_rgb_gen_inst|cnt_tick[20]                                                                                                                                                       ; 2       ;
; pic_rgb_gen:pic_rgb_gen_inst|cnt_tick[21]                                                                                                                                                       ; 2       ;
; pic_rgb_gen:pic_rgb_gen_inst|cnt_tick[19]                                                                                                                                                       ; 2       ;
; pic_rgb_gen:pic_rgb_gen_inst|cnt_tick[18]                                                                                                                                                       ; 2       ;
; pic_rgb_gen:pic_rgb_gen_inst|cnt_tick[17]                                                                                                                                                       ; 2       ;
; pic_rgb_gen:pic_rgb_gen_inst|cnt_tick[16]                                                                                                                                                       ; 2       ;
; pic_rgb_gen:pic_rgb_gen_inst|cnt_tick[14]                                                                                                                                                       ; 2       ;
; pic_rgb_gen:pic_rgb_gen_inst|cnt_tick[12]                                                                                                                                                       ; 2       ;
; pic_rgb_gen:pic_rgb_gen_inst|cnt_tick[15]                                                                                                                                                       ; 2       ;
; pic_rgb_gen:pic_rgb_gen_inst|cnt_tick[13]                                                                                                                                                       ; 2       ;
; pic_rgb_gen:pic_rgb_gen_inst|cnt_tick[11]                                                                                                                                                       ; 2       ;
; pic_rgb_gen:pic_rgb_gen_inst|cnt_tick[10]                                                                                                                                                       ; 2       ;
; pic_rgb_gen:pic_rgb_gen_inst|cnt_tick[9]                                                                                                                                                        ; 2       ;
; pic_rgb_gen:pic_rgb_gen_inst|cnt_tick[8]                                                                                                                                                        ; 2       ;
; pic_rgb_gen:pic_rgb_gen_inst|cnt_tick[4]                                                                                                                                                        ; 2       ;
; pic_rgb_gen:pic_rgb_gen_inst|cnt_tick[7]                                                                                                                                                        ; 2       ;
; pic_rgb_gen:pic_rgb_gen_inst|cnt_tick[6]                                                                                                                                                        ; 2       ;
; pic_rgb_gen:pic_rgb_gen_inst|cnt_tick[5]                                                                                                                                                        ; 2       ;
; pic_rgb_gen:pic_rgb_gen_inst|cnt_tick[3]                                                                                                                                                        ; 2       ;
; pic_rgb_gen:pic_rgb_gen_inst|cnt_tick[2]                                                                                                                                                        ; 2       ;
; pic_rgb_gen:pic_rgb_gen_inst|cnt_tick[1]                                                                                                                                                        ; 2       ;
; pic_rgb_gen:pic_rgb_gen_inst|cnt_tick[0]                                                                                                                                                        ; 2       ;
; pic_rgb_gen:pic_rgb_gen_inst|lpm_divide:Div1|lpm_divide_tim:auto_generated|sign_div_unsign_llh:divider|alt_u_div_u6f:divider|add_sub_7_result_int[3]~4                                          ; 2       ;
; pic_rgb_gen:pic_rgb_gen_inst|lpm_divide:Div1|lpm_divide_tim:auto_generated|sign_div_unsign_llh:divider|alt_u_div_u6f:divider|add_sub_7_result_int[2]~2                                          ; 2       ;
; pic_rgb_gen:pic_rgb_gen_inst|lpm_divide:Div1|lpm_divide_tim:auto_generated|sign_div_unsign_llh:divider|alt_u_div_u6f:divider|add_sub_7_result_int[1]~0                                          ; 2       ;
; pic_rgb_gen:pic_rgb_gen_inst|lpm_divide:Div1|lpm_divide_tim:auto_generated|sign_div_unsign_llh:divider|alt_u_div_u6f:divider|add_sub_6_result_int[3]~4                                          ; 2       ;
; pic_rgb_gen:pic_rgb_gen_inst|lpm_divide:Div1|lpm_divide_tim:auto_generated|sign_div_unsign_llh:divider|alt_u_div_u6f:divider|add_sub_6_result_int[2]~2                                          ; 2       ;
; pic_rgb_gen:pic_rgb_gen_inst|lpm_divide:Div1|lpm_divide_tim:auto_generated|sign_div_unsign_llh:divider|alt_u_div_u6f:divider|add_sub_6_result_int[1]~0                                          ; 2       ;
; pic_rgb_gen:pic_rgb_gen_inst|lpm_divide:Div1|lpm_divide_tim:auto_generated|sign_div_unsign_llh:divider|alt_u_div_u6f:divider|add_sub_5_result_int[3]~4                                          ; 2       ;
; pic_rgb_gen:pic_rgb_gen_inst|lpm_divide:Div1|lpm_divide_tim:auto_generated|sign_div_unsign_llh:divider|alt_u_div_u6f:divider|add_sub_5_result_int[2]~2                                          ; 2       ;
; pic_rgb_gen:pic_rgb_gen_inst|lpm_divide:Div1|lpm_divide_tim:auto_generated|sign_div_unsign_llh:divider|alt_u_div_u6f:divider|add_sub_5_result_int[1]~0                                          ; 2       ;
; pic_rgb_gen:pic_rgb_gen_inst|lpm_divide:Div1|lpm_divide_tim:auto_generated|sign_div_unsign_llh:divider|alt_u_div_u6f:divider|add_sub_4_result_int[3]~4                                          ; 2       ;
; pic_rgb_gen:pic_rgb_gen_inst|lpm_divide:Div1|lpm_divide_tim:auto_generated|sign_div_unsign_llh:divider|alt_u_div_u6f:divider|add_sub_4_result_int[2]~2                                          ; 2       ;
; pic_rgb_gen:pic_rgb_gen_inst|lpm_divide:Div1|lpm_divide_tim:auto_generated|sign_div_unsign_llh:divider|alt_u_div_u6f:divider|add_sub_4_result_int[1]~0                                          ; 2       ;
; vga_ctrl:vga_ctrl_inst|Add4~14                                                                                                                                                                  ; 2       ;
; vga_ctrl:vga_ctrl_inst|Add4~12                                                                                                                                                                  ; 2       ;
; vga_ctrl:vga_ctrl_inst|Add4~10                                                                                                                                                                  ; 2       ;
; vga_ctrl:vga_ctrl_inst|Add4~8                                                                                                                                                                   ; 2       ;
; pic_rgb_gen:pic_rgb_gen_inst|lpm_divide:Div0|lpm_divide_uim:auto_generated|sign_div_unsign_mlh:divider|alt_u_div_07f:divider|add_sub_7_result_int[1]~12                                         ; 2       ;
; pic_rgb_gen:pic_rgb_gen_inst|lpm_divide:Div0|lpm_divide_uim:auto_generated|sign_div_unsign_mlh:divider|alt_u_div_07f:divider|add_sub_6_result_int[0]~14                                         ; 2       ;
; pic_rgb_gen:pic_rgb_gen_inst|lpm_divide:Div0|lpm_divide_uim:auto_generated|sign_div_unsign_mlh:divider|alt_u_div_07f:divider|add_sub_7_result_int[2]~10                                         ; 2       ;
; pic_rgb_gen:pic_rgb_gen_inst|lpm_divide:Div0|lpm_divide_uim:auto_generated|sign_div_unsign_mlh:divider|alt_u_div_07f:divider|add_sub_6_result_int[1]~12                                         ; 2       ;
; pic_rgb_gen:pic_rgb_gen_inst|lpm_divide:Div0|lpm_divide_uim:auto_generated|sign_div_unsign_mlh:divider|alt_u_div_07f:divider|add_sub_7_result_int[4]~2                                          ; 2       ;
; pic_rgb_gen:pic_rgb_gen_inst|lpm_divide:Div0|lpm_divide_uim:auto_generated|sign_div_unsign_mlh:divider|alt_u_div_07f:divider|add_sub_7_result_int[3]~0                                          ; 2       ;
; pic_rgb_gen:pic_rgb_gen_inst|lpm_divide:Div0|lpm_divide_uim:auto_generated|sign_div_unsign_mlh:divider|alt_u_div_07f:divider|add_sub_6_result_int[2]~10                                         ; 2       ;
; pic_rgb_gen:pic_rgb_gen_inst|lpm_divide:Div0|lpm_divide_uim:auto_generated|sign_div_unsign_mlh:divider|alt_u_div_07f:divider|add_sub_6_result_int[4]~2                                          ; 2       ;
; pic_rgb_gen:pic_rgb_gen_inst|lpm_divide:Div0|lpm_divide_uim:auto_generated|sign_div_unsign_mlh:divider|alt_u_div_07f:divider|add_sub_6_result_int[3]~0                                          ; 2       ;
; pic_rgb_gen:pic_rgb_gen_inst|lpm_divide:Div0|lpm_divide_uim:auto_generated|sign_div_unsign_mlh:divider|alt_u_div_07f:divider|add_sub_5_result_int[4]~2                                          ; 2       ;
; pic_rgb_gen:pic_rgb_gen_inst|lpm_divide:Div0|lpm_divide_uim:auto_generated|sign_div_unsign_mlh:divider|alt_u_div_07f:divider|add_sub_5_result_int[3]~0                                          ; 2       ;
; vga_ctrl:vga_ctrl_inst|Add3~10                                                                                                                                                                  ; 2       ;
; vga_ctrl:vga_ctrl_inst|Add3~8                                                                                                                                                                   ; 2       ;
; vga_ctrl:vga_ctrl_inst|Add3~6                                                                                                                                                                   ; 2       ;
; pic_rgb_gen:pic_rgb_gen_inst|ram_256x2:ram_256x2_inst|altsyncram:altsyncram_component|altsyncram_qbh2:auto_generated|q_b[0]                                                                     ; 2       ;
; inf_rcv:inf_rcv_inst|led_ctrl:led_ctrl_inst|cnt_50ms[21]                                                                                                                                        ; 2       ;
; inf_rcv:inf_rcv_inst|led_ctrl:led_ctrl_inst|cnt_50ms[20]                                                                                                                                        ; 2       ;
; inf_rcv:inf_rcv_inst|led_ctrl:led_ctrl_inst|cnt_50ms[19]                                                                                                                                        ; 2       ;
; inf_rcv:inf_rcv_inst|led_ctrl:led_ctrl_inst|cnt_50ms[18]                                                                                                                                        ; 2       ;
; inf_rcv:inf_rcv_inst|led_ctrl:led_ctrl_inst|cnt_50ms[17]                                                                                                                                        ; 2       ;
; inf_rcv:inf_rcv_inst|led_ctrl:led_ctrl_inst|cnt_50ms[16]                                                                                                                                        ; 2       ;
; inf_rcv:inf_rcv_inst|led_ctrl:led_ctrl_inst|cnt_50ms[15]                                                                                                                                        ; 2       ;
; inf_rcv:inf_rcv_inst|led_ctrl:led_ctrl_inst|cnt_50ms[14]                                                                                                                                        ; 2       ;
; inf_rcv:inf_rcv_inst|led_ctrl:led_ctrl_inst|cnt_50ms[13]                                                                                                                                        ; 2       ;
; inf_rcv:inf_rcv_inst|led_ctrl:led_ctrl_inst|cnt_50ms[12]                                                                                                                                        ; 2       ;
; inf_rcv:inf_rcv_inst|led_ctrl:led_ctrl_inst|cnt_50ms[11]                                                                                                                                        ; 2       ;
; inf_rcv:inf_rcv_inst|led_ctrl:led_ctrl_inst|cnt_50ms[10]                                                                                                                                        ; 2       ;
; inf_rcv:inf_rcv_inst|led_ctrl:led_ctrl_inst|cnt_50ms[9]                                                                                                                                         ; 2       ;
; inf_rcv:inf_rcv_inst|led_ctrl:led_ctrl_inst|cnt_50ms[8]                                                                                                                                         ; 2       ;
; inf_rcv:inf_rcv_inst|led_ctrl:led_ctrl_inst|cnt_50ms[7]                                                                                                                                         ; 2       ;
; inf_rcv:inf_rcv_inst|led_ctrl:led_ctrl_inst|cnt_50ms[6]                                                                                                                                         ; 2       ;
; inf_rcv:inf_rcv_inst|led_ctrl:led_ctrl_inst|cnt_50ms[5]                                                                                                                                         ; 2       ;
; inf_rcv:inf_rcv_inst|led_ctrl:led_ctrl_inst|cnt_50ms[4]                                                                                                                                         ; 2       ;
; inf_rcv:inf_rcv_inst|led_ctrl:led_ctrl_inst|cnt_50ms[3]                                                                                                                                         ; 2       ;
; inf_rcv:inf_rcv_inst|led_ctrl:led_ctrl_inst|cnt_50ms[2]                                                                                                                                         ; 2       ;
; inf_rcv:inf_rcv_inst|led_ctrl:led_ctrl_inst|cnt_50ms[1]                                                                                                                                         ; 2       ;
; inf_rcv:inf_rcv_inst|led_ctrl:led_ctrl_inst|cnt_50ms[0]                                                                                                                                         ; 2       ;
; pll_25mhz:pll_25mhz_inst|altpll:altpll_component|pll_25mhz_altpll:auto_generated|wire_pll1_locked                                                                                               ; 2       ;
; pll_25mhz:pll_25mhz_inst|altpll:altpll_component|pll_25mhz_altpll:auto_generated|pll_lock_sync~feeder                                                                                           ; 1       ;
; inf_in~input                                                                                                                                                                                    ; 1       ;
; sys_clk~input                                                                                                                                                                                   ; 1       ;
; sys_rst_n~input                                                                                                                                                                                 ; 1       ;
; pic_rgb_gen:pic_rgb_gen_inst|wr_data_a[1]~_wirecell                                                                                                                                             ; 1       ;
; pic_rgb_gen:pic_rgb_gen_inst|prbs32_to_8:prbs32_to_8_inst|lfsr_reg[18]~22                                                                                                                       ; 1       ;
; pic_rgb_gen:pic_rgb_gen_inst|prbs32_to_8:prbs32_to_8_inst|lfsr_reg[19]~21                                                                                                                       ; 1       ;
; pic_rgb_gen:pic_rgb_gen_inst|prbs32_to_8:prbs32_to_8_inst|lfsr_reg[10]~20                                                                                                                       ; 1       ;
; pic_rgb_gen:pic_rgb_gen_inst|prbs32_to_8:prbs32_to_8_inst|lfsr_reg[27]~19                                                                                                                       ; 1       ;
; pic_rgb_gen:pic_rgb_gen_inst|prbs32_to_8:prbs32_to_8_inst|lfsr_reg[11]~18                                                                                                                       ; 1       ;
; pic_rgb_gen:pic_rgb_gen_inst|prbs32_to_8:prbs32_to_8_inst|lfsr_reg[21]~17                                                                                                                       ; 1       ;
; pic_rgb_gen:pic_rgb_gen_inst|prbs32_to_8:prbs32_to_8_inst|lfsr_reg[3]~16                                                                                                                        ; 1       ;
; pic_rgb_gen:pic_rgb_gen_inst|prbs32_to_8:prbs32_to_8_inst|lfsr_reg[15]~15                                                                                                                       ; 1       ;
; pic_rgb_gen:pic_rgb_gen_inst|prbs32_to_8:prbs32_to_8_inst|lfsr_reg[2]~14                                                                                                                        ; 1       ;
; pic_rgb_gen:pic_rgb_gen_inst|prbs32_to_8:prbs32_to_8_inst|lfsr_reg[12]~13                                                                                                                       ; 1       ;
; pic_rgb_gen:pic_rgb_gen_inst|prbs32_to_8:prbs32_to_8_inst|lfsr_reg[24]~12                                                                                                                       ; 1       ;
; pic_rgb_gen:pic_rgb_gen_inst|prbs32_to_8:prbs32_to_8_inst|lfsr_reg[22]~11                                                                                                                       ; 1       ;
; pic_rgb_gen:pic_rgb_gen_inst|prbs32_to_8:prbs32_to_8_inst|lfsr_reg[13]~9                                                                                                                        ; 1       ;
; pic_rgb_gen:pic_rgb_gen_inst|prbs32_to_8:prbs32_to_8_inst|lfsr_reg[25]~8                                                                                                                        ; 1       ;
; pic_rgb_gen:pic_rgb_gen_inst|prbs32_to_8:prbs32_to_8_inst|lfsr_reg[5]~7                                                                                                                         ; 1       ;
; pic_rgb_gen:pic_rgb_gen_inst|prbs32_to_8:prbs32_to_8_inst|lfsr_reg[17]~6                                                                                                                        ; 1       ;
; pic_rgb_gen:pic_rgb_gen_inst|prbs32_to_8:prbs32_to_8_inst|lfsr_reg[9]~5                                                                                                                         ; 1       ;
; pic_rgb_gen:pic_rgb_gen_inst|prbs32_to_8:prbs32_to_8_inst|lfsr_reg[30]~4                                                                                                                        ; 1       ;
; pic_rgb_gen:pic_rgb_gen_inst|prbs32_to_8:prbs32_to_8_inst|lfsr_reg[1]~3                                                                                                                         ; 1       ;
; pic_rgb_gen:pic_rgb_gen_inst|prbs32_to_8:prbs32_to_8_inst|lfsr_reg[14]~2                                                                                                                        ; 1       ;
; pic_rgb_gen:pic_rgb_gen_inst|prbs32_to_8:prbs32_to_8_inst|lfsr_reg[26]~1                                                                                                                        ; 1       ;
; pic_rgb_gen:pic_rgb_gen_inst|seed[6]~1                                                                                                                                                          ; 1       ;
; pic_rgb_gen:pic_rgb_gen_inst|seed[3]~0                                                                                                                                                          ; 1       ;
; inf_rcv:inf_rcv_inst|seg_595_dynamic:seg_595_dynamic_inst|seg_dynamic:seg_dynamic_inst|cnt_sel[0]~2                                                                                             ; 1       ;
; pic_rgb_gen:pic_rgb_gen_inst|address_b[7]~29                                                                                                                                                    ; 1       ;
; pic_rgb_gen:pic_rgb_gen_inst|address_b[6]~28                                                                                                                                                    ; 1       ;
; pic_rgb_gen:pic_rgb_gen_inst|address_b[5]~27                                                                                                                                                    ; 1       ;
; pic_rgb_gen:pic_rgb_gen_inst|address_b[3]~26                                                                                                                                                    ; 1       ;
; pic_rgb_gen:pic_rgb_gen_inst|address_b[2]~25                                                                                                                                                    ; 1       ;
; pic_rgb_gen:pic_rgb_gen_inst|address_b[1]~24                                                                                                                                                    ; 1       ;
; inf_rcv:inf_rcv_inst|seg_595_dynamic:seg_595_dynamic_inst|hc595_ctrl:hc595_ctrl_inst|cnt_4[0]~0                                                                                                 ; 1       ;
; inf_rcv:inf_rcv_inst|inf_rcv_decoder:inf_rcv_decoder_inst|always6~6                                                                                                                             ; 1       ;
; inf_rcv:inf_rcv_inst|inf_rcv_decoder:inf_rcv_decoder_inst|always6~5                                                                                                                             ; 1       ;
; inf_rcv:inf_rcv_inst|inf_rcv_decoder:inf_rcv_decoder_inst|always3~7                                                                                                                             ; 1       ;
; inf_rcv:inf_rcv_inst|inf_rcv_decoder:inf_rcv_decoder_inst|always6~4                                                                                                                             ; 1       ;
; inf_rcv:inf_rcv_inst|seg_595_dynamic:seg_595_dynamic_inst|seg_dynamic:seg_dynamic_inst|bcd_8421:bcd_8421_inst|data_shift[22]~72                                                                 ; 1       ;
; pic_rgb_gen:pic_rgb_gen_inst|lpm_divide:Div1|lpm_divide_tim:auto_generated|sign_div_unsign_llh:divider|alt_u_div_u6f:divider|StageOut[50]~81                                                    ; 1       ;
; pic_rgb_gen:pic_rgb_gen_inst|lpm_divide:Div1|lpm_divide_tim:auto_generated|sign_div_unsign_llh:divider|alt_u_div_u6f:divider|StageOut[51]~80                                                    ; 1       ;
; pic_rgb_gen:pic_rgb_gen_inst|lpm_divide:Div1|lpm_divide_tim:auto_generated|sign_div_unsign_llh:divider|alt_u_div_u6f:divider|StageOut[52]~79                                                    ; 1       ;
; pic_rgb_gen:pic_rgb_gen_inst|lpm_divide:Div1|lpm_divide_tim:auto_generated|sign_div_unsign_llh:divider|alt_u_div_u6f:divider|StageOut[46]~76                                                    ; 1       ;
; pic_rgb_gen:pic_rgb_gen_inst|lpm_divide:Div1|lpm_divide_tim:auto_generated|sign_div_unsign_llh:divider|alt_u_div_u6f:divider|StageOut[40]~73                                                    ; 1       ;
; pic_rgb_gen:pic_rgb_gen_inst|lpm_divide:Div1|lpm_divide_tim:auto_generated|sign_div_unsign_llh:divider|alt_u_div_u6f:divider|StageOut[34]~70                                                    ; 1       ;
; pic_rgb_gen:pic_rgb_gen_inst|lpm_divide:Div1|lpm_divide_tim:auto_generated|sign_div_unsign_llh:divider|alt_u_div_u6f:divider|StageOut[28]~66                                                    ; 1       ;
; pic_rgb_gen:pic_rgb_gen_inst|lpm_divide:Div0|lpm_divide_uim:auto_generated|sign_div_unsign_mlh:divider|alt_u_div_07f:divider|StageOut[58]~69                                                    ; 1       ;
; pic_rgb_gen:pic_rgb_gen_inst|lpm_divide:Div0|lpm_divide_uim:auto_generated|sign_div_unsign_mlh:divider|alt_u_div_07f:divider|StageOut[59]~67                                                    ; 1       ;
; pic_rgb_gen:pic_rgb_gen_inst|lpm_divide:Div0|lpm_divide_uim:auto_generated|sign_div_unsign_mlh:divider|alt_u_div_07f:divider|StageOut[60]~66                                                    ; 1       ;
; pic_rgb_gen:pic_rgb_gen_inst|lpm_divide:Div0|lpm_divide_uim:auto_generated|sign_div_unsign_mlh:divider|alt_u_div_07f:divider|StageOut[61]~65                                                    ; 1       ;
; pic_rgb_gen:pic_rgb_gen_inst|lpm_divide:Div0|lpm_divide_uim:auto_generated|sign_div_unsign_mlh:divider|alt_u_div_07f:divider|StageOut[54]~61                                                    ; 1       ;
; pic_rgb_gen:pic_rgb_gen_inst|lpm_divide:Div0|lpm_divide_uim:auto_generated|sign_div_unsign_mlh:divider|alt_u_div_07f:divider|StageOut[47]~59                                                    ; 1       ;
; pic_rgb_gen:pic_rgb_gen_inst|lpm_divide:Div0|lpm_divide_uim:auto_generated|sign_div_unsign_mlh:divider|alt_u_div_07f:divider|StageOut[40]~56                                                    ; 1       ;
; inf_rcv:inf_rcv_inst|seg_595_dynamic:seg_595_dynamic_inst|seg_dynamic:seg_dynamic_inst|bcd_8421:bcd_8421_inst|data_shift~71                                                                     ; 1       ;
; inf_rcv:inf_rcv_inst|seg_595_dynamic:seg_595_dynamic_inst|seg_dynamic:seg_dynamic_inst|bcd_8421:bcd_8421_inst|data_shift[8]~70                                                                  ; 1       ;
; inf_rcv:inf_rcv_inst|seg_595_dynamic:seg_595_dynamic_inst|seg_dynamic:seg_dynamic_inst|bcd_8421:bcd_8421_inst|data_shift~69                                                                     ; 1       ;
; inf_rcv:inf_rcv_inst|seg_595_dynamic:seg_595_dynamic_inst|seg_dynamic:seg_dynamic_inst|bcd_8421:bcd_8421_inst|data_shift~68                                                                     ; 1       ;
; inf_rcv:inf_rcv_inst|seg_595_dynamic:seg_595_dynamic_inst|seg_dynamic:seg_dynamic_inst|bcd_8421:bcd_8421_inst|data_shift[1]                                                                     ; 1       ;
; inf_rcv:inf_rcv_inst|seg_595_dynamic:seg_595_dynamic_inst|seg_dynamic:seg_dynamic_inst|bcd_8421:bcd_8421_inst|data_shift~67                                                                     ; 1       ;
; inf_rcv:inf_rcv_inst|seg_595_dynamic:seg_595_dynamic_inst|seg_dynamic:seg_dynamic_inst|bcd_8421:bcd_8421_inst|data_shift[2]                                                                     ; 1       ;
; inf_rcv:inf_rcv_inst|seg_595_dynamic:seg_595_dynamic_inst|seg_dynamic:seg_dynamic_inst|bcd_8421:bcd_8421_inst|data_shift~66                                                                     ; 1       ;
; inf_rcv:inf_rcv_inst|seg_595_dynamic:seg_595_dynamic_inst|seg_dynamic:seg_dynamic_inst|bcd_8421:bcd_8421_inst|data_shift[3]                                                                     ; 1       ;
; inf_rcv:inf_rcv_inst|seg_595_dynamic:seg_595_dynamic_inst|seg_dynamic:seg_dynamic_inst|bcd_8421:bcd_8421_inst|data_shift~65                                                                     ; 1       ;
; inf_rcv:inf_rcv_inst|seg_595_dynamic:seg_595_dynamic_inst|seg_dynamic:seg_dynamic_inst|bcd_8421:bcd_8421_inst|data_shift[4]                                                                     ; 1       ;
; inf_rcv:inf_rcv_inst|seg_595_dynamic:seg_595_dynamic_inst|seg_dynamic:seg_dynamic_inst|bcd_8421:bcd_8421_inst|data_shift~64                                                                     ; 1       ;
; inf_rcv:inf_rcv_inst|seg_595_dynamic:seg_595_dynamic_inst|seg_dynamic:seg_dynamic_inst|bcd_8421:bcd_8421_inst|data_shift[5]                                                                     ; 1       ;
; inf_rcv:inf_rcv_inst|seg_595_dynamic:seg_595_dynamic_inst|seg_dynamic:seg_dynamic_inst|bcd_8421:bcd_8421_inst|data_shift~63                                                                     ; 1       ;
; inf_rcv:inf_rcv_inst|seg_595_dynamic:seg_595_dynamic_inst|seg_dynamic:seg_dynamic_inst|bcd_8421:bcd_8421_inst|data_shift[6]                                                                     ; 1       ;
; inf_rcv:inf_rcv_inst|seg_595_dynamic:seg_595_dynamic_inst|seg_dynamic:seg_dynamic_inst|bcd_8421:bcd_8421_inst|data_shift~62                                                                     ; 1       ;
; inf_rcv:inf_rcv_inst|seg_595_dynamic:seg_595_dynamic_inst|seg_dynamic:seg_dynamic_inst|bcd_8421:bcd_8421_inst|data_shift[7]                                                                     ; 1       ;
; inf_rcv:inf_rcv_inst|seg_595_dynamic:seg_595_dynamic_inst|seg_dynamic:seg_dynamic_inst|bcd_8421:bcd_8421_inst|data_shift~61                                                                     ; 1       ;
; inf_rcv:inf_rcv_inst|seg_595_dynamic:seg_595_dynamic_inst|seg_dynamic:seg_dynamic_inst|bcd_8421:bcd_8421_inst|data_shift[8]                                                                     ; 1       ;
; inf_rcv:inf_rcv_inst|seg_595_dynamic:seg_595_dynamic_inst|seg_dynamic:seg_dynamic_inst|bcd_8421:bcd_8421_inst|data_shift~60                                                                     ; 1       ;
; inf_rcv:inf_rcv_inst|seg_595_dynamic:seg_595_dynamic_inst|seg_dynamic:seg_dynamic_inst|bcd_8421:bcd_8421_inst|data_shift[9]                                                                     ; 1       ;
; inf_rcv:inf_rcv_inst|seg_595_dynamic:seg_595_dynamic_inst|seg_dynamic:seg_dynamic_inst|bcd_8421:bcd_8421_inst|data_shift~59                                                                     ; 1       ;
; inf_rcv:inf_rcv_inst|seg_595_dynamic:seg_595_dynamic_inst|seg_dynamic:seg_dynamic_inst|bcd_8421:bcd_8421_inst|data_shift[10]                                                                    ; 1       ;
; inf_rcv:inf_rcv_inst|seg_595_dynamic:seg_595_dynamic_inst|seg_dynamic:seg_dynamic_inst|bcd_8421:bcd_8421_inst|data_shift~58                                                                     ; 1       ;
; inf_rcv:inf_rcv_inst|seg_595_dynamic:seg_595_dynamic_inst|seg_dynamic:seg_dynamic_inst|bcd_8421:bcd_8421_inst|data_shift[11]                                                                    ; 1       ;
; inf_rcv:inf_rcv_inst|seg_595_dynamic:seg_595_dynamic_inst|seg_dynamic:seg_dynamic_inst|bcd_8421:bcd_8421_inst|data_shift~57                                                                     ; 1       ;
; inf_rcv:inf_rcv_inst|seg_595_dynamic:seg_595_dynamic_inst|seg_dynamic:seg_dynamic_inst|bcd_8421:bcd_8421_inst|data_shift[12]                                                                    ; 1       ;
; inf_rcv:inf_rcv_inst|seg_595_dynamic:seg_595_dynamic_inst|seg_dynamic:seg_dynamic_inst|bcd_8421:bcd_8421_inst|data_shift~56                                                                     ; 1       ;
; inf_rcv:inf_rcv_inst|seg_595_dynamic:seg_595_dynamic_inst|seg_dynamic:seg_dynamic_inst|bcd_8421:bcd_8421_inst|data_shift[13]                                                                    ; 1       ;
; inf_rcv:inf_rcv_inst|seg_595_dynamic:seg_595_dynamic_inst|seg_dynamic:seg_dynamic_inst|bcd_8421:bcd_8421_inst|data_shift~55                                                                     ; 1       ;
; inf_rcv:inf_rcv_inst|seg_595_dynamic:seg_595_dynamic_inst|seg_dynamic:seg_dynamic_inst|bcd_8421:bcd_8421_inst|data_shift[14]                                                                    ; 1       ;
; pic_rgb_gen:pic_rgb_gen_inst|prbs32_to_8:prbs32_to_8_inst|lfsr_reg[18]                                                                                                                          ; 1       ;
; inf_rcv:inf_rcv_inst|seg_595_dynamic:seg_595_dynamic_inst|seg_dynamic:seg_dynamic_inst|bcd_8421:bcd_8421_inst|data_shift~54                                                                     ; 1       ;
; inf_rcv:inf_rcv_inst|seg_595_dynamic:seg_595_dynamic_inst|seg_dynamic:seg_dynamic_inst|bcd_8421:bcd_8421_inst|data_shift[15]                                                                    ; 1       ;
; pic_rgb_gen:pic_rgb_gen_inst|prbs32_to_8:prbs32_to_8_inst|lfsr_reg[19]                                                                                                                          ; 1       ;
; pic_rgb_gen:pic_rgb_gen_inst|prbs32_to_8:prbs32_to_8_inst|lfsr_reg[10]                                                                                                                          ; 1       ;
; inf_rcv:inf_rcv_inst|seg_595_dynamic:seg_595_dynamic_inst|seg_dynamic:seg_dynamic_inst|bcd_8421:bcd_8421_inst|data_shift~53                                                                     ; 1       ;
; inf_rcv:inf_rcv_inst|seg_595_dynamic:seg_595_dynamic_inst|seg_dynamic:seg_dynamic_inst|bcd_8421:bcd_8421_inst|data_shift[16]                                                                    ; 1       ;
; pic_rgb_gen:pic_rgb_gen_inst|prbs32_to_8:prbs32_to_8_inst|lfsr_reg[20]                                                                                                                          ; 1       ;
; pic_rgb_gen:pic_rgb_gen_inst|prbs32_to_8:prbs32_to_8_inst|lfsr_reg[6]                                                                                                                           ; 1       ;
; pic_rgb_gen:pic_rgb_gen_inst|prbs32_to_8:prbs32_to_8_inst|lfsr_reg[27]                                                                                                                          ; 1       ;
; pic_rgb_gen:pic_rgb_gen_inst|prbs32_to_8:prbs32_to_8_inst|lfsr_reg[11]                                                                                                                          ; 1       ;
; inf_rcv:inf_rcv_inst|inf_rcv_decoder:inf_rcv_decoder_inst|data_reg[7]~36                                                                                                                        ; 1       ;
; inf_rcv:inf_rcv_inst|inf_rcv_decoder:inf_rcv_decoder_inst|data_reg[15]~35                                                                                                                       ; 1       ;
; inf_rcv:inf_rcv_inst|inf_rcv_decoder:inf_rcv_decoder_inst|data_reg[6]~34                                                                                                                        ; 1       ;
; inf_rcv:inf_rcv_inst|inf_rcv_decoder:inf_rcv_decoder_inst|data_reg[14]~33                                                                                                                       ; 1       ;
; inf_rcv:inf_rcv_inst|inf_rcv_decoder:inf_rcv_decoder_inst|data_reg[5]~32                                                                                                                        ; 1       ;
; inf_rcv:inf_rcv_inst|inf_rcv_decoder:inf_rcv_decoder_inst|data_reg[13]~31                                                                                                                       ; 1       ;
; inf_rcv:inf_rcv_inst|inf_rcv_decoder:inf_rcv_decoder_inst|data_reg[4]~30                                                                                                                        ; 1       ;
; inf_rcv:inf_rcv_inst|inf_rcv_decoder:inf_rcv_decoder_inst|data_reg[12]~29                                                                                                                       ; 1       ;
; inf_rcv:inf_rcv_inst|inf_rcv_decoder:inf_rcv_decoder_inst|data_reg[3]~28                                                                                                                        ; 1       ;
; inf_rcv:inf_rcv_inst|inf_rcv_decoder:inf_rcv_decoder_inst|data_reg[11]~27                                                                                                                       ; 1       ;
; inf_rcv:inf_rcv_inst|inf_rcv_decoder:inf_rcv_decoder_inst|data_reg[2]~26                                                                                                                        ; 1       ;
; inf_rcv:inf_rcv_inst|inf_rcv_decoder:inf_rcv_decoder_inst|data_reg[10]~25                                                                                                                       ; 1       ;
; inf_rcv:inf_rcv_inst|inf_rcv_decoder:inf_rcv_decoder_inst|data_reg[1]~24                                                                                                                        ; 1       ;
; inf_rcv:inf_rcv_inst|inf_rcv_decoder:inf_rcv_decoder_inst|data_reg[9]~23                                                                                                                        ; 1       ;
; inf_rcv:inf_rcv_inst|inf_rcv_decoder:inf_rcv_decoder_inst|data_reg[0]~22                                                                                                                        ; 1       ;
; inf_rcv:inf_rcv_inst|inf_rcv_decoder:inf_rcv_decoder_inst|data_reg[8]~20                                                                                                                        ; 1       ;
; pic_rgb_gen:pic_rgb_gen_inst|death~0                                                                                                                                                            ; 1       ;
; inf_rcv:inf_rcv_inst|inf_rcv_decoder:inf_rcv_decoder_inst|Selector0~5                                                                                                                           ; 1       ;
; inf_rcv:inf_rcv_inst|inf_rcv_decoder:inf_rcv_decoder_inst|Selector0~4                                                                                                                           ; 1       ;
; inf_rcv:inf_rcv_inst|inf_rcv_decoder:inf_rcv_decoder_inst|Selector0~3                                                                                                                           ; 1       ;
; inf_rcv:inf_rcv_inst|inf_rcv_decoder:inf_rcv_decoder_inst|Selector0~2                                                                                                                           ; 1       ;
; inf_rcv:inf_rcv_inst|seg_595_dynamic:seg_595_dynamic_inst|seg_dynamic:seg_dynamic_inst|bcd_8421:bcd_8421_inst|data_shift~52                                                                     ; 1       ;
; inf_rcv:inf_rcv_inst|seg_595_dynamic:seg_595_dynamic_inst|seg_dynamic:seg_dynamic_inst|bcd_8421:bcd_8421_inst|data_shift[17]                                                                    ; 1       ;
; pic_rgb_gen:pic_rgb_gen_inst|prbs32_to_8:prbs32_to_8_inst|lfsr_reg[21]                                                                                                                          ; 1       ;
; pic_rgb_gen:pic_rgb_gen_inst|prbs32_to_8:prbs32_to_8_inst|lfsr_reg[3]                                                                                                                           ; 1       ;
; pic_rgb_gen:pic_rgb_gen_inst|prbs32_to_8:prbs32_to_8_inst|lfsr_reg[15]                                                                                                                          ; 1       ;
; pic_rgb_gen:pic_rgb_gen_inst|prbs32_to_8:prbs32_to_8_inst|lfsr_reg[7]                                                                                                                           ; 1       ;
; pic_rgb_gen:pic_rgb_gen_inst|prbs32_to_8:prbs32_to_8_inst|lfsr_reg[28]                                                                                                                          ; 1       ;
; pic_rgb_gen:pic_rgb_gen_inst|prbs32_to_8:prbs32_to_8_inst|lfsr_reg[0]~0                                                                                                                         ; 1       ;
; pic_rgb_gen:pic_rgb_gen_inst|prbs32_to_8:prbs32_to_8_inst|lfsr_reg[12]                                                                                                                          ; 1       ;
; pic_rgb_gen:pic_rgb_gen_inst|prbs32_to_8:prbs32_to_8_inst|lfsr_reg[24]                                                                                                                          ; 1       ;
; inf_rcv:inf_rcv_inst|inf_rcv_decoder:inf_rcv_decoder_inst|always10~4                                                                                                                            ; 1       ;
; inf_rcv:inf_rcv_inst|inf_rcv_decoder:inf_rcv_decoder_inst|always10~3                                                                                                                            ; 1       ;
; inf_rcv:inf_rcv_inst|inf_rcv_decoder:inf_rcv_decoder_inst|always10~2                                                                                                                            ; 1       ;
; inf_rcv:inf_rcv_inst|inf_rcv_decoder:inf_rcv_decoder_inst|always10~1                                                                                                                            ; 1       ;
; inf_rcv:inf_rcv_inst|inf_rcv_decoder:inf_rcv_decoder_inst|always10~0                                                                                                                            ; 1       ;
; inf_rcv:inf_rcv_inst|inf_rcv_decoder:inf_rcv_decoder_inst|always4~9                                                                                                                             ; 1       ;
; inf_rcv:inf_rcv_inst|inf_rcv_decoder:inf_rcv_decoder_inst|always4~8                                                                                                                             ; 1       ;
; inf_rcv:inf_rcv_inst|inf_rcv_decoder:inf_rcv_decoder_inst|always4~7                                                                                                                             ; 1       ;
; inf_rcv:inf_rcv_inst|inf_rcv_decoder:inf_rcv_decoder_inst|always4~6                                                                                                                             ; 1       ;
; inf_rcv:inf_rcv_inst|inf_rcv_decoder:inf_rcv_decoder_inst|always4~5                                                                                                                             ; 1       ;
; inf_rcv:inf_rcv_inst|inf_rcv_decoder:inf_rcv_decoder_inst|always4~4                                                                                                                             ; 1       ;
; inf_rcv:inf_rcv_inst|inf_rcv_decoder:inf_rcv_decoder_inst|always4~3                                                                                                                             ; 1       ;
; inf_rcv:inf_rcv_inst|inf_rcv_decoder:inf_rcv_decoder_inst|always4~2                                                                                                                             ; 1       ;
; inf_rcv:inf_rcv_inst|inf_rcv_decoder:inf_rcv_decoder_inst|always4~1                                                                                                                             ; 1       ;
; inf_rcv:inf_rcv_inst|inf_rcv_decoder:inf_rcv_decoder_inst|always4~0                                                                                                                             ; 1       ;
; inf_rcv:inf_rcv_inst|inf_rcv_decoder:inf_rcv_decoder_inst|Selector1~0                                                                                                                           ; 1       ;
; inf_rcv:inf_rcv_inst|inf_rcv_decoder:inf_rcv_decoder_inst|always3~6                                                                                                                             ; 1       ;
; inf_rcv:inf_rcv_inst|inf_rcv_decoder:inf_rcv_decoder_inst|always3~5                                                                                                                             ; 1       ;
; inf_rcv:inf_rcv_inst|inf_rcv_decoder:inf_rcv_decoder_inst|always3~4                                                                                                                             ; 1       ;
; inf_rcv:inf_rcv_inst|inf_rcv_decoder:inf_rcv_decoder_inst|cnt[17]~52                                                                                                                            ; 1       ;
; inf_rcv:inf_rcv_inst|inf_rcv_decoder:inf_rcv_decoder_inst|cnt[17]~51                                                                                                                            ; 1       ;
; inf_rcv:inf_rcv_inst|inf_rcv_decoder:inf_rcv_decoder_inst|cnt[17]~50                                                                                                                            ; 1       ;
; inf_rcv:inf_rcv_inst|inf_rcv_decoder:inf_rcv_decoder_inst|cnt[17]~49                                                                                                                            ; 1       ;
; inf_rcv:inf_rcv_inst|seg_595_dynamic:seg_595_dynamic_inst|seg_dynamic:seg_dynamic_inst|bcd_8421:bcd_8421_inst|data_shift~51                                                                     ; 1       ;
; inf_rcv:inf_rcv_inst|seg_595_dynamic:seg_595_dynamic_inst|seg_dynamic:seg_dynamic_inst|bcd_8421:bcd_8421_inst|data_shift[18]                                                                    ; 1       ;
; pic_rgb_gen:pic_rgb_gen_inst|prbs32_to_8:prbs32_to_8_inst|lfsr_reg[4]                                                                                                                           ; 1       ;
; pic_rgb_gen:pic_rgb_gen_inst|prbs32_to_8:prbs32_to_8_inst|lfsr_reg[16]                                                                                                                          ; 1       ;
; pic_rgb_gen:pic_rgb_gen_inst|prbs32_to_8:prbs32_to_8_inst|lfsr_reg[8]                                                                                                                           ; 1       ;
; pic_rgb_gen:pic_rgb_gen_inst|prbs32_to_8:prbs32_to_8_inst|lfsr_reg[29]                                                                                                                          ; 1       ;
; pic_rgb_gen:pic_rgb_gen_inst|prbs32_to_8:prbs32_to_8_inst|lfsr_reg[13]                                                                                                                          ; 1       ;
; pic_rgb_gen:pic_rgb_gen_inst|always21~0                                                                                                                                                         ; 1       ;
; pic_rgb_gen:pic_rgb_gen_inst|prbs32_to_8:prbs32_to_8_inst|lfsr_reg[25]                                                                                                                          ; 1       ;
; pic_rgb_gen:pic_rgb_gen_inst|direct_sig_ctrl:direct_sig_ctrl_inst|Equal1~1                                                                                                                      ; 1       ;
; pic_rgb_gen:pic_rgb_gen_inst|direct_sig_ctrl:direct_sig_ctrl_inst|direct_reg~8                                                                                                                  ; 1       ;
; pic_rgb_gen:pic_rgb_gen_inst|direct_sig_ctrl:direct_sig_ctrl_inst|Equal0~2                                                                                                                      ; 1       ;
; pic_rgb_gen:pic_rgb_gen_inst|direct_sig_ctrl:direct_sig_ctrl_inst|Equal2~0                                                                                                                      ; 1       ;
; pic_rgb_gen:pic_rgb_gen_inst|Equal6~6                                                                                                                                                           ; 1       ;
; pic_rgb_gen:pic_rgb_gen_inst|Equal6~5                                                                                                                                                           ; 1       ;
; pic_rgb_gen:pic_rgb_gen_inst|Equal6~4                                                                                                                                                           ; 1       ;
; pic_rgb_gen:pic_rgb_gen_inst|Equal6~3                                                                                                                                                           ; 1       ;
; pic_rgb_gen:pic_rgb_gen_inst|Equal6~2                                                                                                                                                           ; 1       ;
; pic_rgb_gen:pic_rgb_gen_inst|Equal6~1                                                                                                                                                           ; 1       ;
; pic_rgb_gen:pic_rgb_gen_inst|Equal6~0                                                                                                                                                           ; 1       ;
; pic_rgb_gen:pic_rgb_gen_inst|always19~0                                                                                                                                                         ; 1       ;
; inf_rcv:inf_rcv_inst|inf_rcv_decoder:inf_rcv_decoder_inst|always6~3                                                                                                                             ; 1       ;
; inf_rcv:inf_rcv_inst|inf_rcv_decoder:inf_rcv_decoder_inst|LessThan1~0                                                                                                                           ; 1       ;
; inf_rcv:inf_rcv_inst|inf_rcv_decoder:inf_rcv_decoder_inst|always6~2                                                                                                                             ; 1       ;
; inf_rcv:inf_rcv_inst|inf_rcv_decoder:inf_rcv_decoder_inst|cnt_data_bit[4]~5                                                                                                                     ; 1       ;
; inf_rcv:inf_rcv_inst|inf_rcv_decoder:inf_rcv_decoder_inst|cnt_data_bit[3]~4                                                                                                                     ; 1       ;
; inf_rcv:inf_rcv_inst|inf_rcv_decoder:inf_rcv_decoder_inst|cnt_data_bit[2]~3                                                                                                                     ; 1       ;
; inf_rcv:inf_rcv_inst|inf_rcv_decoder:inf_rcv_decoder_inst|cnt_data_bit[1]~2                                                                                                                     ; 1       ;
; inf_rcv:inf_rcv_inst|inf_rcv_decoder:inf_rcv_decoder_inst|cnt_data_bit[0]~1                                                                                                                     ; 1       ;
; inf_rcv:inf_rcv_inst|inf_rcv_decoder:inf_rcv_decoder_inst|cnt_data_bit[5]~0                                                                                                                     ; 1       ;
; inf_rcv:inf_rcv_inst|inf_rcv_decoder:inf_rcv_decoder_inst|always0~2                                                                                                                             ; 1       ;
; inf_rcv:inf_rcv_inst|inf_rcv_decoder:inf_rcv_decoder_inst|Selector3~0                                                                                                                           ; 1       ;
; inf_rcv:inf_rcv_inst|inf_rcv_decoder:inf_rcv_decoder_inst|state~12                                                                                                                              ; 1       ;
; inf_rcv:inf_rcv_inst|inf_rcv_decoder:inf_rcv_decoder_inst|always5~9                                                                                                                             ; 1       ;
; inf_rcv:inf_rcv_inst|inf_rcv_decoder:inf_rcv_decoder_inst|always5~8                                                                                                                             ; 1       ;
; inf_rcv:inf_rcv_inst|inf_rcv_decoder:inf_rcv_decoder_inst|always5~7                                                                                                                             ; 1       ;
; inf_rcv:inf_rcv_inst|inf_rcv_decoder:inf_rcv_decoder_inst|always5~5                                                                                                                             ; 1       ;
; inf_rcv:inf_rcv_inst|inf_rcv_decoder:inf_rcv_decoder_inst|always5~4                                                                                                                             ; 1       ;
; inf_rcv:inf_rcv_inst|inf_rcv_decoder:inf_rcv_decoder_inst|always5~3                                                                                                                             ; 1       ;
; inf_rcv:inf_rcv_inst|inf_rcv_decoder:inf_rcv_decoder_inst|always5~2                                                                                                                             ; 1       ;
; inf_rcv:inf_rcv_inst|inf_rcv_decoder:inf_rcv_decoder_inst|always5~1                                                                                                                             ; 1       ;
; inf_rcv:inf_rcv_inst|inf_rcv_decoder:inf_rcv_decoder_inst|always5~0                                                                                                                             ; 1       ;
; inf_rcv:inf_rcv_inst|inf_rcv_decoder:inf_rcv_decoder_inst|Selector2~1                                                                                                                           ; 1       ;
; inf_rcv:inf_rcv_inst|inf_rcv_decoder:inf_rcv_decoder_inst|always7~8                                                                                                                             ; 1       ;
; inf_rcv:inf_rcv_inst|inf_rcv_decoder:inf_rcv_decoder_inst|always7~6                                                                                                                             ; 1       ;
; inf_rcv:inf_rcv_inst|inf_rcv_decoder:inf_rcv_decoder_inst|always7~5                                                                                                                             ; 1       ;
; inf_rcv:inf_rcv_inst|inf_rcv_decoder:inf_rcv_decoder_inst|always7~4                                                                                                                             ; 1       ;
; inf_rcv:inf_rcv_inst|inf_rcv_decoder:inf_rcv_decoder_inst|always7~2                                                                                                                             ; 1       ;
; inf_rcv:inf_rcv_inst|inf_rcv_decoder:inf_rcv_decoder_inst|always7~1                                                                                                                             ; 1       ;
; inf_rcv:inf_rcv_inst|inf_rcv_decoder:inf_rcv_decoder_inst|always7~0                                                                                                                             ; 1       ;
; inf_rcv:inf_rcv_inst|inf_rcv_decoder:inf_rcv_decoder_inst|inf_in_dly1                                                                                                                           ; 1       ;
; inf_rcv:inf_rcv_inst|seg_595_dynamic:seg_595_dynamic_inst|seg_dynamic:seg_dynamic_inst|bcd_8421:bcd_8421_inst|data_shift[23]~50                                                                 ; 1       ;
; inf_rcv:inf_rcv_inst|seg_595_dynamic:seg_595_dynamic_inst|seg_dynamic:seg_dynamic_inst|bcd_8421:bcd_8421_inst|data_shift[23]~49                                                                 ; 1       ;
; inf_rcv:inf_rcv_inst|seg_595_dynamic:seg_595_dynamic_inst|seg_dynamic:seg_dynamic_inst|bcd_8421:bcd_8421_inst|data_shift[22]~48                                                                 ; 1       ;
; inf_rcv:inf_rcv_inst|seg_595_dynamic:seg_595_dynamic_inst|seg_dynamic:seg_dynamic_inst|bcd_8421:bcd_8421_inst|LessThan0~0                                                                       ; 1       ;
; inf_rcv:inf_rcv_inst|seg_595_dynamic:seg_595_dynamic_inst|seg_dynamic:seg_dynamic_inst|bcd_8421:bcd_8421_inst|data_shift~47                                                                     ; 1       ;
; inf_rcv:inf_rcv_inst|seg_595_dynamic:seg_595_dynamic_inst|seg_dynamic:seg_dynamic_inst|bcd_8421:bcd_8421_inst|data_shift[22]~45                                                                 ; 1       ;
; inf_rcv:inf_rcv_inst|seg_595_dynamic:seg_595_dynamic_inst|seg_dynamic:seg_dynamic_inst|bcd_8421:bcd_8421_inst|data_shift~44                                                                     ; 1       ;
; inf_rcv:inf_rcv_inst|seg_595_dynamic:seg_595_dynamic_inst|seg_dynamic:seg_dynamic_inst|bcd_8421:bcd_8421_inst|data_shift[19]                                                                    ; 1       ;
; inf_rcv:inf_rcv_inst|seg_595_dynamic:seg_595_dynamic_inst|seg_dynamic:seg_dynamic_inst|bcd_8421:bcd_8421_inst|data_shift~43                                                                     ; 1       ;
; inf_rcv:inf_rcv_inst|seg_595_dynamic:seg_595_dynamic_inst|seg_dynamic:seg_dynamic_inst|bcd_8421:bcd_8421_inst|data_shift[27]~42                                                                 ; 1       ;
; inf_rcv:inf_rcv_inst|seg_595_dynamic:seg_595_dynamic_inst|seg_dynamic:seg_dynamic_inst|bcd_8421:bcd_8421_inst|data_shift[27]~41                                                                 ; 1       ;
; inf_rcv:inf_rcv_inst|seg_595_dynamic:seg_595_dynamic_inst|seg_dynamic:seg_dynamic_inst|bcd_8421:bcd_8421_inst|Add2~0                                                                            ; 1       ;
; inf_rcv:inf_rcv_inst|seg_595_dynamic:seg_595_dynamic_inst|seg_dynamic:seg_dynamic_inst|bcd_8421:bcd_8421_inst|data_shift[26]~40                                                                 ; 1       ;
; inf_rcv:inf_rcv_inst|seg_595_dynamic:seg_595_dynamic_inst|seg_dynamic:seg_dynamic_inst|bcd_8421:bcd_8421_inst|data_shift[26]~39                                                                 ; 1       ;
; inf_rcv:inf_rcv_inst|seg_595_dynamic:seg_595_dynamic_inst|seg_dynamic:seg_dynamic_inst|bcd_8421:bcd_8421_inst|data_shift[24]~37                                                                 ; 1       ;
; inf_rcv:inf_rcv_inst|seg_595_dynamic:seg_595_dynamic_inst|seg_dynamic:seg_dynamic_inst|bcd_8421:bcd_8421_inst|data_shift~36                                                                     ; 1       ;
; inf_rcv:inf_rcv_inst|seg_595_dynamic:seg_595_dynamic_inst|seg_dynamic:seg_dynamic_inst|bcd_8421:bcd_8421_inst|data_shift~35                                                                     ; 1       ;
; inf_rcv:inf_rcv_inst|seg_595_dynamic:seg_595_dynamic_inst|seg_dynamic:seg_dynamic_inst|bcd_8421:bcd_8421_inst|data_shift[31]~34                                                                 ; 1       ;
; inf_rcv:inf_rcv_inst|seg_595_dynamic:seg_595_dynamic_inst|seg_dynamic:seg_dynamic_inst|bcd_8421:bcd_8421_inst|data_shift[31]~33                                                                 ; 1       ;
; inf_rcv:inf_rcv_inst|seg_595_dynamic:seg_595_dynamic_inst|seg_dynamic:seg_dynamic_inst|bcd_8421:bcd_8421_inst|Add3~0                                                                            ; 1       ;
; inf_rcv:inf_rcv_inst|seg_595_dynamic:seg_595_dynamic_inst|seg_dynamic:seg_dynamic_inst|bcd_8421:bcd_8421_inst|data_shift~32                                                                     ; 1       ;
; inf_rcv:inf_rcv_inst|seg_595_dynamic:seg_595_dynamic_inst|seg_dynamic:seg_dynamic_inst|bcd_8421:bcd_8421_inst|data_shift[30]~31                                                                 ; 1       ;
; inf_rcv:inf_rcv_inst|seg_595_dynamic:seg_595_dynamic_inst|seg_dynamic:seg_dynamic_inst|bcd_8421:bcd_8421_inst|data_shift[30]~30                                                                 ; 1       ;
; inf_rcv:inf_rcv_inst|seg_595_dynamic:seg_595_dynamic_inst|seg_dynamic:seg_dynamic_inst|bcd_8421:bcd_8421_inst|data_shift~29                                                                     ; 1       ;
; inf_rcv:inf_rcv_inst|seg_595_dynamic:seg_595_dynamic_inst|seg_dynamic:seg_dynamic_inst|bcd_8421:bcd_8421_inst|data_shift[35]~28                                                                 ; 1       ;
; inf_rcv:inf_rcv_inst|seg_595_dynamic:seg_595_dynamic_inst|seg_dynamic:seg_dynamic_inst|bcd_8421:bcd_8421_inst|data_shift[35]~27                                                                 ; 1       ;
; inf_rcv:inf_rcv_inst|seg_595_dynamic:seg_595_dynamic_inst|seg_dynamic:seg_dynamic_inst|bcd_8421:bcd_8421_inst|Add4~0                                                                            ; 1       ;
; inf_rcv:inf_rcv_inst|seg_595_dynamic:seg_595_dynamic_inst|seg_dynamic:seg_dynamic_inst|bcd_8421:bcd_8421_inst|data_shift[34]~26                                                                 ; 1       ;
; inf_rcv:inf_rcv_inst|seg_595_dynamic:seg_595_dynamic_inst|seg_dynamic:seg_dynamic_inst|bcd_8421:bcd_8421_inst|data_shift[34]~25                                                                 ; 1       ;
; inf_rcv:inf_rcv_inst|seg_595_dynamic:seg_595_dynamic_inst|seg_dynamic:seg_dynamic_inst|bcd_8421:bcd_8421_inst|data_shift[32]~23                                                                 ; 1       ;
; inf_rcv:inf_rcv_inst|seg_595_dynamic:seg_595_dynamic_inst|seg_dynamic:seg_dynamic_inst|bcd_8421:bcd_8421_inst|data_shift[39]~22                                                                 ; 1       ;
; inf_rcv:inf_rcv_inst|seg_595_dynamic:seg_595_dynamic_inst|seg_dynamic:seg_dynamic_inst|bcd_8421:bcd_8421_inst|data_shift[39]~21                                                                 ; 1       ;
; inf_rcv:inf_rcv_inst|seg_595_dynamic:seg_595_dynamic_inst|seg_dynamic:seg_dynamic_inst|bcd_8421:bcd_8421_inst|Add5~0                                                                            ; 1       ;
; inf_rcv:inf_rcv_inst|seg_595_dynamic:seg_595_dynamic_inst|seg_dynamic:seg_dynamic_inst|bcd_8421:bcd_8421_inst|data_shift[42]~20                                                                 ; 1       ;
; inf_rcv:inf_rcv_inst|seg_595_dynamic:seg_595_dynamic_inst|seg_dynamic:seg_dynamic_inst|bcd_8421:bcd_8421_inst|data_shift[42]~19                                                                 ; 1       ;
; inf_rcv:inf_rcv_inst|seg_595_dynamic:seg_595_dynamic_inst|seg_dynamic:seg_dynamic_inst|bcd_8421:bcd_8421_inst|data_shift[43]~18                                                                 ; 1       ;
; inf_rcv:inf_rcv_inst|seg_595_dynamic:seg_595_dynamic_inst|seg_dynamic:seg_dynamic_inst|bcd_8421:bcd_8421_inst|data_shift[43]~17                                                                 ; 1       ;
; inf_rcv:inf_rcv_inst|seg_595_dynamic:seg_595_dynamic_inst|seg_dynamic:seg_dynamic_inst|bcd_8421:bcd_8421_inst|Add6~0                                                                            ; 1       ;
; inf_rcv:inf_rcv_inst|seg_595_dynamic:seg_595_dynamic_inst|seg_dynamic:seg_dynamic_inst|bcd_8421:bcd_8421_inst|data_shift~16                                                                     ; 1       ;
; inf_rcv:inf_rcv_inst|seg_595_dynamic:seg_595_dynamic_inst|seg_dynamic:seg_dynamic_inst|bcd_8421:bcd_8421_inst|data_shift[42]~14                                                                 ; 1       ;
; inf_rcv:inf_rcv_inst|seg_595_dynamic:seg_595_dynamic_inst|seg_dynamic:seg_dynamic_inst|bcd_8421:bcd_8421_inst|data_shift~13                                                                     ; 1       ;
; inf_rcv:inf_rcv_inst|seg_595_dynamic:seg_595_dynamic_inst|seg_dynamic:seg_dynamic_inst|bcd_8421:bcd_8421_inst|data_shift~12                                                                     ; 1       ;
; inf_rcv:inf_rcv_inst|seg_595_dynamic:seg_595_dynamic_inst|seg_dynamic:seg_dynamic_inst|bcd_8421:bcd_8421_inst|data_shift~11                                                                     ; 1       ;
; inf_rcv:inf_rcv_inst|seg_595_dynamic:seg_595_dynamic_inst|seg_dynamic:seg_dynamic_inst|bcd_8421:bcd_8421_inst|data_shift[38]~10                                                                 ; 1       ;
; inf_rcv:inf_rcv_inst|seg_595_dynamic:seg_595_dynamic_inst|seg_dynamic:seg_dynamic_inst|bcd_8421:bcd_8421_inst|data_shift[38]~9                                                                  ; 1       ;
; inf_rcv:inf_rcv_inst|seg_595_dynamic:seg_595_dynamic_inst|seg_dynamic:seg_dynamic_inst|bcd_8421:bcd_8421_inst|data_shift[36]~7                                                                  ; 1       ;
; inf_rcv:inf_rcv_inst|seg_595_dynamic:seg_595_dynamic_inst|seg_dynamic:seg_dynamic_inst|bcd_8421:bcd_8421_inst|cnt_shift~2                                                                       ; 1       ;
; inf_rcv:inf_rcv_inst|seg_595_dynamic:seg_595_dynamic_inst|seg_dynamic:seg_dynamic_inst|bcd_8421:bcd_8421_inst|cnt_shift~1                                                                       ; 1       ;
; inf_rcv:inf_rcv_inst|seg_595_dynamic:seg_595_dynamic_inst|seg_dynamic:seg_dynamic_inst|bcd_8421:bcd_8421_inst|cnt_shift~0                                                                       ; 1       ;
; inf_rcv:inf_rcv_inst|seg_595_dynamic:seg_595_dynamic_inst|seg_dynamic:seg_dynamic_inst|bcd_8421:bcd_8421_inst|data_shift[28]~5                                                                  ; 1       ;
; inf_rcv:inf_rcv_inst|seg_595_dynamic:seg_595_dynamic_inst|seg_dynamic:seg_dynamic_inst|bcd_8421:bcd_8421_inst|data_shift~4                                                                      ; 1       ;
; pic_rgb_gen:pic_rgb_gen_inst|pi_data~7                                                                                                                                                          ; 1       ;
; pic_rgb_gen:pic_rgb_gen_inst|pi_data~6                                                                                                                                                          ; 1       ;
; pic_rgb_gen:pic_rgb_gen_inst|pi_data~5                                                                                                                                                          ; 1       ;
; pic_rgb_gen:pic_rgb_gen_inst|pi_data~4                                                                                                                                                          ; 1       ;
; pic_rgb_gen:pic_rgb_gen_inst|prbs32_to_8:prbs32_to_8_inst|lfsr_reg[30]                                                                                                                          ; 1       ;
; pic_rgb_gen:pic_rgb_gen_inst|pi_data~3                                                                                                                                                          ; 1       ;
; pic_rgb_gen:pic_rgb_gen_inst|pi_data~2                                                                                                                                                          ; 1       ;
; pic_rgb_gen:pic_rgb_gen_inst|pi_data~1                                                                                                                                                          ; 1       ;
; pic_rgb_gen:pic_rgb_gen_inst|Selector1~1                                                                                                                                                        ; 1       ;
; pic_rgb_gen:pic_rgb_gen_inst|Selector1~0                                                                                                                                                        ; 1       ;
; pic_rgb_gen:pic_rgb_gen_inst|pi_data~0                                                                                                                                                          ; 1       ;
; pic_rgb_gen:pic_rgb_gen_inst|fifo_256x8:fifo_256x8_inst|scfifo:scfifo_component|scfifo_ov21:auto_generated|a_dpfifo_v531:dpfifo|a_fefifo_18e:fifo_state|b_non_empty~3                           ; 1       ;
; pic_rgb_gen:pic_rgb_gen_inst|fifo_256x8:fifo_256x8_inst|scfifo:scfifo_component|scfifo_ov21:auto_generated|a_dpfifo_v531:dpfifo|a_fefifo_18e:fifo_state|b_non_empty~2                           ; 1       ;
; pic_rgb_gen:pic_rgb_gen_inst|fifo_256x8:fifo_256x8_inst|scfifo:scfifo_component|scfifo_ov21:auto_generated|a_dpfifo_v531:dpfifo|a_fefifo_18e:fifo_state|b_non_empty~1                           ; 1       ;
; pic_rgb_gen:pic_rgb_gen_inst|fifo_256x8:fifo_256x8_inst|scfifo:scfifo_component|scfifo_ov21:auto_generated|a_dpfifo_v531:dpfifo|a_fefifo_18e:fifo_state|b_non_empty~0                           ; 1       ;
; pic_rgb_gen:pic_rgb_gen_inst|fifo_256x8:fifo_256x8_inst|scfifo:scfifo_component|scfifo_ov21:auto_generated|a_dpfifo_v531:dpfifo|a_fefifo_18e:fifo_state|b_full~3                                ; 1       ;
; pic_rgb_gen:pic_rgb_gen_inst|fifo_256x8:fifo_256x8_inst|scfifo:scfifo_component|scfifo_ov21:auto_generated|a_dpfifo_v531:dpfifo|a_fefifo_18e:fifo_state|b_full~2                                ; 1       ;
; pic_rgb_gen:pic_rgb_gen_inst|fifo_256x8:fifo_256x8_inst|scfifo:scfifo_component|scfifo_ov21:auto_generated|a_dpfifo_v531:dpfifo|a_fefifo_18e:fifo_state|b_full~1                                ; 1       ;
; pic_rgb_gen:pic_rgb_gen_inst|fifo_256x8:fifo_256x8_inst|scfifo:scfifo_component|scfifo_ov21:auto_generated|a_dpfifo_v531:dpfifo|a_fefifo_18e:fifo_state|b_full~0                                ; 1       ;
; pic_rgb_gen:pic_rgb_gen_inst|direct_sig_ctrl:direct_sig_ctrl_inst|direct[3]~2                                                                                                                   ; 1       ;
; pic_rgb_gen:pic_rgb_gen_inst|direct_sig_ctrl:direct_sig_ctrl_inst|direct[3]~1                                                                                                                   ; 1       ;
; pic_rgb_gen:pic_rgb_gen_inst|direct_sig_ctrl:direct_sig_ctrl_inst|direct[3]~0                                                                                                                   ; 1       ;
; pic_rgb_gen:pic_rgb_gen_inst|always9~0                                                                                                                                                          ; 1       ;
; pic_rgb_gen:pic_rgb_gen_inst|lfsr_shift_dly2                                                                                                                                                    ; 1       ;
; pic_rgb_gen:pic_rgb_gen_inst|pre_game~0                                                                                                                                                         ; 1       ;
; pic_rgb_gen:pic_rgb_gen_inst|fruit_req_dly1                                                                                                                                                     ; 1       ;
; inf_rcv:inf_rcv_inst|inf_rcv_decoder:inf_rcv_decoder_inst|data_reg[23]~18                                                                                                                       ; 1       ;
; inf_rcv:inf_rcv_inst|inf_rcv_decoder:inf_rcv_decoder_inst|data_reg[31]~17                                                                                                                       ; 1       ;
; inf_rcv:inf_rcv_inst|inf_rcv_decoder:inf_rcv_decoder_inst|data_reg[22]~16                                                                                                                       ; 1       ;
; inf_rcv:inf_rcv_inst|inf_rcv_decoder:inf_rcv_decoder_inst|data_reg[30]~15                                                                                                                       ; 1       ;
; inf_rcv:inf_rcv_inst|inf_rcv_decoder:inf_rcv_decoder_inst|data_reg[21]~14                                                                                                                       ; 1       ;
; inf_rcv:inf_rcv_inst|inf_rcv_decoder:inf_rcv_decoder_inst|data_reg[29]~13                                                                                                                       ; 1       ;
; inf_rcv:inf_rcv_inst|inf_rcv_decoder:inf_rcv_decoder_inst|data_reg[20]~12                                                                                                                       ; 1       ;
; inf_rcv:inf_rcv_inst|inf_rcv_decoder:inf_rcv_decoder_inst|data_reg[28]~11                                                                                                                       ; 1       ;
; inf_rcv:inf_rcv_inst|inf_rcv_decoder:inf_rcv_decoder_inst|data_reg[19]~10                                                                                                                       ; 1       ;
; inf_rcv:inf_rcv_inst|inf_rcv_decoder:inf_rcv_decoder_inst|data_reg[27]~9                                                                                                                        ; 1       ;
; inf_rcv:inf_rcv_inst|inf_rcv_decoder:inf_rcv_decoder_inst|data_reg[18]~8                                                                                                                        ; 1       ;
; inf_rcv:inf_rcv_inst|inf_rcv_decoder:inf_rcv_decoder_inst|data_reg[26]~7                                                                                                                        ; 1       ;
; inf_rcv:inf_rcv_inst|inf_rcv_decoder:inf_rcv_decoder_inst|data_reg[17]~6                                                                                                                        ; 1       ;
; inf_rcv:inf_rcv_inst|inf_rcv_decoder:inf_rcv_decoder_inst|data_reg[25]~5                                                                                                                        ; 1       ;
; inf_rcv:inf_rcv_inst|inf_rcv_decoder:inf_rcv_decoder_inst|data_reg[16]~4                                                                                                                        ; 1       ;
; inf_rcv:inf_rcv_inst|inf_rcv_decoder:inf_rcv_decoder_inst|data_reg[24]~2                                                                                                                        ; 1       ;
; inf_rcv:inf_rcv_inst|inf_rcv_decoder:inf_rcv_decoder_inst|Selector4~1                                                                                                                           ; 1       ;
; inf_rcv:inf_rcv_inst|inf_rcv_decoder:inf_rcv_decoder_inst|Selector4~0                                                                                                                           ; 1       ;
; inf_rcv:inf_rcv_inst|seg_595_dynamic:seg_595_dynamic_inst|seg_dynamic:seg_dynamic_inst|cnt_1ms~5                                                                                                ; 1       ;
; inf_rcv:inf_rcv_inst|seg_595_dynamic:seg_595_dynamic_inst|seg_dynamic:seg_dynamic_inst|cnt_1ms~4                                                                                                ; 1       ;
; inf_rcv:inf_rcv_inst|seg_595_dynamic:seg_595_dynamic_inst|seg_dynamic:seg_dynamic_inst|cnt_1ms~3                                                                                                ; 1       ;
; inf_rcv:inf_rcv_inst|seg_595_dynamic:seg_595_dynamic_inst|seg_dynamic:seg_dynamic_inst|cnt_1ms~2                                                                                                ; 1       ;
; inf_rcv:inf_rcv_inst|seg_595_dynamic:seg_595_dynamic_inst|seg_dynamic:seg_dynamic_inst|cnt_1ms~1                                                                                                ; 1       ;
; inf_rcv:inf_rcv_inst|seg_595_dynamic:seg_595_dynamic_inst|seg_dynamic:seg_dynamic_inst|cnt_1ms~0                                                                                                ; 1       ;
; pic_rgb_gen:pic_rgb_gen_inst|prbs8bit:prbs8bit_inst|lfsr_reg~8                                                                                                                                  ; 1       ;
; pic_rgb_gen:pic_rgb_gen_inst|seed[7]                                                                                                                                                            ; 1       ;
; pic_rgb_gen:pic_rgb_gen_inst|pi_data[7]                                                                                                                                                         ; 1       ;
; pic_rgb_gen:pic_rgb_gen_inst|prbs8bit:prbs8bit_inst|lfsr_reg~7                                                                                                                                  ; 1       ;
; pic_rgb_gen:pic_rgb_gen_inst|seed[6]                                                                                                                                                            ; 1       ;
; pic_rgb_gen:pic_rgb_gen_inst|pi_data[6]                                                                                                                                                         ; 1       ;
; pic_rgb_gen:pic_rgb_gen_inst|prbs8bit:prbs8bit_inst|lfsr_reg~6                                                                                                                                  ; 1       ;
; pic_rgb_gen:pic_rgb_gen_inst|seed[5]                                                                                                                                                            ; 1       ;
; pic_rgb_gen:pic_rgb_gen_inst|pi_data[5]                                                                                                                                                         ; 1       ;
; pic_rgb_gen:pic_rgb_gen_inst|prbs8bit:prbs8bit_inst|lfsr_reg~5                                                                                                                                  ; 1       ;
; pic_rgb_gen:pic_rgb_gen_inst|seed[4]                                                                                                                                                            ; 1       ;
; pic_rgb_gen:pic_rgb_gen_inst|pi_data[4]                                                                                                                                                         ; 1       ;
; pic_rgb_gen:pic_rgb_gen_inst|new_head_y[0]~4                                                                                                                                                    ; 1       ;
; pic_rgb_gen:pic_rgb_gen_inst|prbs8bit:prbs8bit_inst|lfsr_reg~4                                                                                                                                  ; 1       ;
; pic_rgb_gen:pic_rgb_gen_inst|seed[3]                                                                                                                                                            ; 1       ;
; pic_rgb_gen:pic_rgb_gen_inst|pi_data[3]                                                                                                                                                         ; 1       ;
; pic_rgb_gen:pic_rgb_gen_inst|prbs8bit:prbs8bit_inst|lfsr_reg~3                                                                                                                                  ; 1       ;
; pic_rgb_gen:pic_rgb_gen_inst|seed[2]                                                                                                                                                            ; 1       ;
; pic_rgb_gen:pic_rgb_gen_inst|pi_data[2]                                                                                                                                                         ; 1       ;
; pic_rgb_gen:pic_rgb_gen_inst|prbs8bit:prbs8bit_inst|lfsr_reg~2                                                                                                                                  ; 1       ;
; pic_rgb_gen:pic_rgb_gen_inst|seed[1]                                                                                                                                                            ; 1       ;
; pic_rgb_gen:pic_rgb_gen_inst|pi_data[1]                                                                                                                                                         ; 1       ;
; pic_rgb_gen:pic_rgb_gen_inst|Selector2~1                                                                                                                                                        ; 1       ;
; pic_rgb_gen:pic_rgb_gen_inst|Selector2~0                                                                                                                                                        ; 1       ;
; pic_rgb_gen:pic_rgb_gen_inst|prbs8bit:prbs8bit_inst|lfsr_reg~0                                                                                                                                  ; 1       ;
; pic_rgb_gen:pic_rgb_gen_inst|prbs8bit:prbs8bit_inst|feedback~0                                                                                                                                  ; 1       ;
; pic_rgb_gen:pic_rgb_gen_inst|seed[0]                                                                                                                                                            ; 1       ;
; pic_rgb_gen:pic_rgb_gen_inst|pi_data[0]                                                                                                                                                         ; 1       ;
; pic_rgb_gen:pic_rgb_gen_inst|new_head_x[0]~4                                                                                                                                                    ; 1       ;
; pic_rgb_gen:pic_rgb_gen_inst|cnt_pre_addr[0]~7                                                                                                                                                  ; 1       ;
; pic_rgb_gen:pic_rgb_gen_inst|game_tick_dly4~0                                                                                                                                                   ; 1       ;
; pic_rgb_gen:pic_rgb_gen_inst|state.IDLE~0                                                                                                                                                       ; 1       ;
; pic_rgb_gen:pic_rgb_gen_inst|game_tick_dly7~0                                                                                                                                                   ; 1       ;
; pic_rgb_gen:pic_rgb_gen_inst|Selector3~1                                                                                                                                                        ; 1       ;
; pic_rgb_gen:pic_rgb_gen_inst|Selector3~0                                                                                                                                                        ; 1       ;
; pic_rgb_gen:pic_rgb_gen_inst|Selector0~1                                                                                                                                                        ; 1       ;
; pic_rgb_gen:pic_rgb_gen_inst|Selector0~0                                                                                                                                                        ; 1       ;
; inf_rcv:inf_rcv_inst|inf_rcv_decoder:inf_rcv_decoder_inst|always11~0                                                                                                                            ; 1       ;
; inf_rcv:inf_rcv_inst|inf_rcv_decoder:inf_rcv_decoder_inst|Equal1~3                                                                                                                              ; 1       ;
; inf_rcv:inf_rcv_inst|inf_rcv_decoder:inf_rcv_decoder_inst|Equal1~2                                                                                                                              ; 1       ;
; inf_rcv:inf_rcv_inst|inf_rcv_decoder:inf_rcv_decoder_inst|Equal1~1                                                                                                                              ; 1       ;
; inf_rcv:inf_rcv_inst|inf_rcv_decoder:inf_rcv_decoder_inst|Equal1~0                                                                                                                              ; 1       ;
; inf_rcv:inf_rcv_inst|seg_595_dynamic:seg_595_dynamic_inst|seg_dynamic:seg_dynamic_inst|data_reg~17                                                                                              ; 1       ;
; inf_rcv:inf_rcv_inst|seg_595_dynamic:seg_595_dynamic_inst|seg_dynamic:seg_dynamic_inst|data_reg~16                                                                                              ; 1       ;
; inf_rcv:inf_rcv_inst|seg_595_dynamic:seg_595_dynamic_inst|seg_dynamic:seg_dynamic_inst|data_reg~15                                                                                              ; 1       ;
; inf_rcv:inf_rcv_inst|seg_595_dynamic:seg_595_dynamic_inst|seg_dynamic:seg_dynamic_inst|bcd_8421:bcd_8421_inst|unit[3]                                                                           ; 1       ;
; inf_rcv:inf_rcv_inst|seg_595_dynamic:seg_595_dynamic_inst|seg_dynamic:seg_dynamic_inst|data_reg~14                                                                                              ; 1       ;
; inf_rcv:inf_rcv_inst|seg_595_dynamic:seg_595_dynamic_inst|seg_dynamic:seg_dynamic_inst|data_reg~13                                                                                              ; 1       ;
; inf_rcv:inf_rcv_inst|seg_595_dynamic:seg_595_dynamic_inst|seg_dynamic:seg_dynamic_inst|bcd_8421:bcd_8421_inst|unit[2]                                                                           ; 1       ;
; inf_rcv:inf_rcv_inst|seg_595_dynamic:seg_595_dynamic_inst|seg_dynamic:seg_dynamic_inst|data_reg~12                                                                                              ; 1       ;
; inf_rcv:inf_rcv_inst|seg_595_dynamic:seg_595_dynamic_inst|seg_dynamic:seg_dynamic_inst|data_reg~11                                                                                              ; 1       ;
; inf_rcv:inf_rcv_inst|seg_595_dynamic:seg_595_dynamic_inst|seg_dynamic:seg_dynamic_inst|data_reg~10                                                                                              ; 1       ;
; inf_rcv:inf_rcv_inst|seg_595_dynamic:seg_595_dynamic_inst|seg_dynamic:seg_dynamic_inst|bcd_8421:bcd_8421_inst|unit[1]                                                                           ; 1       ;
; inf_rcv:inf_rcv_inst|seg_595_dynamic:seg_595_dynamic_inst|seg_dynamic:seg_dynamic_inst|data_reg~9                                                                                               ; 1       ;
; inf_rcv:inf_rcv_inst|seg_595_dynamic:seg_595_dynamic_inst|seg_dynamic:seg_dynamic_inst|data_reg~8                                                                                               ; 1       ;
; inf_rcv:inf_rcv_inst|seg_595_dynamic:seg_595_dynamic_inst|seg_dynamic:seg_dynamic_inst|data_reg~7                                                                                               ; 1       ;
; inf_rcv:inf_rcv_inst|seg_595_dynamic:seg_595_dynamic_inst|seg_dynamic:seg_dynamic_inst|data_reg~5                                                                                               ; 1       ;
; inf_rcv:inf_rcv_inst|seg_595_dynamic:seg_595_dynamic_inst|seg_dynamic:seg_dynamic_inst|data_reg~4                                                                                               ; 1       ;
; inf_rcv:inf_rcv_inst|seg_595_dynamic:seg_595_dynamic_inst|seg_dynamic:seg_dynamic_inst|bcd_8421:bcd_8421_inst|unit[0]                                                                           ; 1       ;
; inf_rcv:inf_rcv_inst|seg_595_dynamic:seg_595_dynamic_inst|seg_dynamic:seg_dynamic_inst|data_reg~3                                                                                               ; 1       ;
; inf_rcv:inf_rcv_inst|seg_595_dynamic:seg_595_dynamic_inst|seg_dynamic:seg_dynamic_inst|data_reg~2                                                                                               ; 1       ;
; inf_rcv:inf_rcv_inst|seg_595_dynamic:seg_595_dynamic_inst|seg_dynamic:seg_dynamic_inst|WideOr3~1                                                                                                ; 1       ;
; inf_rcv:inf_rcv_inst|seg_595_dynamic:seg_595_dynamic_inst|seg_dynamic:seg_dynamic_inst|cnt_sel~1                                                                                                ; 1       ;
; inf_rcv:inf_rcv_inst|seg_595_dynamic:seg_595_dynamic_inst|seg_dynamic:seg_dynamic_inst|cnt_sel~0                                                                                                ; 1       ;
; inf_rcv:inf_rcv_inst|seg_595_dynamic:seg_595_dynamic_inst|seg_dynamic:seg_dynamic_inst|Equal1~0                                                                                                 ; 1       ;
; inf_rcv:inf_rcv_inst|seg_595_dynamic:seg_595_dynamic_inst|seg_dynamic:seg_dynamic_inst|Equal0~3                                                                                                 ; 1       ;
; inf_rcv:inf_rcv_inst|seg_595_dynamic:seg_595_dynamic_inst|seg_dynamic:seg_dynamic_inst|Equal0~2                                                                                                 ; 1       ;
; inf_rcv:inf_rcv_inst|seg_595_dynamic:seg_595_dynamic_inst|seg_dynamic:seg_dynamic_inst|Equal0~1                                                                                                 ; 1       ;
; inf_rcv:inf_rcv_inst|seg_595_dynamic:seg_595_dynamic_inst|seg_dynamic:seg_dynamic_inst|Equal0~0                                                                                                 ; 1       ;
; pic_rgb_gen:pic_rgb_gen_inst|wr_data_a~4                                                                                                                                                        ; 1       ;
; pic_rgb_gen:pic_rgb_gen_inst|wr_data_a~3                                                                                                                                                        ; 1       ;
; pic_rgb_gen:pic_rgb_gen_inst|lpm_divide:Div1|lpm_divide_tim:auto_generated|sign_div_unsign_llh:divider|alt_u_div_u6f:divider|StageOut[48]~65                                                    ; 1       ;
; pic_rgb_gen:pic_rgb_gen_inst|lpm_divide:Div1|lpm_divide_tim:auto_generated|sign_div_unsign_llh:divider|alt_u_div_u6f:divider|StageOut[48]~64                                                    ; 1       ;
; pic_rgb_gen:pic_rgb_gen_inst|lpm_divide:Div1|lpm_divide_tim:auto_generated|sign_div_unsign_llh:divider|alt_u_div_u6f:divider|StageOut[49]~63                                                    ; 1       ;
; pic_rgb_gen:pic_rgb_gen_inst|lpm_divide:Div1|lpm_divide_tim:auto_generated|sign_div_unsign_llh:divider|alt_u_div_u6f:divider|StageOut[49]~62                                                    ; 1       ;
; pic_rgb_gen:pic_rgb_gen_inst|lpm_divide:Div1|lpm_divide_tim:auto_generated|sign_div_unsign_llh:divider|alt_u_div_u6f:divider|StageOut[50]~61                                                    ; 1       ;
; pic_rgb_gen:pic_rgb_gen_inst|lpm_divide:Div1|lpm_divide_tim:auto_generated|sign_div_unsign_llh:divider|alt_u_div_u6f:divider|StageOut[51]~60                                                    ; 1       ;
; pic_rgb_gen:pic_rgb_gen_inst|lpm_divide:Div1|lpm_divide_tim:auto_generated|sign_div_unsign_llh:divider|alt_u_div_u6f:divider|StageOut[52]~59                                                    ; 1       ;
; pic_rgb_gen:pic_rgb_gen_inst|lpm_divide:Div1|lpm_divide_tim:auto_generated|sign_div_unsign_llh:divider|alt_u_div_u6f:divider|StageOut[42]~58                                                    ; 1       ;
; pic_rgb_gen:pic_rgb_gen_inst|lpm_divide:Div1|lpm_divide_tim:auto_generated|sign_div_unsign_llh:divider|alt_u_div_u6f:divider|StageOut[42]~57                                                    ; 1       ;
; pic_rgb_gen:pic_rgb_gen_inst|lpm_divide:Div1|lpm_divide_tim:auto_generated|sign_div_unsign_llh:divider|alt_u_div_u6f:divider|StageOut[43]~56                                                    ; 1       ;
; pic_rgb_gen:pic_rgb_gen_inst|lpm_divide:Div1|lpm_divide_tim:auto_generated|sign_div_unsign_llh:divider|alt_u_div_u6f:divider|StageOut[44]~54                                                    ; 1       ;
; pic_rgb_gen:pic_rgb_gen_inst|lpm_divide:Div1|lpm_divide_tim:auto_generated|sign_div_unsign_llh:divider|alt_u_div_u6f:divider|StageOut[45]~53                                                    ; 1       ;
; pic_rgb_gen:pic_rgb_gen_inst|lpm_divide:Div1|lpm_divide_tim:auto_generated|sign_div_unsign_llh:divider|alt_u_div_u6f:divider|StageOut[46]~52                                                    ; 1       ;
; pic_rgb_gen:pic_rgb_gen_inst|lpm_divide:Div1|lpm_divide_tim:auto_generated|sign_div_unsign_llh:divider|alt_u_div_u6f:divider|StageOut[36]~51                                                    ; 1       ;
; pic_rgb_gen:pic_rgb_gen_inst|lpm_divide:Div1|lpm_divide_tim:auto_generated|sign_div_unsign_llh:divider|alt_u_div_u6f:divider|StageOut[36]~50                                                    ; 1       ;
; pic_rgb_gen:pic_rgb_gen_inst|lpm_divide:Div1|lpm_divide_tim:auto_generated|sign_div_unsign_llh:divider|alt_u_div_u6f:divider|StageOut[37]~49                                                    ; 1       ;
; pic_rgb_gen:pic_rgb_gen_inst|lpm_divide:Div1|lpm_divide_tim:auto_generated|sign_div_unsign_llh:divider|alt_u_div_u6f:divider|StageOut[38]~47                                                    ; 1       ;
; pic_rgb_gen:pic_rgb_gen_inst|lpm_divide:Div1|lpm_divide_tim:auto_generated|sign_div_unsign_llh:divider|alt_u_div_u6f:divider|StageOut[39]~46                                                    ; 1       ;
; pic_rgb_gen:pic_rgb_gen_inst|lpm_divide:Div1|lpm_divide_tim:auto_generated|sign_div_unsign_llh:divider|alt_u_div_u6f:divider|StageOut[40]~45                                                    ; 1       ;
; pic_rgb_gen:pic_rgb_gen_inst|lpm_divide:Div1|lpm_divide_tim:auto_generated|sign_div_unsign_llh:divider|alt_u_div_u6f:divider|StageOut[30]~44                                                    ; 1       ;
; pic_rgb_gen:pic_rgb_gen_inst|lpm_divide:Div1|lpm_divide_tim:auto_generated|sign_div_unsign_llh:divider|alt_u_div_u6f:divider|StageOut[30]~43                                                    ; 1       ;
; pic_rgb_gen:pic_rgb_gen_inst|lpm_divide:Div1|lpm_divide_tim:auto_generated|sign_div_unsign_llh:divider|alt_u_div_u6f:divider|StageOut[31]~42                                                    ; 1       ;
; pic_rgb_gen:pic_rgb_gen_inst|lpm_divide:Div1|lpm_divide_tim:auto_generated|sign_div_unsign_llh:divider|alt_u_div_u6f:divider|StageOut[32]~40                                                    ; 1       ;
; pic_rgb_gen:pic_rgb_gen_inst|lpm_divide:Div1|lpm_divide_tim:auto_generated|sign_div_unsign_llh:divider|alt_u_div_u6f:divider|StageOut[33]~39                                                    ; 1       ;
; pic_rgb_gen:pic_rgb_gen_inst|lpm_divide:Div1|lpm_divide_tim:auto_generated|sign_div_unsign_llh:divider|alt_u_div_u6f:divider|StageOut[34]~38                                                    ; 1       ;
; pic_rgb_gen:pic_rgb_gen_inst|lpm_divide:Div1|lpm_divide_tim:auto_generated|sign_div_unsign_llh:divider|alt_u_div_u6f:divider|StageOut[24]~37                                                    ; 1       ;
; pic_rgb_gen:pic_rgb_gen_inst|lpm_divide:Div1|lpm_divide_tim:auto_generated|sign_div_unsign_llh:divider|alt_u_div_u6f:divider|StageOut[24]~36                                                    ; 1       ;
; pic_rgb_gen:pic_rgb_gen_inst|lpm_divide:Div1|lpm_divide_tim:auto_generated|sign_div_unsign_llh:divider|alt_u_div_u6f:divider|StageOut[25]~35                                                    ; 1       ;
; pic_rgb_gen:pic_rgb_gen_inst|lpm_divide:Div1|lpm_divide_tim:auto_generated|sign_div_unsign_llh:divider|alt_u_div_u6f:divider|StageOut[26]~34                                                    ; 1       ;
; pic_rgb_gen:pic_rgb_gen_inst|lpm_divide:Div1|lpm_divide_tim:auto_generated|sign_div_unsign_llh:divider|alt_u_div_u6f:divider|StageOut[27]~33                                                    ; 1       ;
; pic_rgb_gen:pic_rgb_gen_inst|lpm_divide:Div1|lpm_divide_tim:auto_generated|sign_div_unsign_llh:divider|alt_u_div_u6f:divider|StageOut[28]~32                                                    ; 1       ;
; vga_ctrl:vga_ctrl_inst|Add4~19                                                                                                                                                                  ; 1       ;
; vga_ctrl:vga_ctrl_inst|Add4~18                                                                                                                                                                  ; 1       ;
; vga_ctrl:vga_ctrl_inst|Add4~17                                                                                                                                                                  ; 1       ;
; vga_ctrl:vga_ctrl_inst|Add4~16                                                                                                                                                                  ; 1       ;
; pic_rgb_gen:pic_rgb_gen_inst|lpm_divide:Div0|lpm_divide_uim:auto_generated|sign_div_unsign_mlh:divider|alt_u_div_07f:divider|StageOut[58]~55                                                    ; 1       ;
; pic_rgb_gen:pic_rgb_gen_inst|lpm_divide:Div0|lpm_divide_uim:auto_generated|sign_div_unsign_mlh:divider|alt_u_div_07f:divider|StageOut[50]~54                                                    ; 1       ;
; pic_rgb_gen:pic_rgb_gen_inst|lpm_divide:Div0|lpm_divide_uim:auto_generated|sign_div_unsign_mlh:divider|alt_u_div_07f:divider|StageOut[42]~53                                                    ; 1       ;
; pic_rgb_gen:pic_rgb_gen_inst|lpm_divide:Div0|lpm_divide_uim:auto_generated|sign_div_unsign_mlh:divider|alt_u_div_07f:divider|StageOut[59]~51                                                    ; 1       ;
; pic_rgb_gen:pic_rgb_gen_inst|lpm_divide:Div0|lpm_divide_uim:auto_generated|sign_div_unsign_mlh:divider|alt_u_div_07f:divider|StageOut[60]~50                                                    ; 1       ;
; pic_rgb_gen:pic_rgb_gen_inst|lpm_divide:Div0|lpm_divide_uim:auto_generated|sign_div_unsign_mlh:divider|alt_u_div_07f:divider|StageOut[61]~49                                                    ; 1       ;
; pic_rgb_gen:pic_rgb_gen_inst|lpm_divide:Div0|lpm_divide_uim:auto_generated|sign_div_unsign_mlh:divider|alt_u_div_07f:divider|StageOut[51]~48                                                    ; 1       ;
; pic_rgb_gen:pic_rgb_gen_inst|lpm_divide:Div0|lpm_divide_uim:auto_generated|sign_div_unsign_mlh:divider|alt_u_div_07f:divider|StageOut[43]~46                                                    ; 1       ;
; pic_rgb_gen:pic_rgb_gen_inst|lpm_divide:Div0|lpm_divide_uim:auto_generated|sign_div_unsign_mlh:divider|alt_u_div_07f:divider|StageOut[35]~45                                                    ; 1       ;
; pic_rgb_gen:pic_rgb_gen_inst|lpm_divide:Div0|lpm_divide_uim:auto_generated|sign_div_unsign_mlh:divider|alt_u_div_07f:divider|StageOut[35]~44                                                    ; 1       ;
; pic_rgb_gen:pic_rgb_gen_inst|lpm_divide:Div0|lpm_divide_uim:auto_generated|sign_div_unsign_mlh:divider|alt_u_div_07f:divider|StageOut[52]~43                                                    ; 1       ;
; pic_rgb_gen:pic_rgb_gen_inst|lpm_divide:Div0|lpm_divide_uim:auto_generated|sign_div_unsign_mlh:divider|alt_u_div_07f:divider|StageOut[53]~42                                                    ; 1       ;
; pic_rgb_gen:pic_rgb_gen_inst|lpm_divide:Div0|lpm_divide_uim:auto_generated|sign_div_unsign_mlh:divider|alt_u_div_07f:divider|StageOut[54]~41                                                    ; 1       ;
; pic_rgb_gen:pic_rgb_gen_inst|lpm_divide:Div0|lpm_divide_uim:auto_generated|sign_div_unsign_mlh:divider|alt_u_div_07f:divider|StageOut[44]~40                                                    ; 1       ;
; pic_rgb_gen:pic_rgb_gen_inst|lpm_divide:Div0|lpm_divide_uim:auto_generated|sign_div_unsign_mlh:divider|alt_u_div_07f:divider|StageOut[36]~39                                                    ; 1       ;
; pic_rgb_gen:pic_rgb_gen_inst|lpm_divide:Div0|lpm_divide_uim:auto_generated|sign_div_unsign_mlh:divider|alt_u_div_07f:divider|StageOut[36]~38                                                    ; 1       ;
; pic_rgb_gen:pic_rgb_gen_inst|lpm_divide:Div0|lpm_divide_uim:auto_generated|sign_div_unsign_mlh:divider|alt_u_div_07f:divider|StageOut[45]~36                                                    ; 1       ;
; pic_rgb_gen:pic_rgb_gen_inst|lpm_divide:Div0|lpm_divide_uim:auto_generated|sign_div_unsign_mlh:divider|alt_u_div_07f:divider|StageOut[46]~34                                                    ; 1       ;
; pic_rgb_gen:pic_rgb_gen_inst|lpm_divide:Div0|lpm_divide_uim:auto_generated|sign_div_unsign_mlh:divider|alt_u_div_07f:divider|StageOut[47]~33                                                    ; 1       ;
; pic_rgb_gen:pic_rgb_gen_inst|lpm_divide:Div0|lpm_divide_uim:auto_generated|sign_div_unsign_mlh:divider|alt_u_div_07f:divider|StageOut[37]~32                                                    ; 1       ;
; pic_rgb_gen:pic_rgb_gen_inst|lpm_divide:Div0|lpm_divide_uim:auto_generated|sign_div_unsign_mlh:divider|alt_u_div_07f:divider|StageOut[37]~31                                                    ; 1       ;
; pic_rgb_gen:pic_rgb_gen_inst|lpm_divide:Div0|lpm_divide_uim:auto_generated|sign_div_unsign_mlh:divider|alt_u_div_07f:divider|StageOut[38]~30                                                    ; 1       ;
; pic_rgb_gen:pic_rgb_gen_inst|lpm_divide:Div0|lpm_divide_uim:auto_generated|sign_div_unsign_mlh:divider|alt_u_div_07f:divider|StageOut[39]~29                                                    ; 1       ;
; pic_rgb_gen:pic_rgb_gen_inst|lpm_divide:Div0|lpm_divide_uim:auto_generated|sign_div_unsign_mlh:divider|alt_u_div_07f:divider|StageOut[40]~28                                                    ; 1       ;
; vga_ctrl:vga_ctrl_inst|Add3~14                                                                                                                                                                  ; 1       ;
; vga_ctrl:vga_ctrl_inst|Add3~13                                                                                                                                                                  ; 1       ;
; vga_ctrl:vga_ctrl_inst|Add3~12                                                                                                                                                                  ; 1       ;
; vga_ctrl:vga_ctrl_inst|LessThan2~1                                                                                                                                                              ; 1       ;
; vga_ctrl:vga_ctrl_inst|LessThan2~0                                                                                                                                                              ; 1       ;
; vga_ctrl:vga_ctrl_inst|pix_data_req~0                                                                                                                                                           ; 1       ;
; pic_rgb_gen:pic_rgb_gen_inst|address_a~18                                                                                                                                                       ; 1       ;
; pic_rgb_gen:pic_rgb_gen_inst|address_a~17                                                                                                                                                       ; 1       ;
; pic_rgb_gen:pic_rgb_gen_inst|prbs8bit:prbs8bit_inst|lfsr_reg[7]                                                                                                                                 ; 1       ;
; pic_rgb_gen:pic_rgb_gen_inst|address_a~16                                                                                                                                                       ; 1       ;
; pic_rgb_gen:pic_rgb_gen_inst|address_a~15                                                                                                                                                       ; 1       ;
; pic_rgb_gen:pic_rgb_gen_inst|address_a~14                                                                                                                                                       ; 1       ;
; pic_rgb_gen:pic_rgb_gen_inst|address_a~13                                                                                                                                                       ; 1       ;
; pic_rgb_gen:pic_rgb_gen_inst|address_a~12                                                                                                                                                       ; 1       ;
; pic_rgb_gen:pic_rgb_gen_inst|address_a~11                                                                                                                                                       ; 1       ;
; pic_rgb_gen:pic_rgb_gen_inst|address_a~10                                                                                                                                                       ; 1       ;
; pic_rgb_gen:pic_rgb_gen_inst|address_a~9                                                                                                                                                        ; 1       ;
; pic_rgb_gen:pic_rgb_gen_inst|address_a~8                                                                                                                                                        ; 1       ;
; pic_rgb_gen:pic_rgb_gen_inst|address_a~7                                                                                                                                                        ; 1       ;
; pic_rgb_gen:pic_rgb_gen_inst|address_a~6                                                                                                                                                        ; 1       ;
; pic_rgb_gen:pic_rgb_gen_inst|address_a~5                                                                                                                                                        ; 1       ;
; pic_rgb_gen:pic_rgb_gen_inst|address_a~3                                                                                                                                                        ; 1       ;
; pic_rgb_gen:pic_rgb_gen_inst|address_a~2                                                                                                                                                        ; 1       ;
; pic_rgb_gen:pic_rgb_gen_inst|wr_data_a~2                                                                                                                                                        ; 1       ;
; pic_rgb_gen:pic_rgb_gen_inst|always5~0                                                                                                                                                          ; 1       ;
; pic_rgb_gen:pic_rgb_gen_inst|wr_data_a~1                                                                                                                                                        ; 1       ;
; pic_rgb_gen:pic_rgb_gen_inst|wr_data_a~0                                                                                                                                                        ; 1       ;
; pic_rgb_gen:pic_rgb_gen_inst|wr_en_a~1                                                                                                                                                          ; 1       ;
; inf_rcv:inf_rcv_inst|inf_rcv_decoder:inf_rcv_decoder_inst|repeat_en                                                                                                                             ; 1       ;
; inf_rcv:inf_rcv_inst|seg_595_dynamic:seg_595_dynamic_inst|seg_dynamic:seg_dynamic_inst|sel_reg~5                                                                                                ; 1       ;
; inf_rcv:inf_rcv_inst|seg_595_dynamic:seg_595_dynamic_inst|seg_dynamic:seg_dynamic_inst|sel_reg~4                                                                                                ; 1       ;
; inf_rcv:inf_rcv_inst|seg_595_dynamic:seg_595_dynamic_inst|seg_dynamic:seg_dynamic_inst|sel_reg~3                                                                                                ; 1       ;
; inf_rcv:inf_rcv_inst|seg_595_dynamic:seg_595_dynamic_inst|seg_dynamic:seg_dynamic_inst|sel_reg~2                                                                                                ; 1       ;
; inf_rcv:inf_rcv_inst|seg_595_dynamic:seg_595_dynamic_inst|seg_dynamic:seg_dynamic_inst|sel_reg~1                                                                                                ; 1       ;
; inf_rcv:inf_rcv_inst|seg_595_dynamic:seg_595_dynamic_inst|seg_dynamic:seg_dynamic_inst|Mux0~3                                                                                                   ; 1       ;
; inf_rcv:inf_rcv_inst|seg_595_dynamic:seg_595_dynamic_inst|seg_dynamic:seg_dynamic_inst|Mux0~2                                                                                                   ; 1       ;
; inf_rcv:inf_rcv_inst|seg_595_dynamic:seg_595_dynamic_inst|seg_dynamic:seg_dynamic_inst|data_reg[19]                                                                                             ; 1       ;
; inf_rcv:inf_rcv_inst|seg_595_dynamic:seg_595_dynamic_inst|seg_dynamic:seg_dynamic_inst|data_reg[23]                                                                                             ; 1       ;
; inf_rcv:inf_rcv_inst|seg_595_dynamic:seg_595_dynamic_inst|seg_dynamic:seg_dynamic_inst|Mux0~1                                                                                                   ; 1       ;
; inf_rcv:inf_rcv_inst|seg_595_dynamic:seg_595_dynamic_inst|seg_dynamic:seg_dynamic_inst|data_reg[15]                                                                                             ; 1       ;
; inf_rcv:inf_rcv_inst|seg_595_dynamic:seg_595_dynamic_inst|seg_dynamic:seg_dynamic_inst|Mux0~0                                                                                                   ; 1       ;
; inf_rcv:inf_rcv_inst|seg_595_dynamic:seg_595_dynamic_inst|seg_dynamic:seg_dynamic_inst|data_reg[3]                                                                                              ; 1       ;
; inf_rcv:inf_rcv_inst|seg_595_dynamic:seg_595_dynamic_inst|seg_dynamic:seg_dynamic_inst|data_reg[7]                                                                                              ; 1       ;
; inf_rcv:inf_rcv_inst|seg_595_dynamic:seg_595_dynamic_inst|seg_dynamic:seg_dynamic_inst|data_reg[11]                                                                                             ; 1       ;
; inf_rcv:inf_rcv_inst|seg_595_dynamic:seg_595_dynamic_inst|seg_dynamic:seg_dynamic_inst|Mux1~3                                                                                                   ; 1       ;
; inf_rcv:inf_rcv_inst|seg_595_dynamic:seg_595_dynamic_inst|seg_dynamic:seg_dynamic_inst|Mux1~2                                                                                                   ; 1       ;
; inf_rcv:inf_rcv_inst|seg_595_dynamic:seg_595_dynamic_inst|seg_dynamic:seg_dynamic_inst|data_reg[18]                                                                                             ; 1       ;
; inf_rcv:inf_rcv_inst|seg_595_dynamic:seg_595_dynamic_inst|seg_dynamic:seg_dynamic_inst|data_reg[22]                                                                                             ; 1       ;
; inf_rcv:inf_rcv_inst|seg_595_dynamic:seg_595_dynamic_inst|seg_dynamic:seg_dynamic_inst|Mux1~1                                                                                                   ; 1       ;
; inf_rcv:inf_rcv_inst|seg_595_dynamic:seg_595_dynamic_inst|seg_dynamic:seg_dynamic_inst|data_reg[14]                                                                                             ; 1       ;
; inf_rcv:inf_rcv_inst|seg_595_dynamic:seg_595_dynamic_inst|seg_dynamic:seg_dynamic_inst|Mux1~0                                                                                                   ; 1       ;
; inf_rcv:inf_rcv_inst|seg_595_dynamic:seg_595_dynamic_inst|seg_dynamic:seg_dynamic_inst|data_reg[2]                                                                                              ; 1       ;
; inf_rcv:inf_rcv_inst|seg_595_dynamic:seg_595_dynamic_inst|seg_dynamic:seg_dynamic_inst|data_reg[6]                                                                                              ; 1       ;
; inf_rcv:inf_rcv_inst|seg_595_dynamic:seg_595_dynamic_inst|seg_dynamic:seg_dynamic_inst|data_reg[10]                                                                                             ; 1       ;
; inf_rcv:inf_rcv_inst|seg_595_dynamic:seg_595_dynamic_inst|seg_dynamic:seg_dynamic_inst|Mux2~3                                                                                                   ; 1       ;
; inf_rcv:inf_rcv_inst|seg_595_dynamic:seg_595_dynamic_inst|seg_dynamic:seg_dynamic_inst|Mux2~2                                                                                                   ; 1       ;
; inf_rcv:inf_rcv_inst|seg_595_dynamic:seg_595_dynamic_inst|seg_dynamic:seg_dynamic_inst|data_reg[17]                                                                                             ; 1       ;
; inf_rcv:inf_rcv_inst|seg_595_dynamic:seg_595_dynamic_inst|seg_dynamic:seg_dynamic_inst|data_reg[21]                                                                                             ; 1       ;
; inf_rcv:inf_rcv_inst|seg_595_dynamic:seg_595_dynamic_inst|seg_dynamic:seg_dynamic_inst|Mux2~1                                                                                                   ; 1       ;
; inf_rcv:inf_rcv_inst|seg_595_dynamic:seg_595_dynamic_inst|seg_dynamic:seg_dynamic_inst|data_reg[13]                                                                                             ; 1       ;
; inf_rcv:inf_rcv_inst|seg_595_dynamic:seg_595_dynamic_inst|seg_dynamic:seg_dynamic_inst|Mux2~0                                                                                                   ; 1       ;
; inf_rcv:inf_rcv_inst|seg_595_dynamic:seg_595_dynamic_inst|seg_dynamic:seg_dynamic_inst|data_reg[1]                                                                                              ; 1       ;
; inf_rcv:inf_rcv_inst|seg_595_dynamic:seg_595_dynamic_inst|seg_dynamic:seg_dynamic_inst|data_reg[5]                                                                                              ; 1       ;
; inf_rcv:inf_rcv_inst|seg_595_dynamic:seg_595_dynamic_inst|seg_dynamic:seg_dynamic_inst|data_reg[9]                                                                                              ; 1       ;
; inf_rcv:inf_rcv_inst|seg_595_dynamic:seg_595_dynamic_inst|seg_dynamic:seg_dynamic_inst|Mux3~3                                                                                                   ; 1       ;
; inf_rcv:inf_rcv_inst|seg_595_dynamic:seg_595_dynamic_inst|seg_dynamic:seg_dynamic_inst|Mux3~2                                                                                                   ; 1       ;
; inf_rcv:inf_rcv_inst|seg_595_dynamic:seg_595_dynamic_inst|seg_dynamic:seg_dynamic_inst|data_reg[16]                                                                                             ; 1       ;
+-------------------------------------------------------------------------------------------------------------------------------------------------------------------------------------------------+---------+


+-----------------------------------------------------------------------------------------------------------------------------------------------------------------------------------------------------------------------------------------------------------------------------------------------------------------------------------------------------------------------------------------------------------------------------------------------------------------------------------------------------------------------------------------------------------------------------------------------------------------------------------------------------+
; Fitter RAM Summary                                                                                                                                                                                                                                                                                                                                                                                                                                                                                                                                                                                                                                  ;
+-------------------------------------------------------------------------------------------------------------------------------------------------------------------------------------------+------+------------------+--------------+--------------+--------------+--------------+--------------+------------------------+-------------------------+------------------------+-------------------------+------+-----------------------------+-----------------------------+-----------------------------+-----------------------------+---------------------+------+------+----------------+----------------------+-----------------+-----------------+
; Name                                                                                                                                                                                      ; Type ; Mode             ; Clock Mode   ; Port A Depth ; Port A Width ; Port B Depth ; Port B Width ; Port A Input Registers ; Port A Output Registers ; Port B Input Registers ; Port B Output Registers ; Size ; Implementation Port A Depth ; Implementation Port A Width ; Implementation Port B Depth ; Implementation Port B Width ; Implementation Bits ; M9Ks ; MIF  ; Location       ; Mixed Width RDW Mode ; Port A RDW Mode ; Port B RDW Mode ;
+-------------------------------------------------------------------------------------------------------------------------------------------------------------------------------------------+------+------------------+--------------+--------------+--------------+--------------+--------------+------------------------+-------------------------+------------------------+-------------------------+------+-----------------------------+-----------------------------+-----------------------------+-----------------------------+---------------------+------+------+----------------+----------------------+-----------------+-----------------+
; pic_rgb_gen:pic_rgb_gen_inst|fifo_256x8:fifo_256x8_inst|scfifo:scfifo_component|scfifo_ov21:auto_generated|a_dpfifo_v531:dpfifo|dpram_4711:FIFOram|altsyncram_q0k1:altsyncram1|ALTSYNCRAM ; AUTO ; Simple Dual Port ; Dual Clocks  ; 256          ; 8            ; 256          ; 8            ; yes                    ; no                      ; yes                    ; no                      ; 2048 ; 256                         ; 8                           ; 256                         ; 8                           ; 2048                ; 1    ; None ; M9K_X27_Y18_N0 ; Don't care           ; Old data        ; Old data        ;
; pic_rgb_gen:pic_rgb_gen_inst|ram_256x2:ram_256x2_inst|altsyncram:altsyncram_component|altsyncram_qbh2:auto_generated|ALTSYNCRAM                                                           ; AUTO ; True Dual Port   ; Single Clock ; 256          ; 2            ; 256          ; 2            ; yes                    ; no                      ; yes                    ; no                      ; 512  ; 256                         ; 2                           ; 256                         ; 2                           ; 512                 ; 1    ; None ; M9K_X15_Y18_N0 ; Don't care           ; Old data        ; Old data        ;
+-------------------------------------------------------------------------------------------------------------------------------------------------------------------------------------------+------+------------------+--------------+--------------+--------------+--------------+--------------+------------------------+-------------------------+------------------------+-------------------------+------+-----------------------------+-----------------------------+-----------------------------+-----------------------------+---------------------+------+------+----------------+----------------------+-----------------+-----------------+
Note: Fitter may spread logical memories into multiple blocks to improve timing. The actual required RAM blocks can be found in the Fitter Resource Usage section.


+------------------------------------------------------+
; Other Routing Usage Summary                          ;
+-----------------------------+------------------------+
; Other Routing Resource Type ; Usage                  ;
+-----------------------------+------------------------+
; Block interconnects         ; 741 / 32,401 ( 2 % )   ;
; C16 interconnects           ; 5 / 1,326 ( < 1 % )    ;
; C4 interconnects            ; 194 / 21,816 ( < 1 % ) ;
; Direct links                ; 260 / 32,401 ( < 1 % ) ;
; Global clocks               ; 4 / 10 ( 40 % )        ;
; Local interconnects         ; 552 / 10,320 ( 5 % )   ;
; R24 interconnects           ; 7 / 1,289 ( < 1 % )    ;
; R4 interconnects            ; 338 / 28,186 ( 1 % )   ;
+-----------------------------+------------------------+


+----------------------------------------------------------------------------+
; LAB Logic Elements                                                         ;
+---------------------------------------------+------------------------------+
; Number of Logic Elements  (Average = 13.20) ; Number of LABs  (Total = 66) ;
+---------------------------------------------+------------------------------+
; 1                                           ; 2                            ;
; 2                                           ; 1                            ;
; 3                                           ; 1                            ;
; 4                                           ; 0                            ;
; 5                                           ; 5                            ;
; 6                                           ; 0                            ;
; 7                                           ; 0                            ;
; 8                                           ; 0                            ;
; 9                                           ; 3                            ;
; 10                                          ; 2                            ;
; 11                                          ; 1                            ;
; 12                                          ; 3                            ;
; 13                                          ; 3                            ;
; 14                                          ; 2                            ;
; 15                                          ; 10                           ;
; 16                                          ; 33                           ;
+---------------------------------------------+------------------------------+


+-------------------------------------------------------------------+
; LAB-wide Signals                                                  ;
+------------------------------------+------------------------------+
; LAB-wide Signals  (Average = 1.98) ; Number of LABs  (Total = 66) ;
+------------------------------------+------------------------------+
; 1 Async. clear                     ; 55                           ;
; 1 Clock                            ; 53                           ;
; 1 Clock enable                     ; 15                           ;
; 1 Sync. clear                      ; 3                            ;
; 1 Sync. load                       ; 2                            ;
; 2 Clock enables                    ; 2                            ;
; 2 Clocks                           ; 1                            ;
+------------------------------------+------------------------------+


+-----------------------------------------------------------------------------+
; LAB Signals Sourced                                                         ;
+----------------------------------------------+------------------------------+
; Number of Signals Sourced  (Average = 19.52) ; Number of LABs  (Total = 66) ;
+----------------------------------------------+------------------------------+
; 0                                            ; 0                            ;
; 1                                            ; 1                            ;
; 2                                            ; 1                            ;
; 3                                            ; 1                            ;
; 4                                            ; 0                            ;
; 5                                            ; 1                            ;
; 6                                            ; 0                            ;
; 7                                            ; 0                            ;
; 8                                            ; 0                            ;
; 9                                            ; 2                            ;
; 10                                           ; 4                            ;
; 11                                           ; 1                            ;
; 12                                           ; 1                            ;
; 13                                           ; 1                            ;
; 14                                           ; 0                            ;
; 15                                           ; 8                            ;
; 16                                           ; 4                            ;
; 17                                           ; 2                            ;
; 18                                           ; 0                            ;
; 19                                           ; 3                            ;
; 20                                           ; 3                            ;
; 21                                           ; 2                            ;
; 22                                           ; 1                            ;
; 23                                           ; 6                            ;
; 24                                           ; 2                            ;
; 25                                           ; 5                            ;
; 26                                           ; 2                            ;
; 27                                           ; 6                            ;
; 28                                           ; 4                            ;
; 29                                           ; 3                            ;
; 30                                           ; 2                            ;
+----------------------------------------------+------------------------------+


+--------------------------------------------------------------------------------+
; LAB Signals Sourced Out                                                        ;
+-------------------------------------------------+------------------------------+
; Number of Signals Sourced Out  (Average = 6.97) ; Number of LABs  (Total = 66) ;
+-------------------------------------------------+------------------------------+
; 0                                               ; 0                            ;
; 1                                               ; 7                            ;
; 2                                               ; 4                            ;
; 3                                               ; 3                            ;
; 4                                               ; 7                            ;
; 5                                               ; 6                            ;
; 6                                               ; 4                            ;
; 7                                               ; 3                            ;
; 8                                               ; 5                            ;
; 9                                               ; 7                            ;
; 10                                              ; 6                            ;
; 11                                              ; 5                            ;
; 12                                              ; 5                            ;
; 13                                              ; 1                            ;
; 14                                              ; 3                            ;
+-------------------------------------------------+------------------------------+


+-----------------------------------------------------------------------------+
; LAB Distinct Inputs                                                         ;
+----------------------------------------------+------------------------------+
; Number of Distinct Inputs  (Average = 10.21) ; Number of LABs  (Total = 66) ;
+----------------------------------------------+------------------------------+
; 0                                            ; 0                            ;
; 1                                            ; 1                            ;
; 2                                            ; 0                            ;
; 3                                            ; 6                            ;
; 4                                            ; 3                            ;
; 5                                            ; 4                            ;
; 6                                            ; 4                            ;
; 7                                            ; 6                            ;
; 8                                            ; 2                            ;
; 9                                            ; 6                            ;
; 10                                           ; 5                            ;
; 11                                           ; 2                            ;
; 12                                           ; 6                            ;
; 13                                           ; 5                            ;
; 14                                           ; 6                            ;
; 15                                           ; 2                            ;
; 16                                           ; 1                            ;
; 17                                           ; 1                            ;
; 18                                           ; 1                            ;
; 19                                           ; 2                            ;
; 20                                           ; 1                            ;
; 21                                           ; 1                            ;
; 22                                           ; 0                            ;
; 23                                           ; 0                            ;
; 24                                           ; 0                            ;
; 25                                           ; 0                            ;
; 26                                           ; 0                            ;
; 27                                           ; 0                            ;
; 28                                           ; 0                            ;
; 29                                           ; 0                            ;
; 30                                           ; 0                            ;
; 31                                           ; 0                            ;
; 32                                           ; 0                            ;
; 33                                           ; 0                            ;
; 34                                           ; 1                            ;
+----------------------------------------------+------------------------------+


+------------------------------------------+
; I/O Rules Summary                        ;
+----------------------------------+-------+
; I/O Rules Statistic              ; Total ;
+----------------------------------+-------+
; Total I/O Rules                  ; 30    ;
; Number of I/O Rules Passed       ; 12    ;
; Number of I/O Rules Failed       ; 0     ;
; Number of I/O Rules Unchecked    ; 0     ;
; Number of I/O Rules Inapplicable ; 18    ;
+----------------------------------+-------+


+-----------------------------------------------------------------------------------------------------------------------------------------------------------------------------------------------------------------------------------------------------------------------------------------------------+
; I/O Rules Details                                                                                                                                                                                                                                                                                   ;
+--------------+-----------+-----------------------------------+------------------------------------------------------------------------------------------------------+----------+--------------------------------------------------------------------------+---------------------+-------------------+
; Status       ; ID        ; Category                          ; Rule Description                                                                                     ; Severity ; Information                                                              ; Area                ; Extra Information ;
+--------------+-----------+-----------------------------------+------------------------------------------------------------------------------------------------------+----------+--------------------------------------------------------------------------+---------------------+-------------------+
; Pass         ; IO_000001 ; Capacity Checks                   ; Number of pins in an I/O bank should not exceed the number of locations available.                   ; Critical ; 0 such failures found.                                                   ; I/O                 ;                   ;
; Inapplicable ; IO_000002 ; Capacity Checks                   ; Number of clocks in an I/O bank should not exceed the number of clocks available.                    ; Critical ; No Global Signal assignments found.                                      ; I/O                 ;                   ;
; Pass         ; IO_000003 ; Capacity Checks                   ; Number of pins in a Vrefgroup should not exceed the number of locations available.                   ; Critical ; 0 such failures found.                                                   ; I/O                 ;                   ;
; Inapplicable ; IO_000004 ; Voltage Compatibility Checks      ; The I/O bank should support the requested VCCIO.                                                     ; Critical ; No IOBANK_VCCIO assignments found.                                       ; I/O                 ;                   ;
; Inapplicable ; IO_000005 ; Voltage Compatibility Checks      ; The I/O bank should not have competing VREF values.                                                  ; Critical ; No VREF I/O Standard assignments found.                                  ; I/O                 ;                   ;
; Pass         ; IO_000006 ; Voltage Compatibility Checks      ; The I/O bank should not have competing VCCIO values.                                                 ; Critical ; 0 such failures found.                                                   ; I/O                 ;                   ;
; Pass         ; IO_000007 ; Valid Location Checks             ; Checks for unavailable locations.                                                                    ; Critical ; 0 such failures found.                                                   ; I/O                 ;                   ;
; Inapplicable ; IO_000008 ; Valid Location Checks             ; Checks for reserved locations.                                                                       ; Critical ; No reserved LogicLock region found.                                      ; I/O                 ;                   ;
; Pass         ; IO_000009 ; I/O Properties Checks for One I/O ; The location should support the requested I/O standard.                                              ; Critical ; 0 such failures found.                                                   ; I/O                 ;                   ;
; Pass         ; IO_000010 ; I/O Properties Checks for One I/O ; The location should support the requested I/O direction.                                             ; Critical ; 0 such failures found.                                                   ; I/O                 ;                   ;
; Inapplicable ; IO_000011 ; I/O Properties Checks for One I/O ; The location should support the requested Current Strength.                                          ; Critical ; No Current Strength assignments found.                                   ; I/O                 ;                   ;
; Pass         ; IO_000012 ; I/O Properties Checks for One I/O ; The location should support the requested On Chip Termination value.                                 ; Critical ; 0 such failures found.                                                   ; I/O                 ;                   ;
; Inapplicable ; IO_000013 ; I/O Properties Checks for One I/O ; The location should support the requested Bus Hold value.                                            ; Critical ; No Enable Bus-Hold Circuitry assignments found.                          ; I/O                 ;                   ;
; Inapplicable ; IO_000014 ; I/O Properties Checks for One I/O ; The location should support the requested Weak Pull Up value.                                        ; Critical ; No Weak Pull-Up Resistor assignments found.                              ; I/O                 ;                   ;
; Pass         ; IO_000015 ; I/O Properties Checks for One I/O ; The location should support the requested PCI Clamp Diode.                                           ; Critical ; 0 such failures found.                                                   ; I/O                 ;                   ;
; Inapplicable ; IO_000018 ; I/O Properties Checks for One I/O ; The I/O standard should support the requested Current Strength.                                      ; Critical ; No Current Strength assignments found.                                   ; I/O                 ;                   ;
; Pass         ; IO_000019 ; I/O Properties Checks for One I/O ; The I/O standard should support the requested On Chip Termination value.                             ; Critical ; 0 such failures found.                                                   ; I/O                 ;                   ;
; Pass         ; IO_000020 ; I/O Properties Checks for One I/O ; The I/O standard should support the requested PCI Clamp Diode.                                       ; Critical ; 0 such failures found.                                                   ; I/O                 ;                   ;
; Inapplicable ; IO_000021 ; I/O Properties Checks for One I/O ; The I/O standard should support the requested Weak Pull Up value.                                    ; Critical ; No Weak Pull-Up Resistor assignments found.                              ; I/O                 ;                   ;
; Inapplicable ; IO_000022 ; I/O Properties Checks for One I/O ; The I/O standard should support the requested Bus Hold value.                                        ; Critical ; No Enable Bus-Hold Circuitry assignments found.                          ; I/O                 ;                   ;
; Inapplicable ; IO_000023 ; I/O Properties Checks for One I/O ; The I/O standard should support the Open Drain value.                                                ; Critical ; No open drain assignments found.                                         ; I/O                 ;                   ;
; Pass         ; IO_000024 ; I/O Properties Checks for One I/O ; The I/O direction should support the On Chip Termination value.                                      ; Critical ; 0 such failures found.                                                   ; I/O                 ;                   ;
; Inapplicable ; IO_000026 ; I/O Properties Checks for One I/O ; On Chip Termination and Current Strength should not be used at the same time.                        ; Critical ; No Current Strength assignments found.                                   ; I/O                 ;                   ;
; Inapplicable ; IO_000027 ; I/O Properties Checks for One I/O ; Weak Pull Up and Bus Hold should not be used at the same time.                                       ; Critical ; No Enable Bus-Hold Circuitry or Weak Pull-Up Resistor assignments found. ; I/O                 ;                   ;
; Inapplicable ; IO_000045 ; I/O Properties Checks for One I/O ; The I/O standard should support the requested Slew Rate value.                                       ; Critical ; No Slew Rate assignments found.                                          ; I/O                 ;                   ;
; Inapplicable ; IO_000046 ; I/O Properties Checks for One I/O ; The location should support the requested Slew Rate value.                                           ; Critical ; No Slew Rate assignments found.                                          ; I/O                 ;                   ;
; Inapplicable ; IO_000047 ; I/O Properties Checks for One I/O ; On Chip Termination and Slew Rate should not be used at the same time.                               ; Critical ; No Slew Rate assignments found.                                          ; I/O                 ;                   ;
; Pass         ; IO_000033 ; Electromigration Checks           ; Current density for consecutive I/Os should not exceed 240mA for row I/Os and 240mA for column I/Os. ; Critical ; 0 such failures found.                                                   ; I/O                 ;                   ;
; Inapplicable ; IO_000034 ; SI Related Distance Checks        ; Single-ended outputs should be 5 LAB row(s) away from a differential I/O.                            ; High     ; No Differential I/O Standard assignments found.                          ; I/O                 ;                   ;
; Inapplicable ; IO_000042 ; SI Related SSO Limit Checks       ; No more than 20 outputs are allowed in a VREF group when VREF is being read from.                    ; High     ; No VREF I/O Standard assignments found.                                  ; I/O                 ;                   ;
; ----         ; ----      ; Disclaimer                        ; OCT rules are checked but not reported.                                                              ; None     ; ----                                                                     ; On Chip Termination ;                   ;
+--------------+-----------+-----------------------------------+------------------------------------------------------------------------------------------------------+----------+--------------------------------------------------------------------------+---------------------+-------------------+


+-----------------------------------------------------------------------------------------------------------------------------------------------------------------------------------------------------------------------------------------------------------------------------------------------------------------------------------------------------------------------------------------------------------------------------------------------------------------+
; I/O Rules Matrix                                                                                                                                                                                                                                                                                                                                                                                                                                                ;
+--------------------+-----------+--------------+-----------+--------------+--------------+-----------+-----------+--------------+-----------+-----------+--------------+--------------+--------------+--------------+--------------+--------------+--------------+--------------+--------------+--------------+--------------+--------------+--------------+--------------+--------------+--------------+--------------+-----------+--------------+--------------+
; Pin/Rules          ; IO_000001 ; IO_000002    ; IO_000003 ; IO_000004    ; IO_000005    ; IO_000006 ; IO_000007 ; IO_000008    ; IO_000009 ; IO_000010 ; IO_000011    ; IO_000012    ; IO_000013    ; IO_000014    ; IO_000015    ; IO_000018    ; IO_000019    ; IO_000020    ; IO_000021    ; IO_000022    ; IO_000023    ; IO_000024    ; IO_000026    ; IO_000027    ; IO_000045    ; IO_000046    ; IO_000047    ; IO_000033 ; IO_000034    ; IO_000042    ;
+--------------------+-----------+--------------+-----------+--------------+--------------+-----------+-----------+--------------+-----------+-----------+--------------+--------------+--------------+--------------+--------------+--------------+--------------+--------------+--------------+--------------+--------------+--------------+--------------+--------------+--------------+--------------+--------------+-----------+--------------+--------------+
; Total Pass         ; 26        ; 0            ; 26        ; 0            ; 0            ; 26        ; 26        ; 0            ; 26        ; 26        ; 0            ; 23           ; 0            ; 0            ; 3            ; 0            ; 23           ; 3            ; 0            ; 0            ; 0            ; 23           ; 0            ; 0            ; 0            ; 0            ; 0            ; 26        ; 0            ; 0            ;
; Total Unchecked    ; 0         ; 0            ; 0         ; 0            ; 0            ; 0         ; 0         ; 0            ; 0         ; 0         ; 0            ; 0            ; 0            ; 0            ; 0            ; 0            ; 0            ; 0            ; 0            ; 0            ; 0            ; 0            ; 0            ; 0            ; 0            ; 0            ; 0            ; 0         ; 0            ; 0            ;
; Total Inapplicable ; 0         ; 26           ; 0         ; 26           ; 26           ; 0         ; 0         ; 26           ; 0         ; 0         ; 26           ; 3            ; 26           ; 26           ; 23           ; 26           ; 3            ; 23           ; 26           ; 26           ; 26           ; 3            ; 26           ; 26           ; 26           ; 26           ; 26           ; 0         ; 26           ; 26           ;
; Total Fail         ; 0         ; 0            ; 0         ; 0            ; 0            ; 0         ; 0         ; 0            ; 0         ; 0         ; 0            ; 0            ; 0            ; 0            ; 0            ; 0            ; 0            ; 0            ; 0            ; 0            ; 0            ; 0            ; 0            ; 0            ; 0            ; 0            ; 0            ; 0         ; 0            ; 0            ;
; ds                 ; Pass      ; Inapplicable ; Pass      ; Inapplicable ; Inapplicable ; Pass      ; Pass      ; Inapplicable ; Pass      ; Pass      ; Inapplicable ; Pass         ; Inapplicable ; Inapplicable ; Inapplicable ; Inapplicable ; Pass         ; Inapplicable ; Inapplicable ; Inapplicable ; Inapplicable ; Pass         ; Inapplicable ; Inapplicable ; Inapplicable ; Inapplicable ; Inapplicable ; Pass      ; Inapplicable ; Inapplicable ;
; oe                 ; Pass      ; Inapplicable ; Pass      ; Inapplicable ; Inapplicable ; Pass      ; Pass      ; Inapplicable ; Pass      ; Pass      ; Inapplicable ; Pass         ; Inapplicable ; Inapplicable ; Inapplicable ; Inapplicable ; Pass         ; Inapplicable ; Inapplicable ; Inapplicable ; Inapplicable ; Pass         ; Inapplicable ; Inapplicable ; Inapplicable ; Inapplicable ; Inapplicable ; Pass      ; Inapplicable ; Inapplicable ;
; shcp               ; Pass      ; Inapplicable ; Pass      ; Inapplicable ; Inapplicable ; Pass      ; Pass      ; Inapplicable ; Pass      ; Pass      ; Inapplicable ; Pass         ; Inapplicable ; Inapplicable ; Inapplicable ; Inapplicable ; Pass         ; Inapplicable ; Inapplicable ; Inapplicable ; Inapplicable ; Pass         ; Inapplicable ; Inapplicable ; Inapplicable ; Inapplicable ; Inapplicable ; Pass      ; Inapplicable ; Inapplicable ;
; stcp               ; Pass      ; Inapplicable ; Pass      ; Inapplicable ; Inapplicable ; Pass      ; Pass      ; Inapplicable ; Pass      ; Pass      ; Inapplicable ; Pass         ; Inapplicable ; Inapplicable ; Inapplicable ; Inapplicable ; Pass         ; Inapplicable ; Inapplicable ; Inapplicable ; Inapplicable ; Pass         ; Inapplicable ; Inapplicable ; Inapplicable ; Inapplicable ; Inapplicable ; Pass      ; Inapplicable ; Inapplicable ;
; led                ; Pass      ; Inapplicable ; Pass      ; Inapplicable ; Inapplicable ; Pass      ; Pass      ; Inapplicable ; Pass      ; Pass      ; Inapplicable ; Pass         ; Inapplicable ; Inapplicable ; Inapplicable ; Inapplicable ; Pass         ; Inapplicable ; Inapplicable ; Inapplicable ; Inapplicable ; Pass         ; Inapplicable ; Inapplicable ; Inapplicable ; Inapplicable ; Inapplicable ; Pass      ; Inapplicable ; Inapplicable ;
; rgb[0]             ; Pass      ; Inapplicable ; Pass      ; Inapplicable ; Inapplicable ; Pass      ; Pass      ; Inapplicable ; Pass      ; Pass      ; Inapplicable ; Pass         ; Inapplicable ; Inapplicable ; Inapplicable ; Inapplicable ; Pass         ; Inapplicable ; Inapplicable ; Inapplicable ; Inapplicable ; Pass         ; Inapplicable ; Inapplicable ; Inapplicable ; Inapplicable ; Inapplicable ; Pass      ; Inapplicable ; Inapplicable ;
; rgb[1]             ; Pass      ; Inapplicable ; Pass      ; Inapplicable ; Inapplicable ; Pass      ; Pass      ; Inapplicable ; Pass      ; Pass      ; Inapplicable ; Pass         ; Inapplicable ; Inapplicable ; Inapplicable ; Inapplicable ; Pass         ; Inapplicable ; Inapplicable ; Inapplicable ; Inapplicable ; Pass         ; Inapplicable ; Inapplicable ; Inapplicable ; Inapplicable ; Inapplicable ; Pass      ; Inapplicable ; Inapplicable ;
; rgb[2]             ; Pass      ; Inapplicable ; Pass      ; Inapplicable ; Inapplicable ; Pass      ; Pass      ; Inapplicable ; Pass      ; Pass      ; Inapplicable ; Pass         ; Inapplicable ; Inapplicable ; Inapplicable ; Inapplicable ; Pass         ; Inapplicable ; Inapplicable ; Inapplicable ; Inapplicable ; Pass         ; Inapplicable ; Inapplicable ; Inapplicable ; Inapplicable ; Inapplicable ; Pass      ; Inapplicable ; Inapplicable ;
; rgb[3]             ; Pass      ; Inapplicable ; Pass      ; Inapplicable ; Inapplicable ; Pass      ; Pass      ; Inapplicable ; Pass      ; Pass      ; Inapplicable ; Pass         ; Inapplicable ; Inapplicable ; Inapplicable ; Inapplicable ; Pass         ; Inapplicable ; Inapplicable ; Inapplicable ; Inapplicable ; Pass         ; Inapplicable ; Inapplicable ; Inapplicable ; Inapplicable ; Inapplicable ; Pass      ; Inapplicable ; Inapplicable ;
; rgb[4]             ; Pass      ; Inapplicable ; Pass      ; Inapplicable ; Inapplicable ; Pass      ; Pass      ; Inapplicable ; Pass      ; Pass      ; Inapplicable ; Pass         ; Inapplicable ; Inapplicable ; Inapplicable ; Inapplicable ; Pass         ; Inapplicable ; Inapplicable ; Inapplicable ; Inapplicable ; Pass         ; Inapplicable ; Inapplicable ; Inapplicable ; Inapplicable ; Inapplicable ; Pass      ; Inapplicable ; Inapplicable ;
; rgb[5]             ; Pass      ; Inapplicable ; Pass      ; Inapplicable ; Inapplicable ; Pass      ; Pass      ; Inapplicable ; Pass      ; Pass      ; Inapplicable ; Pass         ; Inapplicable ; Inapplicable ; Inapplicable ; Inapplicable ; Pass         ; Inapplicable ; Inapplicable ; Inapplicable ; Inapplicable ; Pass         ; Inapplicable ; Inapplicable ; Inapplicable ; Inapplicable ; Inapplicable ; Pass      ; Inapplicable ; Inapplicable ;
; rgb[6]             ; Pass      ; Inapplicable ; Pass      ; Inapplicable ; Inapplicable ; Pass      ; Pass      ; Inapplicable ; Pass      ; Pass      ; Inapplicable ; Pass         ; Inapplicable ; Inapplicable ; Inapplicable ; Inapplicable ; Pass         ; Inapplicable ; Inapplicable ; Inapplicable ; Inapplicable ; Pass         ; Inapplicable ; Inapplicable ; Inapplicable ; Inapplicable ; Inapplicable ; Pass      ; Inapplicable ; Inapplicable ;
; rgb[7]             ; Pass      ; Inapplicable ; Pass      ; Inapplicable ; Inapplicable ; Pass      ; Pass      ; Inapplicable ; Pass      ; Pass      ; Inapplicable ; Pass         ; Inapplicable ; Inapplicable ; Inapplicable ; Inapplicable ; Pass         ; Inapplicable ; Inapplicable ; Inapplicable ; Inapplicable ; Pass         ; Inapplicable ; Inapplicable ; Inapplicable ; Inapplicable ; Inapplicable ; Pass      ; Inapplicable ; Inapplicable ;
; rgb[8]             ; Pass      ; Inapplicable ; Pass      ; Inapplicable ; Inapplicable ; Pass      ; Pass      ; Inapplicable ; Pass      ; Pass      ; Inapplicable ; Pass         ; Inapplicable ; Inapplicable ; Inapplicable ; Inapplicable ; Pass         ; Inapplicable ; Inapplicable ; Inapplicable ; Inapplicable ; Pass         ; Inapplicable ; Inapplicable ; Inapplicable ; Inapplicable ; Inapplicable ; Pass      ; Inapplicable ; Inapplicable ;
; rgb[9]             ; Pass      ; Inapplicable ; Pass      ; Inapplicable ; Inapplicable ; Pass      ; Pass      ; Inapplicable ; Pass      ; Pass      ; Inapplicable ; Pass         ; Inapplicable ; Inapplicable ; Inapplicable ; Inapplicable ; Pass         ; Inapplicable ; Inapplicable ; Inapplicable ; Inapplicable ; Pass         ; Inapplicable ; Inapplicable ; Inapplicable ; Inapplicable ; Inapplicable ; Pass      ; Inapplicable ; Inapplicable ;
; rgb[10]            ; Pass      ; Inapplicable ; Pass      ; Inapplicable ; Inapplicable ; Pass      ; Pass      ; Inapplicable ; Pass      ; Pass      ; Inapplicable ; Pass         ; Inapplicable ; Inapplicable ; Inapplicable ; Inapplicable ; Pass         ; Inapplicable ; Inapplicable ; Inapplicable ; Inapplicable ; Pass         ; Inapplicable ; Inapplicable ; Inapplicable ; Inapplicable ; Inapplicable ; Pass      ; Inapplicable ; Inapplicable ;
; rgb[11]            ; Pass      ; Inapplicable ; Pass      ; Inapplicable ; Inapplicable ; Pass      ; Pass      ; Inapplicable ; Pass      ; Pass      ; Inapplicable ; Pass         ; Inapplicable ; Inapplicable ; Inapplicable ; Inapplicable ; Pass         ; Inapplicable ; Inapplicable ; Inapplicable ; Inapplicable ; Pass         ; Inapplicable ; Inapplicable ; Inapplicable ; Inapplicable ; Inapplicable ; Pass      ; Inapplicable ; Inapplicable ;
; rgb[12]            ; Pass      ; Inapplicable ; Pass      ; Inapplicable ; Inapplicable ; Pass      ; Pass      ; Inapplicable ; Pass      ; Pass      ; Inapplicable ; Pass         ; Inapplicable ; Inapplicable ; Inapplicable ; Inapplicable ; Pass         ; Inapplicable ; Inapplicable ; Inapplicable ; Inapplicable ; Pass         ; Inapplicable ; Inapplicable ; Inapplicable ; Inapplicable ; Inapplicable ; Pass      ; Inapplicable ; Inapplicable ;
; rgb[13]            ; Pass      ; Inapplicable ; Pass      ; Inapplicable ; Inapplicable ; Pass      ; Pass      ; Inapplicable ; Pass      ; Pass      ; Inapplicable ; Pass         ; Inapplicable ; Inapplicable ; Inapplicable ; Inapplicable ; Pass         ; Inapplicable ; Inapplicable ; Inapplicable ; Inapplicable ; Pass         ; Inapplicable ; Inapplicable ; Inapplicable ; Inapplicable ; Inapplicable ; Pass      ; Inapplicable ; Inapplicable ;
; rgb[14]            ; Pass      ; Inapplicable ; Pass      ; Inapplicable ; Inapplicable ; Pass      ; Pass      ; Inapplicable ; Pass      ; Pass      ; Inapplicable ; Pass         ; Inapplicable ; Inapplicable ; Inapplicable ; Inapplicable ; Pass         ; Inapplicable ; Inapplicable ; Inapplicable ; Inapplicable ; Pass         ; Inapplicable ; Inapplicable ; Inapplicable ; Inapplicable ; Inapplicable ; Pass      ; Inapplicable ; Inapplicable ;
; rgb[15]            ; Pass      ; Inapplicable ; Pass      ; Inapplicable ; Inapplicable ; Pass      ; Pass      ; Inapplicable ; Pass      ; Pass      ; Inapplicable ; Pass         ; Inapplicable ; Inapplicable ; Inapplicable ; Inapplicable ; Pass         ; Inapplicable ; Inapplicable ; Inapplicable ; Inapplicable ; Pass         ; Inapplicable ; Inapplicable ; Inapplicable ; Inapplicable ; Inapplicable ; Pass      ; Inapplicable ; Inapplicable ;
; hsync              ; Pass      ; Inapplicable ; Pass      ; Inapplicable ; Inapplicable ; Pass      ; Pass      ; Inapplicable ; Pass      ; Pass      ; Inapplicable ; Pass         ; Inapplicable ; Inapplicable ; Inapplicable ; Inapplicable ; Pass         ; Inapplicable ; Inapplicable ; Inapplicable ; Inapplicable ; Pass         ; Inapplicable ; Inapplicable ; Inapplicable ; Inapplicable ; Inapplicable ; Pass      ; Inapplicable ; Inapplicable ;
; vsync              ; Pass      ; Inapplicable ; Pass      ; Inapplicable ; Inapplicable ; Pass      ; Pass      ; Inapplicable ; Pass      ; Pass      ; Inapplicable ; Pass         ; Inapplicable ; Inapplicable ; Inapplicable ; Inapplicable ; Pass         ; Inapplicable ; Inapplicable ; Inapplicable ; Inapplicable ; Pass         ; Inapplicable ; Inapplicable ; Inapplicable ; Inapplicable ; Inapplicable ; Pass      ; Inapplicable ; Inapplicable ;
; sys_rst_n          ; Pass      ; Inapplicable ; Pass      ; Inapplicable ; Inapplicable ; Pass      ; Pass      ; Inapplicable ; Pass      ; Pass      ; Inapplicable ; Inapplicable ; Inapplicable ; Inapplicable ; Pass         ; Inapplicable ; Inapplicable ; Pass         ; Inapplicable ; Inapplicable ; Inapplicable ; Inapplicable ; Inapplicable ; Inapplicable ; Inapplicable ; Inapplicable ; Inapplicable ; Pass      ; Inapplicable ; Inapplicable ;
; sys_clk            ; Pass      ; Inapplicable ; Pass      ; Inapplicable ; Inapplicable ; Pass      ; Pass      ; Inapplicable ; Pass      ; Pass      ; Inapplicable ; Inapplicable ; Inapplicable ; Inapplicable ; Pass         ; Inapplicable ; Inapplicable ; Pass         ; Inapplicable ; Inapplicable ; Inapplicable ; Inapplicable ; Inapplicable ; Inapplicable ; Inapplicable ; Inapplicable ; Inapplicable ; Pass      ; Inapplicable ; Inapplicable ;
; inf_in             ; Pass      ; Inapplicable ; Pass      ; Inapplicable ; Inapplicable ; Pass      ; Pass      ; Inapplicable ; Pass      ; Pass      ; Inapplicable ; Inapplicable ; Inapplicable ; Inapplicable ; Pass         ; Inapplicable ; Inapplicable ; Pass         ; Inapplicable ; Inapplicable ; Inapplicable ; Inapplicable ; Inapplicable ; Inapplicable ; Inapplicable ; Inapplicable ; Inapplicable ; Pass      ; Inapplicable ; Inapplicable ;
+--------------------+-----------+--------------+-----------+--------------+--------------+-----------+-----------+--------------+-----------+-----------+--------------+--------------+--------------+--------------+--------------+--------------+--------------+--------------+--------------+--------------+--------------+--------------+--------------+--------------+--------------+--------------+--------------+-----------+--------------+--------------+


+---------------------------------------------------------------------------------------------+
; Fitter Device Options                                                                       ;
+------------------------------------------------------------------+--------------------------+
; Option                                                           ; Setting                  ;
+------------------------------------------------------------------+--------------------------+
; Enable user-supplied start-up clock (CLKUSR)                     ; Off                      ;
; Enable device-wide reset (DEV_CLRn)                              ; Off                      ;
; Enable device-wide output enable (DEV_OE)                        ; Off                      ;
; Enable INIT_DONE output                                          ; Off                      ;
; Configuration scheme                                             ; Active Serial            ;
; Error detection CRC                                              ; Off                      ;
; Enable open drain on CRC_ERROR pin                               ; Off                      ;
; Enable input tri-state on active configuration pins in user mode ; Off                      ;
; Configuration Voltage Level                                      ; Auto                     ;
; Force Configuration Voltage Level                                ; Off                      ;
; nCEO                                                             ; As output driving ground ;
; Data[0]                                                          ; As input tri-stated      ;
; Data[1]/ASDO                                                     ; As input tri-stated      ;
; Data[7..2]                                                       ; Unreserved               ;
; FLASH_nCE/nCSO                                                   ; As input tri-stated      ;
; Other Active Parallel pins                                       ; Unreserved               ;
; DCLK                                                             ; As output driving ground ;
; Base pin-out file on sameframe device                            ; Off                      ;
+------------------------------------------------------------------+--------------------------+


+------------------------------------+
; Operating Settings and Conditions  ;
+---------------------------+--------+
; Setting                   ; Value  ;
+---------------------------+--------+
; Nominal Core Voltage      ; 1.20 V ;
; Low Junction Temperature  ; 0 °C   ;
; High Junction Temperature ; 85 °C  ;
+---------------------------+--------+


+---------------------------------------------------------------------------------------------------------------------------------------------+
; Estimated Delay Added for Hold Timing Summary                                                                                               ;
+------------------------------------------------------------+------------------------------------------------------------+-------------------+
; Source Clock(s)                                            ; Destination Clock(s)                                       ; Delay Added in ns ;
+------------------------------------------------------------+------------------------------------------------------------+-------------------+
; pll_25mhz_inst|altpll_component|auto_generated|pll1|clk[0] ; pll_25mhz_inst|altpll_component|auto_generated|pll1|clk[0] ; 3.0               ;
+------------------------------------------------------------+------------------------------------------------------------+-------------------+
Note: For more information on problematic transfers, consider running the Fitter again with the Optimize hold timing option (Settings Menu) turned off.
This will disable optimization of problematic paths and expose them for further analysis using either the TimeQuest Timing Analyzer or the Classic Timing Analyzer.


+---------------------------------------------------------------------------------------------------------------+
; Estimated Delay Added for Hold Timing Details                                                                 ;
+-------------------------------------------+-----------------------------------------------+-------------------+
; Source Register                           ; Destination Register                          ; Delay Added in ns ;
+-------------------------------------------+-----------------------------------------------+-------------------+
; pic_rgb_gen:pic_rgb_gen_inst|address_b[0] ; pic_rgb_gen:pic_rgb_gen_inst|pix_rgb_data[15] ; 0.021             ;
+-------------------------------------------+-----------------------------------------------+-------------------+
Note: This table only shows the top 1 path(s) that have the largest delay added for hold.


+-----------------+
; Fitter Messages ;
+-----------------+
Info (11104): Parallel Compilation has detected 28 hyper-threaded processors. However, the extra hyper-threaded processors will not be used by default. Parallel Compilation will use 16 of the 20 physical processors detected instead.
Info (119006): Selected device EP4CE10F17C8 for design "snake"
Info (21077): Core supply voltage is 1.2V
Info (21077): Low junction temperature is 0 degrees C
Info (21077): High junction temperature is 85 degrees C
Info (15535): Implemented PLL "pll_25mhz:pll_25mhz_inst|altpll:altpll_component|pll_25mhz_altpll:auto_generated|pll1" as Cyclone IV E PLL type
    Info (15099): Implementing clock multiplication of 1, clock division of 2, and phase shift of 0 degrees (0 ps) for pll_25mhz:pll_25mhz_inst|altpll:altpll_component|pll_25mhz_altpll:auto_generated|wire_pll1_clk[0] port
Info (171003): Fitter is performing an Auto Fit compilation, which may decrease Fitter effort to reduce compilation time
Info (176444): Device migration not selected. If you intend to use device migration later, you may need to change the pin assignments as they may be incompatible with other devices
    Info (176445): Device EP4CE6F17C8 is compatible
    Info (176445): Device EP4CE15F17C8 is compatible
    Info (176445): Device EP4CE22F17C8 is compatible
Info (169124): Fitter converted 5 user pins into dedicated programming pins
    Info (169125): Pin ~ALTERA_ASDO_DATA1~ is reserved at location C1
    Info (169125): Pin ~ALTERA_FLASH_nCE_nCSO~ is reserved at location D2
    Info (169125): Pin ~ALTERA_DCLK~ is reserved at location H1
    Info (169125): Pin ~ALTERA_DATA0~ is reserved at location H2
    Info (169125): Pin ~ALTERA_nCEO~ is reserved at location F16
Warning (15714): Some pins have incomplete I/O assignments. Refer to the I/O Assignment Warnings report for details
Info (176045): Design uses memory blocks. Violating setup or hold times of memory block address registers for either read or write operations could cause memory contents to be corrupted. Make sure that all memory block address registers meet the setup and hold time requirements.
Critical Warning (332012): Synopsys Design Constraints File file not found: 'snake.sdc'. A Synopsys Design Constraints File is required by the TimeQuest Timing Analyzer to get proper timing constraints. Without it, the Compiler will not properly optimize the design.
Info (332144): No user constrained generated clocks found in the design
Info (332144): No user constrained base clocks found in the design
Info (332096): The command derive_clocks did not find any clocks to derive.  No clocks were created or changed.
Info (332143): No user constrained clock uncertainty found in the design. Calling "derive_clock_uncertainty"
Info (332154): The derive_clock_uncertainty command did not apply clock uncertainty to any clock-to-clock transfers.
Info (332130): Timing requirements not specified -- quality metrics such as performance may be sacrificed to reduce compilation time.
Info (176353): Automatically promoted node pll_25mhz:pll_25mhz_inst|altpll:altpll_component|pll_25mhz_altpll:auto_generated|wire_pll1_clk[0] (placed in counter C0 of PLL_1)
    Info (176355): Automatically promoted destinations to use location or clock signal Global Clock CLKCTRL_G3
Info (176353): Automatically promoted node sys_clk~input (placed in PIN E1 (CLK1, DIFFCLK_0n))
    Info (176355): Automatically promoted destinations to use location or clock signal Global Clock CLKCTRL_G2
Info (176353): Automatically promoted node sys_rst_n~input (placed in PIN M15 (CLK6, DIFFCLK_3p))
    Info (176355): Automatically promoted destinations to use location or clock signal Global Clock CLKCTRL_G9
    Info (176356): Following destination nodes may be non-global or may not use global or regional clocks
        Info (176357): Destination node rst_n~0
Info (176353): Automatically promoted node rst_n~0 
    Info (176355): Automatically promoted destinations to use location or clock signal Global Clock
    Info (176356): Following destination nodes may be non-global or may not use global or regional clocks
        Info (176357): Destination node pic_rgb_gen:pic_rgb_gen_inst|prbs8bit:prbs8bit_inst|lfsr_reg~0
        Info (176357): Destination node pic_rgb_gen:pic_rgb_gen_inst|prbs8bit:prbs8bit_inst|lfsr_reg[6]~1
        Info (176357): Destination node pic_rgb_gen:pic_rgb_gen_inst|prbs8bit:prbs8bit_inst|lfsr_reg~2
        Info (176357): Destination node pic_rgb_gen:pic_rgb_gen_inst|prbs8bit:prbs8bit_inst|lfsr_reg~3
        Info (176357): Destination node pic_rgb_gen:pic_rgb_gen_inst|prbs8bit:prbs8bit_inst|lfsr_reg~4
        Info (176357): Destination node pic_rgb_gen:pic_rgb_gen_inst|prbs8bit:prbs8bit_inst|lfsr_reg~5
        Info (176357): Destination node pic_rgb_gen:pic_rgb_gen_inst|prbs8bit:prbs8bit_inst|lfsr_reg~6
        Info (176357): Destination node pic_rgb_gen:pic_rgb_gen_inst|prbs8bit:prbs8bit_inst|lfsr_reg~7
        Info (176357): Destination node pic_rgb_gen:pic_rgb_gen_inst|prbs8bit:prbs8bit_inst|lfsr_reg~8
        Info (176357): Destination node oe~output
Info (176233): Starting register packing
Info (176235): Finished register packing
    Extra Info (176219): No registers were packed into other blocks
Info (171121): Fitter preparation operations ending: elapsed time is 00:00:01
Info (170189): Fitter placement preparation operations beginning
Info (170190): Fitter placement preparation operations ending: elapsed time is 00:00:00
Info (170191): Fitter placement operations beginning
Info (170137): Fitter placement was successful
Info (170192): Fitter placement operations ending: elapsed time is 00:00:00
Info (170193): Fitter routing operations beginning
Info (170195): Router estimated average interconnect usage is 0% of the available device resources
    Info (170196): Router estimated peak interconnect usage is 2% of the available device resources in the region that extends from location X11_Y12 to location X22_Y24
Info (170194): Fitter routing operations ending: elapsed time is 00:00:00
Info (170199): The Fitter performed an Auto Fit compilation.  Optimizations were skipped to reduce compilation time.
    Info (170201): Optimizations that may affect the design's routability were skipped
    Info (170200): Optimizations that may affect the design's timing were skipped
Info (11888): Total time spent on timing analysis during the Fitter is 0.34 seconds.
Info (334003): Started post-fitting delay annotation
Info (334004): Delay annotation completed successfully
Info (334003): Started post-fitting delay annotation
Info (334004): Delay annotation completed successfully
Info (11218): Fitter post-fit operations ending: elapsed time is 00:00:00
Info (144001): Generated suppressed messages file D:/fpga_code/personal_code/snake/quartus_prj/output_files/snake.fit.smsg
Info: Quartus II 64-Bit Fitter was successful. 0 errors, 2 warnings
    Info: Peak virtual memory: 5968 megabytes
    Info: Processing ended: Wed Oct 15 12:32:07 2025
    Info: Elapsed time: 00:00:05
    Info: Total CPU time (on all processors): 00:00:07


+----------------------------+
; Fitter Suppressed Messages ;
+----------------------------+
The suppressed messages can be found in D:/fpga_code/personal_code/snake/quartus_prj/output_files/snake.fit.smsg.


