TimeQuest Timing Analyzer report for snake
Wed Oct 15 12:32:12 2025
Quartus II 64-Bit Version 13.0.1 Build 232 06/12/2013 Service Pack 1 SJ Full Version


---------------------
; Table of Contents ;
---------------------
  1. Legal Notice
  2. TimeQuest Timing Analyzer Summary
  3. Parallel Compilation
  4. Clocks
  5. Slow 1200mV 85C Model Fmax Summary
  6. Timing Closure Recommendations
  7. Slow 1200mV 85C Model Setup Summary
  8. Slow 1200mV 85C Model Hold Summary
  9. Slow 1200mV 85C Model Recovery Summary
 10. Slow 1200mV 85C Model Removal Summary
 11. Slow 1200mV 85C Model Minimum Pulse Width Summary
 12. Slow 1200mV 85C Model Setup: 'sys_clk'
 13. Slow 1200mV 85C Model Setup: 'pll_25mhz_inst|altpll_component|auto_generated|pll1|clk[0]'
 14. Slow 1200mV 85C Model Hold: 'pll_25mhz_inst|altpll_component|auto_generated|pll1|clk[0]'
 15. Slow 1200mV 85C Model Hold: 'sys_clk'
 16. Slow 1200mV 85C Model Minimum Pulse Width: 'sys_clk'
 17. Slow 1200mV 85C Model Minimum Pulse Width: 'pll_25mhz_inst|altpll_component|auto_generated|pll1|clk[0]'
 18. Setup Times
 19. Hold Times
 20. Clock to Output Times
 21. Minimum Clock to Output Times
 22. Propagation Delay
 23. Minimum Propagation Delay
 24. Slow 1200mV 85C Model Metastability Report
 25. Slow 1200mV 0C Model Fmax Summary
 26. Slow 1200mV 0C Model Setup Summary
 27. Slow 1200mV 0C Model Hold Summary
 28. Slow 1200mV 0C Model Recovery Summary
 29. Slow 1200mV 0C Model Removal Summary
 30. Slow 1200mV 0C Model Minimum Pulse Width Summary
 31. Slow 1200mV 0C Model Setup: 'sys_clk'
 32. Slow 1200mV 0C Model Setup: 'pll_25mhz_inst|altpll_component|auto_generated|pll1|clk[0]'
 33. Slow 1200mV 0C Model Hold: 'pll_25mhz_inst|altpll_component|auto_generated|pll1|clk[0]'
 34. Slow 1200mV 0C Model Hold: 'sys_clk'
 35. Slow 1200mV 0C Model Minimum Pulse Width: 'sys_clk'
 36. Slow 1200mV 0C Model Minimum Pulse Width: 'pll_25mhz_inst|altpll_component|auto_generated|pll1|clk[0]'
 37. Setup Times
 38. Hold Times
 39. Clock to Output Times
 40. Minimum Clock to Output Times
 41. Propagation Delay
 42. Minimum Propagation Delay
 43. Slow 1200mV 0C Model Metastability Report
 44. Fast 1200mV 0C Model Setup Summary
 45. Fast 1200mV 0C Model Hold Summary
 46. Fast 1200mV 0C Model Recovery Summary
 47. Fast 1200mV 0C Model Removal Summary
 48. Fast 1200mV 0C Model Minimum Pulse Width Summary
 49. Fast 1200mV 0C Model Setup: 'sys_clk'
 50. Fast 1200mV 0C Model Setup: 'pll_25mhz_inst|altpll_component|auto_generated|pll1|clk[0]'
 51. Fast 1200mV 0C Model Hold: 'pll_25mhz_inst|altpll_component|auto_generated|pll1|clk[0]'
 52. Fast 1200mV 0C Model Hold: 'sys_clk'
 53. Fast 1200mV 0C Model Minimum Pulse Width: 'sys_clk'
 54. Fast 1200mV 0C Model Minimum Pulse Width: 'pll_25mhz_inst|altpll_component|auto_generated|pll1|clk[0]'
 55. Setup Times
 56. Hold Times
 57. Clock to Output Times
 58. Minimum Clock to Output Times
 59. Propagation Delay
 60. Minimum Propagation Delay
 61. Fast 1200mV 0C Model Metastability Report
 62. Multicorner Timing Analysis Summary
 63. Setup Times
 64. Hold Times
 65. Clock to Output Times
 66. Minimum Clock to Output Times
 67. Progagation Delay
 68. Minimum Progagation Delay
 69. Board Trace Model Assignments
 70. Input Transition Times
 71. Signal Integrity Metrics (Slow 1200mv 0c Model)
 72. Signal Integrity Metrics (Slow 1200mv 85c Model)
 73. Signal Integrity Metrics (Fast 1200mv 0c Model)
 74. Setup Transfers
 75. Hold Transfers
 76. Report TCCS
 77. Report RSKM
 78. Unconstrained Paths
 79. TimeQuest Timing Analyzer Messages



----------------
; Legal Notice ;
----------------
Copyright (C) 1991-2013 Altera Corporation
Your use of Altera Corporation's design tools, logic functions 
and other software and tools, and its AMPP partner logic 
functions, and any output files from any of the foregoing 
(including device programming or simulation files), and any 
associated documentation or information are expressly subject 
to the terms and conditions of the Altera Program License 
Subscription Agreement, Altera MegaCore Function License 
Agreement, or other applicable license agreement, including, 
without limitation, that your use is for the sole purpose of 
programming logic devices manufactured by Altera and sold by 
Altera or its authorized distributors.  Please refer to the 
applicable agreement for further details.



+-----------------------------------------------------------------------------------------+
; TimeQuest Timing Analyzer Summary                                                       ;
+--------------------+--------------------------------------------------------------------+
; Quartus II Version ; Version 13.0.1 Build 232 06/12/2013 Service Pack 1 SJ Full Version ;
; Revision Name      ; snake                                                              ;
; Device Family      ; Cyclone IV E                                                       ;
; Device Name        ; EP4CE10F17C8                                                       ;
; Timing Models      ; Final                                                              ;
; Delay Model        ; Combined                                                           ;
; Rise/Fall Delays   ; Enabled                                                            ;
+--------------------+--------------------------------------------------------------------+


+------------------------------------------+
; Parallel Compilation                     ;
+----------------------------+-------------+
; Processors                 ; Number      ;
+----------------------------+-------------+
; Number detected on machine ; 28          ;
; Maximum allowed            ; 16          ;
;                            ;             ;
; Average used               ; 1.00        ;
; Maximum used               ; 16          ;
;                            ;             ;
; Usage by Processor         ; % Time Used ;
;     Processor 1            ; 100.0%      ;
;     Processors 2-16        ; < 0.1%      ;
;     Processors 17-28       ;   0.0%      ;
+----------------------------+-------------+


+----------------------------------------------------------------------------------------------------------------------------------------------------------------------------------------------------------------------------------------------------------------------------------------------------------------------------------------------------+
; Clocks                                                                                                                                                                                                                                                                                                                                             ;
+------------------------------------------------------------+-----------+--------+-----------+-------+--------+------------+-----------+-------------+-------+--------+-----------+------------+----------+---------+--------------------------------------------------------------+----------------------------------------------------------------+
; Clock Name                                                 ; Type      ; Period ; Frequency ; Rise  ; Fall   ; Duty Cycle ; Divide by ; Multiply by ; Phase ; Offset ; Edge List ; Edge Shift ; Inverted ; Master  ; Source                                                       ; Targets                                                        ;
+------------------------------------------------------------+-----------+--------+-----------+-------+--------+------------+-----------+-------------+-------+--------+-----------+------------+----------+---------+--------------------------------------------------------------+----------------------------------------------------------------+
; pll_25mhz_inst|altpll_component|auto_generated|pll1|clk[0] ; Generated ; 40.000 ; 25.0 MHz  ; 0.000 ; 20.000 ; 50.00      ; 2         ; 1           ;       ;        ;           ;            ; false    ; sys_clk ; pll_25mhz_inst|altpll_component|auto_generated|pll1|inclk[0] ; { pll_25mhz_inst|altpll_component|auto_generated|pll1|clk[0] } ;
; sys_clk                                                    ; Base      ; 20.000 ; 50.0 MHz  ; 0.000 ; 10.000 ;            ;           ;             ;       ;        ;           ;            ;          ;         ;                                                              ; { sys_clk }                                                    ;
+------------------------------------------------------------+-----------+--------+-----------+-------+--------+------------+-----------+-------------+-------+--------+-----------+------------+----------+---------+--------------------------------------------------------------+----------------------------------------------------------------+


+--------------------------------------------------------------------------------------------------+
; Slow 1200mV 85C Model Fmax Summary                                                               ;
+------------+-----------------+------------------------------------------------------------+------+
; Fmax       ; Restricted Fmax ; Clock Name                                                 ; Note ;
+------------+-----------------+------------------------------------------------------------+------+
; 47.6 MHz   ; 47.6 MHz        ; pll_25mhz_inst|altpll_component|auto_generated|pll1|clk[0] ;      ;
; 143.72 MHz ; 143.72 MHz      ; sys_clk                                                    ;      ;
+------------+-----------------+------------------------------------------------------------+------+
This panel reports FMAX for every clock in the design, regardless of the user-specified clock periods.  FMAX is only computed for paths where the source and destination registers or ports are driven by the same clock.  Paths of different clocks, including generated clocks, are ignored.  For paths between a clock and its inversion, FMAX is computed as if the rising and falling edges are scaled along with FMAX, such that the duty cycle (in terms of a percentage) is maintained. Altera recommends that you always use clock constraints and other slack reports for sign-off analysis.


----------------------------------
; Timing Closure Recommendations ;
----------------------------------
HTML report is unavailable in plain text report export.


+-------------------------------------------------------------------------------------+
; Slow 1200mV 85C Model Setup Summary                                                 ;
+------------------------------------------------------------+--------+---------------+
; Clock                                                      ; Slack  ; End Point TNS ;
+------------------------------------------------------------+--------+---------------+
; sys_clk                                                    ; 13.042 ; 0.000         ;
; pll_25mhz_inst|altpll_component|auto_generated|pll1|clk[0] ; 14.475 ; 0.000         ;
+------------------------------------------------------------+--------+---------------+


+------------------------------------------------------------------------------------+
; Slow 1200mV 85C Model Hold Summary                                                 ;
+------------------------------------------------------------+-------+---------------+
; Clock                                                      ; Slack ; End Point TNS ;
+------------------------------------------------------------+-------+---------------+
; pll_25mhz_inst|altpll_component|auto_generated|pll1|clk[0] ; 0.404 ; 0.000         ;
; sys_clk                                                    ; 0.452 ; 0.000         ;
+------------------------------------------------------------+-------+---------------+


------------------------------------------
; Slow 1200mV 85C Model Recovery Summary ;
------------------------------------------
No paths to report.


-----------------------------------------
; Slow 1200mV 85C Model Removal Summary ;
-----------------------------------------
No paths to report.


+-------------------------------------------------------------------------------------+
; Slow 1200mV 85C Model Minimum Pulse Width Summary                                   ;
+------------------------------------------------------------+--------+---------------+
; Clock                                                      ; Slack  ; End Point TNS ;
+------------------------------------------------------------+--------+---------------+
; sys_clk                                                    ; 9.781  ; 0.000         ;
; pll_25mhz_inst|altpll_component|auto_generated|pll1|clk[0] ; 19.717 ; 0.000         ;
+------------------------------------------------------------+--------+---------------+


+--------------------------------------------------------------------------------------------------------------------------------------------------------------------------------------------------------------------------------------------------------------------------+
; Slow 1200mV 85C Model Setup: 'sys_clk'                                                                                                                                                                                                                                   ;
+--------+-------------------------------------------------------------------------------------------------+-----------------------------------------------------------------------------------------+--------------+-------------+--------------+------------+------------+
; Slack  ; From Node                                                                                       ; To Node                                                                                 ; Launch Clock ; Latch Clock ; Relationship ; Clock Skew ; Data Delay ;
+--------+-------------------------------------------------------------------------------------------------+-----------------------------------------------------------------------------------------+--------------+-------------+--------------+------------+------------+
; 13.042 ; inf_rcv:inf_rcv_inst|led_ctrl:led_ctrl_inst|cnt_50ms[14]                                        ; inf_rcv:inf_rcv_inst|led_ctrl:led_ctrl_inst|cnt_50ms[1]                                 ; sys_clk      ; sys_clk     ; 20.000       ; -0.082     ; 6.877      ;
; 13.042 ; inf_rcv:inf_rcv_inst|led_ctrl:led_ctrl_inst|cnt_50ms[14]                                        ; inf_rcv:inf_rcv_inst|led_ctrl:led_ctrl_inst|cnt_50ms[2]                                 ; sys_clk      ; sys_clk     ; 20.000       ; -0.082     ; 6.877      ;
; 13.042 ; inf_rcv:inf_rcv_inst|led_ctrl:led_ctrl_inst|cnt_50ms[14]                                        ; inf_rcv:inf_rcv_inst|led_ctrl:led_ctrl_inst|cnt_50ms[3]                                 ; sys_clk      ; sys_clk     ; 20.000       ; -0.082     ; 6.877      ;
; 13.042 ; inf_rcv:inf_rcv_inst|led_ctrl:led_ctrl_inst|cnt_50ms[14]                                        ; inf_rcv:inf_rcv_inst|led_ctrl:led_ctrl_inst|cnt_50ms[4]                                 ; sys_clk      ; sys_clk     ; 20.000       ; -0.082     ; 6.877      ;
; 13.042 ; inf_rcv:inf_rcv_inst|led_ctrl:led_ctrl_inst|cnt_50ms[14]                                        ; inf_rcv:inf_rcv_inst|led_ctrl:led_ctrl_inst|cnt_50ms[5]                                 ; sys_clk      ; sys_clk     ; 20.000       ; -0.082     ; 6.877      ;
; 13.042 ; inf_rcv:inf_rcv_inst|led_ctrl:led_ctrl_inst|cnt_50ms[14]                                        ; inf_rcv:inf_rcv_inst|led_ctrl:led_ctrl_inst|cnt_50ms[6]                                 ; sys_clk      ; sys_clk     ; 20.000       ; -0.082     ; 6.877      ;
; 13.042 ; inf_rcv:inf_rcv_inst|led_ctrl:led_ctrl_inst|cnt_50ms[14]                                        ; inf_rcv:inf_rcv_inst|led_ctrl:led_ctrl_inst|cnt_50ms[7]                                 ; sys_clk      ; sys_clk     ; 20.000       ; -0.082     ; 6.877      ;
; 13.042 ; inf_rcv:inf_rcv_inst|led_ctrl:led_ctrl_inst|cnt_50ms[14]                                        ; inf_rcv:inf_rcv_inst|led_ctrl:led_ctrl_inst|cnt_50ms[8]                                 ; sys_clk      ; sys_clk     ; 20.000       ; -0.082     ; 6.877      ;
; 13.042 ; inf_rcv:inf_rcv_inst|led_ctrl:led_ctrl_inst|cnt_50ms[14]                                        ; inf_rcv:inf_rcv_inst|led_ctrl:led_ctrl_inst|cnt_50ms[9]                                 ; sys_clk      ; sys_clk     ; 20.000       ; -0.082     ; 6.877      ;
; 13.042 ; inf_rcv:inf_rcv_inst|led_ctrl:led_ctrl_inst|cnt_50ms[14]                                        ; inf_rcv:inf_rcv_inst|led_ctrl:led_ctrl_inst|cnt_50ms[10]                                ; sys_clk      ; sys_clk     ; 20.000       ; -0.082     ; 6.877      ;
; 13.042 ; inf_rcv:inf_rcv_inst|led_ctrl:led_ctrl_inst|cnt_50ms[14]                                        ; inf_rcv:inf_rcv_inst|led_ctrl:led_ctrl_inst|cnt_50ms[0]                                 ; sys_clk      ; sys_clk     ; 20.000       ; -0.082     ; 6.877      ;
; 13.044 ; inf_rcv:inf_rcv_inst|led_ctrl:led_ctrl_inst|cnt_50ms[15]                                        ; inf_rcv:inf_rcv_inst|led_ctrl:led_ctrl_inst|cnt_50ms[1]                                 ; sys_clk      ; sys_clk     ; 20.000       ; -0.082     ; 6.875      ;
; 13.044 ; inf_rcv:inf_rcv_inst|led_ctrl:led_ctrl_inst|cnt_50ms[15]                                        ; inf_rcv:inf_rcv_inst|led_ctrl:led_ctrl_inst|cnt_50ms[2]                                 ; sys_clk      ; sys_clk     ; 20.000       ; -0.082     ; 6.875      ;
; 13.044 ; inf_rcv:inf_rcv_inst|led_ctrl:led_ctrl_inst|cnt_50ms[15]                                        ; inf_rcv:inf_rcv_inst|led_ctrl:led_ctrl_inst|cnt_50ms[3]                                 ; sys_clk      ; sys_clk     ; 20.000       ; -0.082     ; 6.875      ;
; 13.044 ; inf_rcv:inf_rcv_inst|led_ctrl:led_ctrl_inst|cnt_50ms[15]                                        ; inf_rcv:inf_rcv_inst|led_ctrl:led_ctrl_inst|cnt_50ms[4]                                 ; sys_clk      ; sys_clk     ; 20.000       ; -0.082     ; 6.875      ;
; 13.044 ; inf_rcv:inf_rcv_inst|led_ctrl:led_ctrl_inst|cnt_50ms[15]                                        ; inf_rcv:inf_rcv_inst|led_ctrl:led_ctrl_inst|cnt_50ms[5]                                 ; sys_clk      ; sys_clk     ; 20.000       ; -0.082     ; 6.875      ;
; 13.044 ; inf_rcv:inf_rcv_inst|led_ctrl:led_ctrl_inst|cnt_50ms[15]                                        ; inf_rcv:inf_rcv_inst|led_ctrl:led_ctrl_inst|cnt_50ms[6]                                 ; sys_clk      ; sys_clk     ; 20.000       ; -0.082     ; 6.875      ;
; 13.044 ; inf_rcv:inf_rcv_inst|led_ctrl:led_ctrl_inst|cnt_50ms[15]                                        ; inf_rcv:inf_rcv_inst|led_ctrl:led_ctrl_inst|cnt_50ms[7]                                 ; sys_clk      ; sys_clk     ; 20.000       ; -0.082     ; 6.875      ;
; 13.044 ; inf_rcv:inf_rcv_inst|led_ctrl:led_ctrl_inst|cnt_50ms[15]                                        ; inf_rcv:inf_rcv_inst|led_ctrl:led_ctrl_inst|cnt_50ms[8]                                 ; sys_clk      ; sys_clk     ; 20.000       ; -0.082     ; 6.875      ;
; 13.044 ; inf_rcv:inf_rcv_inst|led_ctrl:led_ctrl_inst|cnt_50ms[15]                                        ; inf_rcv:inf_rcv_inst|led_ctrl:led_ctrl_inst|cnt_50ms[9]                                 ; sys_clk      ; sys_clk     ; 20.000       ; -0.082     ; 6.875      ;
; 13.044 ; inf_rcv:inf_rcv_inst|led_ctrl:led_ctrl_inst|cnt_50ms[15]                                        ; inf_rcv:inf_rcv_inst|led_ctrl:led_ctrl_inst|cnt_50ms[10]                                ; sys_clk      ; sys_clk     ; 20.000       ; -0.082     ; 6.875      ;
; 13.044 ; inf_rcv:inf_rcv_inst|led_ctrl:led_ctrl_inst|cnt_50ms[15]                                        ; inf_rcv:inf_rcv_inst|led_ctrl:led_ctrl_inst|cnt_50ms[0]                                 ; sys_clk      ; sys_clk     ; 20.000       ; -0.082     ; 6.875      ;
; 13.182 ; inf_rcv:inf_rcv_inst|inf_rcv_decoder:inf_rcv_decoder_inst|cnt_data_bit[3]                       ; inf_rcv:inf_rcv_inst|inf_rcv_decoder:inf_rcv_decoder_inst|data[3]                       ; sys_clk      ; sys_clk     ; 20.000       ; -0.062     ; 6.757      ;
; 13.182 ; inf_rcv:inf_rcv_inst|inf_rcv_decoder:inf_rcv_decoder_inst|cnt_data_bit[3]                       ; inf_rcv:inf_rcv_inst|inf_rcv_decoder:inf_rcv_decoder_inst|data[2]                       ; sys_clk      ; sys_clk     ; 20.000       ; -0.062     ; 6.757      ;
; 13.182 ; inf_rcv:inf_rcv_inst|inf_rcv_decoder:inf_rcv_decoder_inst|cnt_data_bit[3]                       ; inf_rcv:inf_rcv_inst|inf_rcv_decoder:inf_rcv_decoder_inst|data[0]                       ; sys_clk      ; sys_clk     ; 20.000       ; -0.062     ; 6.757      ;
; 13.182 ; inf_rcv:inf_rcv_inst|inf_rcv_decoder:inf_rcv_decoder_inst|cnt_data_bit[3]                       ; inf_rcv:inf_rcv_inst|inf_rcv_decoder:inf_rcv_decoder_inst|data[1]                       ; sys_clk      ; sys_clk     ; 20.000       ; -0.062     ; 6.757      ;
; 13.182 ; inf_rcv:inf_rcv_inst|inf_rcv_decoder:inf_rcv_decoder_inst|cnt_data_bit[3]                       ; inf_rcv:inf_rcv_inst|inf_rcv_decoder:inf_rcv_decoder_inst|data[6]                       ; sys_clk      ; sys_clk     ; 20.000       ; -0.062     ; 6.757      ;
; 13.182 ; inf_rcv:inf_rcv_inst|inf_rcv_decoder:inf_rcv_decoder_inst|cnt_data_bit[3]                       ; inf_rcv:inf_rcv_inst|inf_rcv_decoder:inf_rcv_decoder_inst|data[7]                       ; sys_clk      ; sys_clk     ; 20.000       ; -0.062     ; 6.757      ;
; 13.182 ; inf_rcv:inf_rcv_inst|inf_rcv_decoder:inf_rcv_decoder_inst|cnt_data_bit[3]                       ; inf_rcv:inf_rcv_inst|inf_rcv_decoder:inf_rcv_decoder_inst|data[4]                       ; sys_clk      ; sys_clk     ; 20.000       ; -0.062     ; 6.757      ;
; 13.182 ; inf_rcv:inf_rcv_inst|inf_rcv_decoder:inf_rcv_decoder_inst|cnt_data_bit[3]                       ; inf_rcv:inf_rcv_inst|inf_rcv_decoder:inf_rcv_decoder_inst|data[5]                       ; sys_clk      ; sys_clk     ; 20.000       ; -0.062     ; 6.757      ;
; 13.186 ; inf_rcv:inf_rcv_inst|inf_rcv_decoder:inf_rcv_decoder_inst|cnt_data_bit[5]                       ; inf_rcv:inf_rcv_inst|inf_rcv_decoder:inf_rcv_decoder_inst|data[3]                       ; sys_clk      ; sys_clk     ; 20.000       ; -0.062     ; 6.753      ;
; 13.186 ; inf_rcv:inf_rcv_inst|inf_rcv_decoder:inf_rcv_decoder_inst|cnt_data_bit[5]                       ; inf_rcv:inf_rcv_inst|inf_rcv_decoder:inf_rcv_decoder_inst|data[2]                       ; sys_clk      ; sys_clk     ; 20.000       ; -0.062     ; 6.753      ;
; 13.186 ; inf_rcv:inf_rcv_inst|inf_rcv_decoder:inf_rcv_decoder_inst|cnt_data_bit[5]                       ; inf_rcv:inf_rcv_inst|inf_rcv_decoder:inf_rcv_decoder_inst|data[0]                       ; sys_clk      ; sys_clk     ; 20.000       ; -0.062     ; 6.753      ;
; 13.186 ; inf_rcv:inf_rcv_inst|inf_rcv_decoder:inf_rcv_decoder_inst|cnt_data_bit[5]                       ; inf_rcv:inf_rcv_inst|inf_rcv_decoder:inf_rcv_decoder_inst|data[1]                       ; sys_clk      ; sys_clk     ; 20.000       ; -0.062     ; 6.753      ;
; 13.186 ; inf_rcv:inf_rcv_inst|inf_rcv_decoder:inf_rcv_decoder_inst|cnt_data_bit[5]                       ; inf_rcv:inf_rcv_inst|inf_rcv_decoder:inf_rcv_decoder_inst|data[6]                       ; sys_clk      ; sys_clk     ; 20.000       ; -0.062     ; 6.753      ;
; 13.186 ; inf_rcv:inf_rcv_inst|inf_rcv_decoder:inf_rcv_decoder_inst|cnt_data_bit[5]                       ; inf_rcv:inf_rcv_inst|inf_rcv_decoder:inf_rcv_decoder_inst|data[7]                       ; sys_clk      ; sys_clk     ; 20.000       ; -0.062     ; 6.753      ;
; 13.186 ; inf_rcv:inf_rcv_inst|inf_rcv_decoder:inf_rcv_decoder_inst|cnt_data_bit[5]                       ; inf_rcv:inf_rcv_inst|inf_rcv_decoder:inf_rcv_decoder_inst|data[4]                       ; sys_clk      ; sys_clk     ; 20.000       ; -0.062     ; 6.753      ;
; 13.186 ; inf_rcv:inf_rcv_inst|inf_rcv_decoder:inf_rcv_decoder_inst|cnt_data_bit[5]                       ; inf_rcv:inf_rcv_inst|inf_rcv_decoder:inf_rcv_decoder_inst|data[5]                       ; sys_clk      ; sys_clk     ; 20.000       ; -0.062     ; 6.753      ;
; 13.216 ; inf_rcv:inf_rcv_inst|inf_rcv_decoder:inf_rcv_decoder_inst|cnt_data_bit[2]                       ; inf_rcv:inf_rcv_inst|inf_rcv_decoder:inf_rcv_decoder_inst|data[3]                       ; sys_clk      ; sys_clk     ; 20.000       ; -0.062     ; 6.723      ;
; 13.216 ; inf_rcv:inf_rcv_inst|inf_rcv_decoder:inf_rcv_decoder_inst|cnt_data_bit[2]                       ; inf_rcv:inf_rcv_inst|inf_rcv_decoder:inf_rcv_decoder_inst|data[2]                       ; sys_clk      ; sys_clk     ; 20.000       ; -0.062     ; 6.723      ;
; 13.216 ; inf_rcv:inf_rcv_inst|inf_rcv_decoder:inf_rcv_decoder_inst|cnt_data_bit[2]                       ; inf_rcv:inf_rcv_inst|inf_rcv_decoder:inf_rcv_decoder_inst|data[0]                       ; sys_clk      ; sys_clk     ; 20.000       ; -0.062     ; 6.723      ;
; 13.216 ; inf_rcv:inf_rcv_inst|inf_rcv_decoder:inf_rcv_decoder_inst|cnt_data_bit[2]                       ; inf_rcv:inf_rcv_inst|inf_rcv_decoder:inf_rcv_decoder_inst|data[1]                       ; sys_clk      ; sys_clk     ; 20.000       ; -0.062     ; 6.723      ;
; 13.216 ; inf_rcv:inf_rcv_inst|inf_rcv_decoder:inf_rcv_decoder_inst|cnt_data_bit[2]                       ; inf_rcv:inf_rcv_inst|inf_rcv_decoder:inf_rcv_decoder_inst|data[6]                       ; sys_clk      ; sys_clk     ; 20.000       ; -0.062     ; 6.723      ;
; 13.216 ; inf_rcv:inf_rcv_inst|inf_rcv_decoder:inf_rcv_decoder_inst|cnt_data_bit[2]                       ; inf_rcv:inf_rcv_inst|inf_rcv_decoder:inf_rcv_decoder_inst|data[7]                       ; sys_clk      ; sys_clk     ; 20.000       ; -0.062     ; 6.723      ;
; 13.216 ; inf_rcv:inf_rcv_inst|inf_rcv_decoder:inf_rcv_decoder_inst|cnt_data_bit[2]                       ; inf_rcv:inf_rcv_inst|inf_rcv_decoder:inf_rcv_decoder_inst|data[4]                       ; sys_clk      ; sys_clk     ; 20.000       ; -0.062     ; 6.723      ;
; 13.216 ; inf_rcv:inf_rcv_inst|inf_rcv_decoder:inf_rcv_decoder_inst|cnt_data_bit[2]                       ; inf_rcv:inf_rcv_inst|inf_rcv_decoder:inf_rcv_decoder_inst|data[5]                       ; sys_clk      ; sys_clk     ; 20.000       ; -0.062     ; 6.723      ;
; 13.229 ; inf_rcv:inf_rcv_inst|led_ctrl:led_ctrl_inst|cnt_50ms[13]                                        ; inf_rcv:inf_rcv_inst|led_ctrl:led_ctrl_inst|cnt_50ms[1]                                 ; sys_clk      ; sys_clk     ; 20.000       ; -0.082     ; 6.690      ;
; 13.229 ; inf_rcv:inf_rcv_inst|led_ctrl:led_ctrl_inst|cnt_50ms[13]                                        ; inf_rcv:inf_rcv_inst|led_ctrl:led_ctrl_inst|cnt_50ms[2]                                 ; sys_clk      ; sys_clk     ; 20.000       ; -0.082     ; 6.690      ;
; 13.229 ; inf_rcv:inf_rcv_inst|led_ctrl:led_ctrl_inst|cnt_50ms[13]                                        ; inf_rcv:inf_rcv_inst|led_ctrl:led_ctrl_inst|cnt_50ms[3]                                 ; sys_clk      ; sys_clk     ; 20.000       ; -0.082     ; 6.690      ;
; 13.229 ; inf_rcv:inf_rcv_inst|led_ctrl:led_ctrl_inst|cnt_50ms[13]                                        ; inf_rcv:inf_rcv_inst|led_ctrl:led_ctrl_inst|cnt_50ms[4]                                 ; sys_clk      ; sys_clk     ; 20.000       ; -0.082     ; 6.690      ;
; 13.229 ; inf_rcv:inf_rcv_inst|led_ctrl:led_ctrl_inst|cnt_50ms[13]                                        ; inf_rcv:inf_rcv_inst|led_ctrl:led_ctrl_inst|cnt_50ms[5]                                 ; sys_clk      ; sys_clk     ; 20.000       ; -0.082     ; 6.690      ;
; 13.229 ; inf_rcv:inf_rcv_inst|led_ctrl:led_ctrl_inst|cnt_50ms[13]                                        ; inf_rcv:inf_rcv_inst|led_ctrl:led_ctrl_inst|cnt_50ms[6]                                 ; sys_clk      ; sys_clk     ; 20.000       ; -0.082     ; 6.690      ;
; 13.229 ; inf_rcv:inf_rcv_inst|led_ctrl:led_ctrl_inst|cnt_50ms[13]                                        ; inf_rcv:inf_rcv_inst|led_ctrl:led_ctrl_inst|cnt_50ms[7]                                 ; sys_clk      ; sys_clk     ; 20.000       ; -0.082     ; 6.690      ;
; 13.229 ; inf_rcv:inf_rcv_inst|led_ctrl:led_ctrl_inst|cnt_50ms[13]                                        ; inf_rcv:inf_rcv_inst|led_ctrl:led_ctrl_inst|cnt_50ms[8]                                 ; sys_clk      ; sys_clk     ; 20.000       ; -0.082     ; 6.690      ;
; 13.229 ; inf_rcv:inf_rcv_inst|led_ctrl:led_ctrl_inst|cnt_50ms[13]                                        ; inf_rcv:inf_rcv_inst|led_ctrl:led_ctrl_inst|cnt_50ms[9]                                 ; sys_clk      ; sys_clk     ; 20.000       ; -0.082     ; 6.690      ;
; 13.229 ; inf_rcv:inf_rcv_inst|led_ctrl:led_ctrl_inst|cnt_50ms[13]                                        ; inf_rcv:inf_rcv_inst|led_ctrl:led_ctrl_inst|cnt_50ms[10]                                ; sys_clk      ; sys_clk     ; 20.000       ; -0.082     ; 6.690      ;
; 13.229 ; inf_rcv:inf_rcv_inst|led_ctrl:led_ctrl_inst|cnt_50ms[13]                                        ; inf_rcv:inf_rcv_inst|led_ctrl:led_ctrl_inst|cnt_50ms[0]                                 ; sys_clk      ; sys_clk     ; 20.000       ; -0.082     ; 6.690      ;
; 13.274 ; inf_rcv:inf_rcv_inst|led_ctrl:led_ctrl_inst|cnt_50ms[11]                                        ; inf_rcv:inf_rcv_inst|led_ctrl:led_ctrl_inst|cnt_50ms[1]                                 ; sys_clk      ; sys_clk     ; 20.000       ; -0.082     ; 6.645      ;
; 13.274 ; inf_rcv:inf_rcv_inst|led_ctrl:led_ctrl_inst|cnt_50ms[11]                                        ; inf_rcv:inf_rcv_inst|led_ctrl:led_ctrl_inst|cnt_50ms[2]                                 ; sys_clk      ; sys_clk     ; 20.000       ; -0.082     ; 6.645      ;
; 13.274 ; inf_rcv:inf_rcv_inst|led_ctrl:led_ctrl_inst|cnt_50ms[11]                                        ; inf_rcv:inf_rcv_inst|led_ctrl:led_ctrl_inst|cnt_50ms[3]                                 ; sys_clk      ; sys_clk     ; 20.000       ; -0.082     ; 6.645      ;
; 13.274 ; inf_rcv:inf_rcv_inst|led_ctrl:led_ctrl_inst|cnt_50ms[11]                                        ; inf_rcv:inf_rcv_inst|led_ctrl:led_ctrl_inst|cnt_50ms[4]                                 ; sys_clk      ; sys_clk     ; 20.000       ; -0.082     ; 6.645      ;
; 13.274 ; inf_rcv:inf_rcv_inst|led_ctrl:led_ctrl_inst|cnt_50ms[11]                                        ; inf_rcv:inf_rcv_inst|led_ctrl:led_ctrl_inst|cnt_50ms[5]                                 ; sys_clk      ; sys_clk     ; 20.000       ; -0.082     ; 6.645      ;
; 13.274 ; inf_rcv:inf_rcv_inst|led_ctrl:led_ctrl_inst|cnt_50ms[11]                                        ; inf_rcv:inf_rcv_inst|led_ctrl:led_ctrl_inst|cnt_50ms[6]                                 ; sys_clk      ; sys_clk     ; 20.000       ; -0.082     ; 6.645      ;
; 13.274 ; inf_rcv:inf_rcv_inst|led_ctrl:led_ctrl_inst|cnt_50ms[11]                                        ; inf_rcv:inf_rcv_inst|led_ctrl:led_ctrl_inst|cnt_50ms[7]                                 ; sys_clk      ; sys_clk     ; 20.000       ; -0.082     ; 6.645      ;
; 13.274 ; inf_rcv:inf_rcv_inst|led_ctrl:led_ctrl_inst|cnt_50ms[11]                                        ; inf_rcv:inf_rcv_inst|led_ctrl:led_ctrl_inst|cnt_50ms[8]                                 ; sys_clk      ; sys_clk     ; 20.000       ; -0.082     ; 6.645      ;
; 13.274 ; inf_rcv:inf_rcv_inst|led_ctrl:led_ctrl_inst|cnt_50ms[11]                                        ; inf_rcv:inf_rcv_inst|led_ctrl:led_ctrl_inst|cnt_50ms[9]                                 ; sys_clk      ; sys_clk     ; 20.000       ; -0.082     ; 6.645      ;
; 13.274 ; inf_rcv:inf_rcv_inst|led_ctrl:led_ctrl_inst|cnt_50ms[11]                                        ; inf_rcv:inf_rcv_inst|led_ctrl:led_ctrl_inst|cnt_50ms[10]                                ; sys_clk      ; sys_clk     ; 20.000       ; -0.082     ; 6.645      ;
; 13.274 ; inf_rcv:inf_rcv_inst|led_ctrl:led_ctrl_inst|cnt_50ms[11]                                        ; inf_rcv:inf_rcv_inst|led_ctrl:led_ctrl_inst|cnt_50ms[0]                                 ; sys_clk      ; sys_clk     ; 20.000       ; -0.082     ; 6.645      ;
; 13.377 ; inf_rcv:inf_rcv_inst|led_ctrl:led_ctrl_inst|cnt_50ms[12]                                        ; inf_rcv:inf_rcv_inst|led_ctrl:led_ctrl_inst|cnt_50ms[1]                                 ; sys_clk      ; sys_clk     ; 20.000       ; -0.082     ; 6.542      ;
; 13.377 ; inf_rcv:inf_rcv_inst|led_ctrl:led_ctrl_inst|cnt_50ms[12]                                        ; inf_rcv:inf_rcv_inst|led_ctrl:led_ctrl_inst|cnt_50ms[2]                                 ; sys_clk      ; sys_clk     ; 20.000       ; -0.082     ; 6.542      ;
; 13.377 ; inf_rcv:inf_rcv_inst|led_ctrl:led_ctrl_inst|cnt_50ms[12]                                        ; inf_rcv:inf_rcv_inst|led_ctrl:led_ctrl_inst|cnt_50ms[3]                                 ; sys_clk      ; sys_clk     ; 20.000       ; -0.082     ; 6.542      ;
; 13.377 ; inf_rcv:inf_rcv_inst|led_ctrl:led_ctrl_inst|cnt_50ms[12]                                        ; inf_rcv:inf_rcv_inst|led_ctrl:led_ctrl_inst|cnt_50ms[4]                                 ; sys_clk      ; sys_clk     ; 20.000       ; -0.082     ; 6.542      ;
; 13.377 ; inf_rcv:inf_rcv_inst|led_ctrl:led_ctrl_inst|cnt_50ms[12]                                        ; inf_rcv:inf_rcv_inst|led_ctrl:led_ctrl_inst|cnt_50ms[5]                                 ; sys_clk      ; sys_clk     ; 20.000       ; -0.082     ; 6.542      ;
; 13.377 ; inf_rcv:inf_rcv_inst|led_ctrl:led_ctrl_inst|cnt_50ms[12]                                        ; inf_rcv:inf_rcv_inst|led_ctrl:led_ctrl_inst|cnt_50ms[6]                                 ; sys_clk      ; sys_clk     ; 20.000       ; -0.082     ; 6.542      ;
; 13.377 ; inf_rcv:inf_rcv_inst|led_ctrl:led_ctrl_inst|cnt_50ms[12]                                        ; inf_rcv:inf_rcv_inst|led_ctrl:led_ctrl_inst|cnt_50ms[7]                                 ; sys_clk      ; sys_clk     ; 20.000       ; -0.082     ; 6.542      ;
; 13.377 ; inf_rcv:inf_rcv_inst|led_ctrl:led_ctrl_inst|cnt_50ms[12]                                        ; inf_rcv:inf_rcv_inst|led_ctrl:led_ctrl_inst|cnt_50ms[8]                                 ; sys_clk      ; sys_clk     ; 20.000       ; -0.082     ; 6.542      ;
; 13.377 ; inf_rcv:inf_rcv_inst|led_ctrl:led_ctrl_inst|cnt_50ms[12]                                        ; inf_rcv:inf_rcv_inst|led_ctrl:led_ctrl_inst|cnt_50ms[9]                                 ; sys_clk      ; sys_clk     ; 20.000       ; -0.082     ; 6.542      ;
; 13.377 ; inf_rcv:inf_rcv_inst|led_ctrl:led_ctrl_inst|cnt_50ms[12]                                        ; inf_rcv:inf_rcv_inst|led_ctrl:led_ctrl_inst|cnt_50ms[10]                                ; sys_clk      ; sys_clk     ; 20.000       ; -0.082     ; 6.542      ;
; 13.377 ; inf_rcv:inf_rcv_inst|led_ctrl:led_ctrl_inst|cnt_50ms[12]                                        ; inf_rcv:inf_rcv_inst|led_ctrl:led_ctrl_inst|cnt_50ms[0]                                 ; sys_clk      ; sys_clk     ; 20.000       ; -0.082     ; 6.542      ;
; 13.402 ; inf_rcv:inf_rcv_inst|inf_rcv_decoder:inf_rcv_decoder_inst|cnt_data_bit[4]                       ; inf_rcv:inf_rcv_inst|inf_rcv_decoder:inf_rcv_decoder_inst|data[3]                       ; sys_clk      ; sys_clk     ; 20.000       ; -0.062     ; 6.537      ;
; 13.402 ; inf_rcv:inf_rcv_inst|inf_rcv_decoder:inf_rcv_decoder_inst|cnt_data_bit[4]                       ; inf_rcv:inf_rcv_inst|inf_rcv_decoder:inf_rcv_decoder_inst|data[2]                       ; sys_clk      ; sys_clk     ; 20.000       ; -0.062     ; 6.537      ;
; 13.402 ; inf_rcv:inf_rcv_inst|inf_rcv_decoder:inf_rcv_decoder_inst|cnt_data_bit[4]                       ; inf_rcv:inf_rcv_inst|inf_rcv_decoder:inf_rcv_decoder_inst|data[0]                       ; sys_clk      ; sys_clk     ; 20.000       ; -0.062     ; 6.537      ;
; 13.402 ; inf_rcv:inf_rcv_inst|inf_rcv_decoder:inf_rcv_decoder_inst|cnt_data_bit[4]                       ; inf_rcv:inf_rcv_inst|inf_rcv_decoder:inf_rcv_decoder_inst|data[1]                       ; sys_clk      ; sys_clk     ; 20.000       ; -0.062     ; 6.537      ;
; 13.402 ; inf_rcv:inf_rcv_inst|inf_rcv_decoder:inf_rcv_decoder_inst|cnt_data_bit[4]                       ; inf_rcv:inf_rcv_inst|inf_rcv_decoder:inf_rcv_decoder_inst|data[6]                       ; sys_clk      ; sys_clk     ; 20.000       ; -0.062     ; 6.537      ;
; 13.402 ; inf_rcv:inf_rcv_inst|inf_rcv_decoder:inf_rcv_decoder_inst|cnt_data_bit[4]                       ; inf_rcv:inf_rcv_inst|inf_rcv_decoder:inf_rcv_decoder_inst|data[7]                       ; sys_clk      ; sys_clk     ; 20.000       ; -0.062     ; 6.537      ;
; 13.402 ; inf_rcv:inf_rcv_inst|inf_rcv_decoder:inf_rcv_decoder_inst|cnt_data_bit[4]                       ; inf_rcv:inf_rcv_inst|inf_rcv_decoder:inf_rcv_decoder_inst|data[4]                       ; sys_clk      ; sys_clk     ; 20.000       ; -0.062     ; 6.537      ;
; 13.402 ; inf_rcv:inf_rcv_inst|inf_rcv_decoder:inf_rcv_decoder_inst|cnt_data_bit[4]                       ; inf_rcv:inf_rcv_inst|inf_rcv_decoder:inf_rcv_decoder_inst|data[5]                       ; sys_clk      ; sys_clk     ; 20.000       ; -0.062     ; 6.537      ;
; 13.595 ; inf_rcv:inf_rcv_inst|seg_595_dynamic:seg_595_dynamic_inst|hc595_ctrl:hc595_ctrl_inst|cnt_bit[0] ; inf_rcv:inf_rcv_inst|seg_595_dynamic:seg_595_dynamic_inst|hc595_ctrl:hc595_ctrl_inst|ds ; sys_clk      ; sys_clk     ; 20.000       ; -0.068     ; 6.338      ;
; 13.613 ; inf_rcv:inf_rcv_inst|led_ctrl:led_ctrl_inst|cnt_50ms[0]                                         ; inf_rcv:inf_rcv_inst|led_ctrl:led_ctrl_inst|cnt_50ms[1]                                 ; sys_clk      ; sys_clk     ; 20.000       ; -0.081     ; 6.307      ;
; 13.613 ; inf_rcv:inf_rcv_inst|led_ctrl:led_ctrl_inst|cnt_50ms[0]                                         ; inf_rcv:inf_rcv_inst|led_ctrl:led_ctrl_inst|cnt_50ms[2]                                 ; sys_clk      ; sys_clk     ; 20.000       ; -0.081     ; 6.307      ;
; 13.613 ; inf_rcv:inf_rcv_inst|led_ctrl:led_ctrl_inst|cnt_50ms[0]                                         ; inf_rcv:inf_rcv_inst|led_ctrl:led_ctrl_inst|cnt_50ms[3]                                 ; sys_clk      ; sys_clk     ; 20.000       ; -0.081     ; 6.307      ;
; 13.613 ; inf_rcv:inf_rcv_inst|led_ctrl:led_ctrl_inst|cnt_50ms[0]                                         ; inf_rcv:inf_rcv_inst|led_ctrl:led_ctrl_inst|cnt_50ms[4]                                 ; sys_clk      ; sys_clk     ; 20.000       ; -0.081     ; 6.307      ;
; 13.613 ; inf_rcv:inf_rcv_inst|led_ctrl:led_ctrl_inst|cnt_50ms[0]                                         ; inf_rcv:inf_rcv_inst|led_ctrl:led_ctrl_inst|cnt_50ms[5]                                 ; sys_clk      ; sys_clk     ; 20.000       ; -0.081     ; 6.307      ;
; 13.613 ; inf_rcv:inf_rcv_inst|led_ctrl:led_ctrl_inst|cnt_50ms[0]                                         ; inf_rcv:inf_rcv_inst|led_ctrl:led_ctrl_inst|cnt_50ms[6]                                 ; sys_clk      ; sys_clk     ; 20.000       ; -0.081     ; 6.307      ;
; 13.613 ; inf_rcv:inf_rcv_inst|led_ctrl:led_ctrl_inst|cnt_50ms[0]                                         ; inf_rcv:inf_rcv_inst|led_ctrl:led_ctrl_inst|cnt_50ms[7]                                 ; sys_clk      ; sys_clk     ; 20.000       ; -0.081     ; 6.307      ;
; 13.613 ; inf_rcv:inf_rcv_inst|led_ctrl:led_ctrl_inst|cnt_50ms[0]                                         ; inf_rcv:inf_rcv_inst|led_ctrl:led_ctrl_inst|cnt_50ms[8]                                 ; sys_clk      ; sys_clk     ; 20.000       ; -0.081     ; 6.307      ;
; 13.613 ; inf_rcv:inf_rcv_inst|led_ctrl:led_ctrl_inst|cnt_50ms[0]                                         ; inf_rcv:inf_rcv_inst|led_ctrl:led_ctrl_inst|cnt_50ms[9]                                 ; sys_clk      ; sys_clk     ; 20.000       ; -0.081     ; 6.307      ;
; 13.613 ; inf_rcv:inf_rcv_inst|led_ctrl:led_ctrl_inst|cnt_50ms[0]                                         ; inf_rcv:inf_rcv_inst|led_ctrl:led_ctrl_inst|cnt_50ms[10]                                ; sys_clk      ; sys_clk     ; 20.000       ; -0.081     ; 6.307      ;
; 13.613 ; inf_rcv:inf_rcv_inst|led_ctrl:led_ctrl_inst|cnt_50ms[0]                                         ; inf_rcv:inf_rcv_inst|led_ctrl:led_ctrl_inst|cnt_50ms[0]                                 ; sys_clk      ; sys_clk     ; 20.000       ; -0.081     ; 6.307      ;
; 13.624 ; inf_rcv:inf_rcv_inst|led_ctrl:led_ctrl_inst|cnt_50ms[3]                                         ; inf_rcv:inf_rcv_inst|led_ctrl:led_ctrl_inst|cnt_50ms[1]                                 ; sys_clk      ; sys_clk     ; 20.000       ; -0.081     ; 6.296      ;
+--------+-------------------------------------------------------------------------------------------------+-----------------------------------------------------------------------------------------+--------------+-------------+--------------+------------+------------+


+------------------------------------------------------------------------------------------------------------------------------------------------------------------------------------------------------------------------------------------------------------------------------------------------------------------------------------+
; Slow 1200mV 85C Model Setup: 'pll_25mhz_inst|altpll_component|auto_generated|pll1|clk[0]'                                                                                                                                                                                                                                          ;
+--------+-------------------------------------------------------------------+------------------------------------------------------------------------------------+------------------------------------------------------------+------------------------------------------------------------+--------------+------------+------------+
; Slack  ; From Node                                                         ; To Node                                                                            ; Launch Clock                                               ; Latch Clock                                                ; Relationship ; Clock Skew ; Data Delay ;
+--------+-------------------------------------------------------------------+------------------------------------------------------------------------------------+------------------------------------------------------------+------------------------------------------------------------+--------------+------------+------------+
; 14.475 ; inf_rcv:inf_rcv_inst|inf_rcv_decoder:inf_rcv_decoder_inst|data[5] ; pic_rgb_gen:pic_rgb_gen_inst|direct_sig_ctrl:direct_sig_ctrl_inst|direct_reg.RIGHT ; sys_clk                                                    ; pll_25mhz_inst|altpll_component|auto_generated|pll1|clk[0] ; 20.000       ; -2.636     ; 2.840      ;
; 14.476 ; inf_rcv:inf_rcv_inst|inf_rcv_decoder:inf_rcv_decoder_inst|data[4] ; pic_rgb_gen:pic_rgb_gen_inst|direct_sig_ctrl:direct_sig_ctrl_inst|direct_reg.RIGHT ; sys_clk                                                    ; pll_25mhz_inst|altpll_component|auto_generated|pll1|clk[0] ; 20.000       ; -2.636     ; 2.839      ;
; 14.477 ; inf_rcv:inf_rcv_inst|inf_rcv_decoder:inf_rcv_decoder_inst|data[5] ; pic_rgb_gen:pic_rgb_gen_inst|direct_sig_ctrl:direct_sig_ctrl_inst|direct_reg.LEFT  ; sys_clk                                                    ; pll_25mhz_inst|altpll_component|auto_generated|pll1|clk[0] ; 20.000       ; -2.636     ; 2.838      ;
; 14.478 ; inf_rcv:inf_rcv_inst|inf_rcv_decoder:inf_rcv_decoder_inst|data[4] ; pic_rgb_gen:pic_rgb_gen_inst|direct_sig_ctrl:direct_sig_ctrl_inst|direct_reg.LEFT  ; sys_clk                                                    ; pll_25mhz_inst|altpll_component|auto_generated|pll1|clk[0] ; 20.000       ; -2.636     ; 2.837      ;
; 14.576 ; inf_rcv:inf_rcv_inst|inf_rcv_decoder:inf_rcv_decoder_inst|data[5] ; pic_rgb_gen:pic_rgb_gen_inst|direct_sig_ctrl:direct_sig_ctrl_inst|direct_reg.DOWN  ; sys_clk                                                    ; pll_25mhz_inst|altpll_component|auto_generated|pll1|clk[0] ; 20.000       ; -2.636     ; 2.739      ;
; 14.577 ; inf_rcv:inf_rcv_inst|inf_rcv_decoder:inf_rcv_decoder_inst|data[4] ; pic_rgb_gen:pic_rgb_gen_inst|direct_sig_ctrl:direct_sig_ctrl_inst|direct_reg.DOWN  ; sys_clk                                                    ; pll_25mhz_inst|altpll_component|auto_generated|pll1|clk[0] ; 20.000       ; -2.636     ; 2.738      ;
; 14.700 ; inf_rcv:inf_rcv_inst|inf_rcv_decoder:inf_rcv_decoder_inst|data[5] ; pic_rgb_gen:pic_rgb_gen_inst|direct_sig_ctrl:direct_sig_ctrl_inst|direct_reg.UP    ; sys_clk                                                    ; pll_25mhz_inst|altpll_component|auto_generated|pll1|clk[0] ; 20.000       ; -2.636     ; 2.615      ;
; 14.701 ; inf_rcv:inf_rcv_inst|inf_rcv_decoder:inf_rcv_decoder_inst|data[4] ; pic_rgb_gen:pic_rgb_gen_inst|direct_sig_ctrl:direct_sig_ctrl_inst|direct_reg.UP    ; sys_clk                                                    ; pll_25mhz_inst|altpll_component|auto_generated|pll1|clk[0] ; 20.000       ; -2.636     ; 2.614      ;
; 14.843 ; inf_rcv:inf_rcv_inst|inf_rcv_decoder:inf_rcv_decoder_inst|data[7] ; pic_rgb_gen:pic_rgb_gen_inst|direct_sig_ctrl:direct_sig_ctrl_inst|direct_reg.RIGHT ; sys_clk                                                    ; pll_25mhz_inst|altpll_component|auto_generated|pll1|clk[0] ; 20.000       ; -2.636     ; 2.472      ;
; 14.845 ; inf_rcv:inf_rcv_inst|inf_rcv_decoder:inf_rcv_decoder_inst|data[7] ; pic_rgb_gen:pic_rgb_gen_inst|direct_sig_ctrl:direct_sig_ctrl_inst|direct_reg.LEFT  ; sys_clk                                                    ; pll_25mhz_inst|altpll_component|auto_generated|pll1|clk[0] ; 20.000       ; -2.636     ; 2.470      ;
; 14.851 ; inf_rcv:inf_rcv_inst|inf_rcv_decoder:inf_rcv_decoder_inst|data[6] ; pic_rgb_gen:pic_rgb_gen_inst|direct_sig_ctrl:direct_sig_ctrl_inst|direct_reg.RIGHT ; sys_clk                                                    ; pll_25mhz_inst|altpll_component|auto_generated|pll1|clk[0] ; 20.000       ; -2.636     ; 2.464      ;
; 14.853 ; inf_rcv:inf_rcv_inst|inf_rcv_decoder:inf_rcv_decoder_inst|data[6] ; pic_rgb_gen:pic_rgb_gen_inst|direct_sig_ctrl:direct_sig_ctrl_inst|direct_reg.LEFT  ; sys_clk                                                    ; pll_25mhz_inst|altpll_component|auto_generated|pll1|clk[0] ; 20.000       ; -2.636     ; 2.462      ;
; 14.934 ; inf_rcv:inf_rcv_inst|inf_rcv_decoder:inf_rcv_decoder_inst|data[6] ; pic_rgb_gen:pic_rgb_gen_inst|direct_sig_ctrl:direct_sig_ctrl_inst|direct_reg.DOWN  ; sys_clk                                                    ; pll_25mhz_inst|altpll_component|auto_generated|pll1|clk[0] ; 20.000       ; -2.636     ; 2.381      ;
; 14.944 ; inf_rcv:inf_rcv_inst|inf_rcv_decoder:inf_rcv_decoder_inst|data[7] ; pic_rgb_gen:pic_rgb_gen_inst|direct_sig_ctrl:direct_sig_ctrl_inst|direct_reg.DOWN  ; sys_clk                                                    ; pll_25mhz_inst|altpll_component|auto_generated|pll1|clk[0] ; 20.000       ; -2.636     ; 2.371      ;
; 15.068 ; inf_rcv:inf_rcv_inst|inf_rcv_decoder:inf_rcv_decoder_inst|data[7] ; pic_rgb_gen:pic_rgb_gen_inst|direct_sig_ctrl:direct_sig_ctrl_inst|direct_reg.UP    ; sys_clk                                                    ; pll_25mhz_inst|altpll_component|auto_generated|pll1|clk[0] ; 20.000       ; -2.636     ; 2.247      ;
; 15.076 ; inf_rcv:inf_rcv_inst|inf_rcv_decoder:inf_rcv_decoder_inst|data[6] ; pic_rgb_gen:pic_rgb_gen_inst|direct_sig_ctrl:direct_sig_ctrl_inst|direct_reg.UP    ; sys_clk                                                    ; pll_25mhz_inst|altpll_component|auto_generated|pll1|clk[0] ; 20.000       ; -2.636     ; 2.239      ;
; 15.167 ; inf_rcv:inf_rcv_inst|inf_rcv_decoder:inf_rcv_decoder_inst|data[1] ; pic_rgb_gen:pic_rgb_gen_inst|direct_sig_ctrl:direct_sig_ctrl_inst|direct_reg.RIGHT ; sys_clk                                                    ; pll_25mhz_inst|altpll_component|auto_generated|pll1|clk[0] ; 20.000       ; -2.636     ; 2.148      ;
; 15.168 ; inf_rcv:inf_rcv_inst|inf_rcv_decoder:inf_rcv_decoder_inst|data[1] ; pic_rgb_gen:pic_rgb_gen_inst|direct_sig_ctrl:direct_sig_ctrl_inst|direct_reg.UP    ; sys_clk                                                    ; pll_25mhz_inst|altpll_component|auto_generated|pll1|clk[0] ; 20.000       ; -2.636     ; 2.147      ;
; 15.638 ; inf_rcv:inf_rcv_inst|inf_rcv_decoder:inf_rcv_decoder_inst|data[0] ; pic_rgb_gen:pic_rgb_gen_inst|direct_sig_ctrl:direct_sig_ctrl_inst|direct_reg.RIGHT ; sys_clk                                                    ; pll_25mhz_inst|altpll_component|auto_generated|pll1|clk[0] ; 20.000       ; -2.636     ; 1.677      ;
; 15.640 ; inf_rcv:inf_rcv_inst|inf_rcv_decoder:inf_rcv_decoder_inst|data[0] ; pic_rgb_gen:pic_rgb_gen_inst|direct_sig_ctrl:direct_sig_ctrl_inst|direct_reg.LEFT  ; sys_clk                                                    ; pll_25mhz_inst|altpll_component|auto_generated|pll1|clk[0] ; 20.000       ; -2.636     ; 1.675      ;
; 15.644 ; inf_rcv:inf_rcv_inst|inf_rcv_decoder:inf_rcv_decoder_inst|data[1] ; pic_rgb_gen:pic_rgb_gen_inst|direct_sig_ctrl:direct_sig_ctrl_inst|direct_reg.LEFT  ; sys_clk                                                    ; pll_25mhz_inst|altpll_component|auto_generated|pll1|clk[0] ; 20.000       ; -2.636     ; 1.671      ;
; 15.680 ; inf_rcv:inf_rcv_inst|inf_rcv_decoder:inf_rcv_decoder_inst|data[0] ; pic_rgb_gen:pic_rgb_gen_inst|direct_sig_ctrl:direct_sig_ctrl_inst|direct_reg.DOWN  ; sys_clk                                                    ; pll_25mhz_inst|altpll_component|auto_generated|pll1|clk[0] ; 20.000       ; -2.636     ; 1.635      ;
; 15.743 ; inf_rcv:inf_rcv_inst|inf_rcv_decoder:inf_rcv_decoder_inst|data[1] ; pic_rgb_gen:pic_rgb_gen_inst|direct_sig_ctrl:direct_sig_ctrl_inst|direct_reg.DOWN  ; sys_clk                                                    ; pll_25mhz_inst|altpll_component|auto_generated|pll1|clk[0] ; 20.000       ; -2.636     ; 1.572      ;
; 15.810 ; inf_rcv:inf_rcv_inst|inf_rcv_decoder:inf_rcv_decoder_inst|data[0] ; pic_rgb_gen:pic_rgb_gen_inst|direct_sig_ctrl:direct_sig_ctrl_inst|direct_reg.UP    ; sys_clk                                                    ; pll_25mhz_inst|altpll_component|auto_generated|pll1|clk[0] ; 20.000       ; -2.636     ; 1.505      ;
; 15.865 ; inf_rcv:inf_rcv_inst|inf_rcv_decoder:inf_rcv_decoder_inst|data[3] ; pic_rgb_gen:pic_rgb_gen_inst|direct_sig_ctrl:direct_sig_ctrl_inst|direct_reg.RIGHT ; sys_clk                                                    ; pll_25mhz_inst|altpll_component|auto_generated|pll1|clk[0] ; 20.000       ; -2.636     ; 1.450      ;
; 15.866 ; inf_rcv:inf_rcv_inst|inf_rcv_decoder:inf_rcv_decoder_inst|data[3] ; pic_rgb_gen:pic_rgb_gen_inst|direct_sig_ctrl:direct_sig_ctrl_inst|direct_reg.UP    ; sys_clk                                                    ; pll_25mhz_inst|altpll_component|auto_generated|pll1|clk[0] ; 20.000       ; -2.636     ; 1.449      ;
; 15.982 ; inf_rcv:inf_rcv_inst|inf_rcv_decoder:inf_rcv_decoder_inst|data[2] ; pic_rgb_gen:pic_rgb_gen_inst|direct_sig_ctrl:direct_sig_ctrl_inst|direct_reg.LEFT  ; sys_clk                                                    ; pll_25mhz_inst|altpll_component|auto_generated|pll1|clk[0] ; 20.000       ; -2.636     ; 1.333      ;
; 15.986 ; inf_rcv:inf_rcv_inst|inf_rcv_decoder:inf_rcv_decoder_inst|data[2] ; pic_rgb_gen:pic_rgb_gen_inst|direct_sig_ctrl:direct_sig_ctrl_inst|direct_reg.RIGHT ; sys_clk                                                    ; pll_25mhz_inst|altpll_component|auto_generated|pll1|clk[0] ; 20.000       ; -2.636     ; 1.329      ;
; 16.041 ; inf_rcv:inf_rcv_inst|inf_rcv_decoder:inf_rcv_decoder_inst|data[2] ; pic_rgb_gen:pic_rgb_gen_inst|direct_sig_ctrl:direct_sig_ctrl_inst|direct_reg.DOWN  ; sys_clk                                                    ; pll_25mhz_inst|altpll_component|auto_generated|pll1|clk[0] ; 20.000       ; -2.636     ; 1.274      ;
; 16.224 ; inf_rcv:inf_rcv_inst|inf_rcv_decoder:inf_rcv_decoder_inst|data[3] ; pic_rgb_gen:pic_rgb_gen_inst|direct_sig_ctrl:direct_sig_ctrl_inst|direct_reg.LEFT  ; sys_clk                                                    ; pll_25mhz_inst|altpll_component|auto_generated|pll1|clk[0] ; 20.000       ; -2.636     ; 1.091      ;
; 16.240 ; inf_rcv:inf_rcv_inst|inf_rcv_decoder:inf_rcv_decoder_inst|data[3] ; pic_rgb_gen:pic_rgb_gen_inst|direct_sig_ctrl:direct_sig_ctrl_inst|direct_reg.DOWN  ; sys_clk                                                    ; pll_25mhz_inst|altpll_component|auto_generated|pll1|clk[0] ; 20.000       ; -2.636     ; 1.075      ;
; 16.350 ; inf_rcv:inf_rcv_inst|inf_rcv_decoder:inf_rcv_decoder_inst|data[2] ; pic_rgb_gen:pic_rgb_gen_inst|direct_sig_ctrl:direct_sig_ctrl_inst|direct_reg.UP    ; sys_clk                                                    ; pll_25mhz_inst|altpll_component|auto_generated|pll1|clk[0] ; 20.000       ; -2.636     ; 0.965      ;
; 18.993 ; vga_ctrl:vga_ctrl_inst|cnt_h[7]                                   ; pic_rgb_gen:pic_rgb_gen_inst|address_b[4]                                          ; pll_25mhz_inst|altpll_component|auto_generated|pll1|clk[0] ; pll_25mhz_inst|altpll_component|auto_generated|pll1|clk[0] ; 40.000       ; -0.097     ; 20.911     ;
; 19.170 ; vga_ctrl:vga_ctrl_inst|cnt_h[6]                                   ; pic_rgb_gen:pic_rgb_gen_inst|address_b[4]                                          ; pll_25mhz_inst|altpll_component|auto_generated|pll1|clk[0] ; pll_25mhz_inst|altpll_component|auto_generated|pll1|clk[0] ; 40.000       ; -0.097     ; 20.734     ;
; 19.374 ; vga_ctrl:vga_ctrl_inst|cnt_v[5]                                   ; pic_rgb_gen:pic_rgb_gen_inst|address_b[4]                                          ; pll_25mhz_inst|altpll_component|auto_generated|pll1|clk[0] ; pll_25mhz_inst|altpll_component|auto_generated|pll1|clk[0] ; 40.000       ; -0.085     ; 20.542     ;
; 19.406 ; vga_ctrl:vga_ctrl_inst|cnt_h[4]                                   ; pic_rgb_gen:pic_rgb_gen_inst|address_b[4]                                          ; pll_25mhz_inst|altpll_component|auto_generated|pll1|clk[0] ; pll_25mhz_inst|altpll_component|auto_generated|pll1|clk[0] ; 40.000       ; -0.097     ; 20.498     ;
; 19.503 ; vga_ctrl:vga_ctrl_inst|cnt_h[2]                                   ; pic_rgb_gen:pic_rgb_gen_inst|address_b[4]                                          ; pll_25mhz_inst|altpll_component|auto_generated|pll1|clk[0] ; pll_25mhz_inst|altpll_component|auto_generated|pll1|clk[0] ; 40.000       ; -0.097     ; 20.401     ;
; 19.538 ; vga_ctrl:vga_ctrl_inst|cnt_h[5]                                   ; pic_rgb_gen:pic_rgb_gen_inst|address_b[4]                                          ; pll_25mhz_inst|altpll_component|auto_generated|pll1|clk[0] ; pll_25mhz_inst|altpll_component|auto_generated|pll1|clk[0] ; 40.000       ; -0.097     ; 20.366     ;
; 19.573 ; vga_ctrl:vga_ctrl_inst|cnt_v[7]                                   ; pic_rgb_gen:pic_rgb_gen_inst|address_b[4]                                          ; pll_25mhz_inst|altpll_component|auto_generated|pll1|clk[0] ; pll_25mhz_inst|altpll_component|auto_generated|pll1|clk[0] ; 40.000       ; -0.085     ; 20.343     ;
; 19.690 ; vga_ctrl:vga_ctrl_inst|cnt_h[0]                                   ; pic_rgb_gen:pic_rgb_gen_inst|address_b[4]                                          ; pll_25mhz_inst|altpll_component|auto_generated|pll1|clk[0] ; pll_25mhz_inst|altpll_component|auto_generated|pll1|clk[0] ; 40.000       ; -0.097     ; 20.214     ;
; 19.773 ; vga_ctrl:vga_ctrl_inst|cnt_v[8]                                   ; pic_rgb_gen:pic_rgb_gen_inst|address_b[4]                                          ; pll_25mhz_inst|altpll_component|auto_generated|pll1|clk[0] ; pll_25mhz_inst|altpll_component|auto_generated|pll1|clk[0] ; 40.000       ; -0.085     ; 20.143     ;
; 19.787 ; vga_ctrl:vga_ctrl_inst|cnt_v[1]                                   ; pic_rgb_gen:pic_rgb_gen_inst|address_b[4]                                          ; pll_25mhz_inst|altpll_component|auto_generated|pll1|clk[0] ; pll_25mhz_inst|altpll_component|auto_generated|pll1|clk[0] ; 40.000       ; -0.087     ; 20.127     ;
; 19.805 ; vga_ctrl:vga_ctrl_inst|cnt_h[1]                                   ; pic_rgb_gen:pic_rgb_gen_inst|address_b[4]                                          ; pll_25mhz_inst|altpll_component|auto_generated|pll1|clk[0] ; pll_25mhz_inst|altpll_component|auto_generated|pll1|clk[0] ; 40.000       ; -0.097     ; 20.099     ;
; 19.850 ; vga_ctrl:vga_ctrl_inst|cnt_v[4]                                   ; pic_rgb_gen:pic_rgb_gen_inst|address_b[4]                                          ; pll_25mhz_inst|altpll_component|auto_generated|pll1|clk[0] ; pll_25mhz_inst|altpll_component|auto_generated|pll1|clk[0] ; 40.000       ; -0.085     ; 20.066     ;
; 19.868 ; vga_ctrl:vga_ctrl_inst|cnt_v[2]                                   ; pic_rgb_gen:pic_rgb_gen_inst|address_b[4]                                          ; pll_25mhz_inst|altpll_component|auto_generated|pll1|clk[0] ; pll_25mhz_inst|altpll_component|auto_generated|pll1|clk[0] ; 40.000       ; -0.087     ; 20.046     ;
; 19.898 ; vga_ctrl:vga_ctrl_inst|cnt_v[3]                                   ; pic_rgb_gen:pic_rgb_gen_inst|address_b[4]                                          ; pll_25mhz_inst|altpll_component|auto_generated|pll1|clk[0] ; pll_25mhz_inst|altpll_component|auto_generated|pll1|clk[0] ; 40.000       ; -0.085     ; 20.018     ;
; 19.903 ; vga_ctrl:vga_ctrl_inst|cnt_v[6]                                   ; pic_rgb_gen:pic_rgb_gen_inst|address_b[4]                                          ; pll_25mhz_inst|altpll_component|auto_generated|pll1|clk[0] ; pll_25mhz_inst|altpll_component|auto_generated|pll1|clk[0] ; 40.000       ; -0.085     ; 20.013     ;
; 19.960 ; vga_ctrl:vga_ctrl_inst|cnt_h[3]                                   ; pic_rgb_gen:pic_rgb_gen_inst|address_b[4]                                          ; pll_25mhz_inst|altpll_component|auto_generated|pll1|clk[0] ; pll_25mhz_inst|altpll_component|auto_generated|pll1|clk[0] ; 40.000       ; -0.097     ; 19.944     ;
; 19.995 ; vga_ctrl:vga_ctrl_inst|cnt_v[0]                                   ; pic_rgb_gen:pic_rgb_gen_inst|address_b[4]                                          ; pll_25mhz_inst|altpll_component|auto_generated|pll1|clk[0] ; pll_25mhz_inst|altpll_component|auto_generated|pll1|clk[0] ; 40.000       ; -0.085     ; 19.921     ;
; 20.430 ; vga_ctrl:vga_ctrl_inst|cnt_v[9]                                   ; pic_rgb_gen:pic_rgb_gen_inst|address_b[4]                                          ; pll_25mhz_inst|altpll_component|auto_generated|pll1|clk[0] ; pll_25mhz_inst|altpll_component|auto_generated|pll1|clk[0] ; 40.000       ; -0.087     ; 19.484     ;
; 20.578 ; vga_ctrl:vga_ctrl_inst|cnt_h[9]                                   ; pic_rgb_gen:pic_rgb_gen_inst|address_b[4]                                          ; pll_25mhz_inst|altpll_component|auto_generated|pll1|clk[0] ; pll_25mhz_inst|altpll_component|auto_generated|pll1|clk[0] ; 40.000       ; -0.087     ; 19.336     ;
; 20.763 ; vga_ctrl:vga_ctrl_inst|cnt_h[8]                                   ; pic_rgb_gen:pic_rgb_gen_inst|address_b[4]                                          ; pll_25mhz_inst|altpll_component|auto_generated|pll1|clk[0] ; pll_25mhz_inst|altpll_component|auto_generated|pll1|clk[0] ; 40.000       ; -0.087     ; 19.151     ;
; 20.863 ; vga_ctrl:vga_ctrl_inst|cnt_h[7]                                   ; pic_rgb_gen:pic_rgb_gen_inst|address_b[0]                                          ; pll_25mhz_inst|altpll_component|auto_generated|pll1|clk[0] ; pll_25mhz_inst|altpll_component|auto_generated|pll1|clk[0] ; 40.000       ; -0.085     ; 19.053     ;
; 21.040 ; vga_ctrl:vga_ctrl_inst|cnt_h[6]                                   ; pic_rgb_gen:pic_rgb_gen_inst|address_b[0]                                          ; pll_25mhz_inst|altpll_component|auto_generated|pll1|clk[0] ; pll_25mhz_inst|altpll_component|auto_generated|pll1|clk[0] ; 40.000       ; -0.085     ; 18.876     ;
; 21.276 ; vga_ctrl:vga_ctrl_inst|cnt_h[4]                                   ; pic_rgb_gen:pic_rgb_gen_inst|address_b[0]                                          ; pll_25mhz_inst|altpll_component|auto_generated|pll1|clk[0] ; pll_25mhz_inst|altpll_component|auto_generated|pll1|clk[0] ; 40.000       ; -0.085     ; 18.640     ;
; 21.311 ; vga_ctrl:vga_ctrl_inst|cnt_h[7]                                   ; pic_rgb_gen:pic_rgb_gen_inst|address_b[5]                                          ; pll_25mhz_inst|altpll_component|auto_generated|pll1|clk[0] ; pll_25mhz_inst|altpll_component|auto_generated|pll1|clk[0] ; 40.000       ; -0.104     ; 18.586     ;
; 21.355 ; vga_ctrl:vga_ctrl_inst|cnt_v[5]                                   ; pic_rgb_gen:pic_rgb_gen_inst|address_b[0]                                          ; pll_25mhz_inst|altpll_component|auto_generated|pll1|clk[0] ; pll_25mhz_inst|altpll_component|auto_generated|pll1|clk[0] ; 40.000       ; -0.073     ; 18.573     ;
; 21.373 ; vga_ctrl:vga_ctrl_inst|cnt_h[2]                                   ; pic_rgb_gen:pic_rgb_gen_inst|address_b[0]                                          ; pll_25mhz_inst|altpll_component|auto_generated|pll1|clk[0] ; pll_25mhz_inst|altpll_component|auto_generated|pll1|clk[0] ; 40.000       ; -0.085     ; 18.543     ;
; 21.408 ; vga_ctrl:vga_ctrl_inst|cnt_h[5]                                   ; pic_rgb_gen:pic_rgb_gen_inst|address_b[0]                                          ; pll_25mhz_inst|altpll_component|auto_generated|pll1|clk[0] ; pll_25mhz_inst|altpll_component|auto_generated|pll1|clk[0] ; 40.000       ; -0.085     ; 18.508     ;
; 21.488 ; vga_ctrl:vga_ctrl_inst|cnt_h[6]                                   ; pic_rgb_gen:pic_rgb_gen_inst|address_b[5]                                          ; pll_25mhz_inst|altpll_component|auto_generated|pll1|clk[0] ; pll_25mhz_inst|altpll_component|auto_generated|pll1|clk[0] ; 40.000       ; -0.104     ; 18.409     ;
; 21.614 ; vga_ctrl:vga_ctrl_inst|cnt_h[0]                                   ; pic_rgb_gen:pic_rgb_gen_inst|address_b[0]                                          ; pll_25mhz_inst|altpll_component|auto_generated|pll1|clk[0] ; pll_25mhz_inst|altpll_component|auto_generated|pll1|clk[0] ; 40.000       ; -0.085     ; 18.302     ;
; 21.620 ; vga_ctrl:vga_ctrl_inst|cnt_v[5]                                   ; pic_rgb_gen:pic_rgb_gen_inst|address_b[5]                                          ; pll_25mhz_inst|altpll_component|auto_generated|pll1|clk[0] ; pll_25mhz_inst|altpll_component|auto_generated|pll1|clk[0] ; 40.000       ; -0.092     ; 18.289     ;
; 21.634 ; vga_ctrl:vga_ctrl_inst|cnt_v[7]                                   ; pic_rgb_gen:pic_rgb_gen_inst|address_b[0]                                          ; pll_25mhz_inst|altpll_component|auto_generated|pll1|clk[0] ; pll_25mhz_inst|altpll_component|auto_generated|pll1|clk[0] ; 40.000       ; -0.073     ; 18.294     ;
; 21.666 ; vga_ctrl:vga_ctrl_inst|cnt_v[1]                                   ; pic_rgb_gen:pic_rgb_gen_inst|address_b[0]                                          ; pll_25mhz_inst|altpll_component|auto_generated|pll1|clk[0] ; pll_25mhz_inst|altpll_component|auto_generated|pll1|clk[0] ; 40.000       ; -0.075     ; 18.260     ;
; 21.712 ; vga_ctrl:vga_ctrl_inst|cnt_h[1]                                   ; pic_rgb_gen:pic_rgb_gen_inst|address_b[0]                                          ; pll_25mhz_inst|altpll_component|auto_generated|pll1|clk[0] ; pll_25mhz_inst|altpll_component|auto_generated|pll1|clk[0] ; 40.000       ; -0.085     ; 18.204     ;
; 21.720 ; vga_ctrl:vga_ctrl_inst|cnt_v[4]                                   ; pic_rgb_gen:pic_rgb_gen_inst|address_b[0]                                          ; pll_25mhz_inst|altpll_component|auto_generated|pll1|clk[0] ; pll_25mhz_inst|altpll_component|auto_generated|pll1|clk[0] ; 40.000       ; -0.073     ; 18.208     ;
; 21.724 ; vga_ctrl:vga_ctrl_inst|cnt_h[4]                                   ; pic_rgb_gen:pic_rgb_gen_inst|address_b[5]                                          ; pll_25mhz_inst|altpll_component|auto_generated|pll1|clk[0] ; pll_25mhz_inst|altpll_component|auto_generated|pll1|clk[0] ; 40.000       ; -0.104     ; 18.173     ;
; 21.738 ; vga_ctrl:vga_ctrl_inst|cnt_v[2]                                   ; pic_rgb_gen:pic_rgb_gen_inst|address_b[0]                                          ; pll_25mhz_inst|altpll_component|auto_generated|pll1|clk[0] ; pll_25mhz_inst|altpll_component|auto_generated|pll1|clk[0] ; 40.000       ; -0.075     ; 18.188     ;
; 21.773 ; vga_ctrl:vga_ctrl_inst|cnt_h[2]                                   ; pic_rgb_gen:pic_rgb_gen_inst|address_b[5]                                          ; pll_25mhz_inst|altpll_component|auto_generated|pll1|clk[0] ; pll_25mhz_inst|altpll_component|auto_generated|pll1|clk[0] ; 40.000       ; -0.104     ; 18.124     ;
; 21.819 ; vga_ctrl:vga_ctrl_inst|cnt_v[7]                                   ; pic_rgb_gen:pic_rgb_gen_inst|address_b[5]                                          ; pll_25mhz_inst|altpll_component|auto_generated|pll1|clk[0] ; pll_25mhz_inst|altpll_component|auto_generated|pll1|clk[0] ; 40.000       ; -0.092     ; 18.090     ;
; 21.830 ; vga_ctrl:vga_ctrl_inst|cnt_h[3]                                   ; pic_rgb_gen:pic_rgb_gen_inst|address_b[0]                                          ; pll_25mhz_inst|altpll_component|auto_generated|pll1|clk[0] ; pll_25mhz_inst|altpll_component|auto_generated|pll1|clk[0] ; 40.000       ; -0.085     ; 18.086     ;
; 21.856 ; vga_ctrl:vga_ctrl_inst|cnt_h[5]                                   ; pic_rgb_gen:pic_rgb_gen_inst|address_b[5]                                          ; pll_25mhz_inst|altpll_component|auto_generated|pll1|clk[0] ; pll_25mhz_inst|altpll_component|auto_generated|pll1|clk[0] ; 40.000       ; -0.104     ; 18.041     ;
; 21.861 ; vga_ctrl:vga_ctrl_inst|cnt_v[8]                                   ; pic_rgb_gen:pic_rgb_gen_inst|address_b[0]                                          ; pll_25mhz_inst|altpll_component|auto_generated|pll1|clk[0] ; pll_25mhz_inst|altpll_component|auto_generated|pll1|clk[0] ; 40.000       ; -0.073     ; 18.067     ;
; 21.897 ; vga_ctrl:vga_ctrl_inst|cnt_v[3]                                   ; pic_rgb_gen:pic_rgb_gen_inst|address_b[0]                                          ; pll_25mhz_inst|altpll_component|auto_generated|pll1|clk[0] ; pll_25mhz_inst|altpll_component|auto_generated|pll1|clk[0] ; 40.000       ; -0.073     ; 18.031     ;
; 21.936 ; vga_ctrl:vga_ctrl_inst|cnt_h[0]                                   ; pic_rgb_gen:pic_rgb_gen_inst|address_b[5]                                          ; pll_25mhz_inst|altpll_component|auto_generated|pll1|clk[0] ; pll_25mhz_inst|altpll_component|auto_generated|pll1|clk[0] ; 40.000       ; -0.104     ; 17.961     ;
; 21.963 ; vga_ctrl:vga_ctrl_inst|cnt_v[0]                                   ; pic_rgb_gen:pic_rgb_gen_inst|address_b[0]                                          ; pll_25mhz_inst|altpll_component|auto_generated|pll1|clk[0] ; pll_25mhz_inst|altpll_component|auto_generated|pll1|clk[0] ; 40.000       ; -0.073     ; 17.965     ;
; 22.002 ; vga_ctrl:vga_ctrl_inst|cnt_v[6]                                   ; pic_rgb_gen:pic_rgb_gen_inst|address_b[0]                                          ; pll_25mhz_inst|altpll_component|auto_generated|pll1|clk[0] ; pll_25mhz_inst|altpll_component|auto_generated|pll1|clk[0] ; 40.000       ; -0.073     ; 17.926     ;
; 22.019 ; vga_ctrl:vga_ctrl_inst|cnt_v[8]                                   ; pic_rgb_gen:pic_rgb_gen_inst|address_b[5]                                          ; pll_25mhz_inst|altpll_component|auto_generated|pll1|clk[0] ; pll_25mhz_inst|altpll_component|auto_generated|pll1|clk[0] ; 40.000       ; -0.092     ; 17.890     ;
; 22.033 ; vga_ctrl:vga_ctrl_inst|cnt_v[1]                                   ; pic_rgb_gen:pic_rgb_gen_inst|address_b[5]                                          ; pll_25mhz_inst|altpll_component|auto_generated|pll1|clk[0] ; pll_25mhz_inst|altpll_component|auto_generated|pll1|clk[0] ; 40.000       ; -0.094     ; 17.874     ;
; 22.051 ; vga_ctrl:vga_ctrl_inst|cnt_h[1]                                   ; pic_rgb_gen:pic_rgb_gen_inst|address_b[5]                                          ; pll_25mhz_inst|altpll_component|auto_generated|pll1|clk[0] ; pll_25mhz_inst|altpll_component|auto_generated|pll1|clk[0] ; 40.000       ; -0.104     ; 17.846     ;
; 22.144 ; vga_ctrl:vga_ctrl_inst|cnt_v[3]                                   ; pic_rgb_gen:pic_rgb_gen_inst|address_b[5]                                          ; pll_25mhz_inst|altpll_component|auto_generated|pll1|clk[0] ; pll_25mhz_inst|altpll_component|auto_generated|pll1|clk[0] ; 40.000       ; -0.092     ; 17.765     ;
; 22.149 ; vga_ctrl:vga_ctrl_inst|cnt_v[6]                                   ; pic_rgb_gen:pic_rgb_gen_inst|address_b[5]                                          ; pll_25mhz_inst|altpll_component|auto_generated|pll1|clk[0] ; pll_25mhz_inst|altpll_component|auto_generated|pll1|clk[0] ; 40.000       ; -0.092     ; 17.760     ;
; 22.168 ; vga_ctrl:vga_ctrl_inst|cnt_v[4]                                   ; pic_rgb_gen:pic_rgb_gen_inst|address_b[5]                                          ; pll_25mhz_inst|altpll_component|auto_generated|pll1|clk[0] ; pll_25mhz_inst|altpll_component|auto_generated|pll1|clk[0] ; 40.000       ; -0.092     ; 17.741     ;
; 22.173 ; vga_ctrl:vga_ctrl_inst|cnt_v[2]                                   ; pic_rgb_gen:pic_rgb_gen_inst|address_b[5]                                          ; pll_25mhz_inst|altpll_component|auto_generated|pll1|clk[0] ; pll_25mhz_inst|altpll_component|auto_generated|pll1|clk[0] ; 40.000       ; -0.094     ; 17.734     ;
; 22.209 ; vga_ctrl:vga_ctrl_inst|cnt_h[3]                                   ; pic_rgb_gen:pic_rgb_gen_inst|address_b[5]                                          ; pll_25mhz_inst|altpll_component|auto_generated|pll1|clk[0] ; pll_25mhz_inst|altpll_component|auto_generated|pll1|clk[0] ; 40.000       ; -0.104     ; 17.688     ;
; 22.241 ; vga_ctrl:vga_ctrl_inst|cnt_v[0]                                   ; pic_rgb_gen:pic_rgb_gen_inst|address_b[5]                                          ; pll_25mhz_inst|altpll_component|auto_generated|pll1|clk[0] ; pll_25mhz_inst|altpll_component|auto_generated|pll1|clk[0] ; 40.000       ; -0.092     ; 17.668     ;
; 22.300 ; vga_ctrl:vga_ctrl_inst|cnt_v[9]                                   ; pic_rgb_gen:pic_rgb_gen_inst|address_b[0]                                          ; pll_25mhz_inst|altpll_component|auto_generated|pll1|clk[0] ; pll_25mhz_inst|altpll_component|auto_generated|pll1|clk[0] ; 40.000       ; -0.075     ; 17.626     ;
; 22.582 ; vga_ctrl:vga_ctrl_inst|cnt_h[9]                                   ; pic_rgb_gen:pic_rgb_gen_inst|address_b[0]                                          ; pll_25mhz_inst|altpll_component|auto_generated|pll1|clk[0] ; pll_25mhz_inst|altpll_component|auto_generated|pll1|clk[0] ; 40.000       ; -0.075     ; 17.344     ;
; 22.710 ; vga_ctrl:vga_ctrl_inst|cnt_v[9]                                   ; pic_rgb_gen:pic_rgb_gen_inst|address_b[5]                                          ; pll_25mhz_inst|altpll_component|auto_generated|pll1|clk[0] ; pll_25mhz_inst|altpll_component|auto_generated|pll1|clk[0] ; 40.000       ; -0.094     ; 17.197     ;
; 22.725 ; vga_ctrl:vga_ctrl_inst|cnt_h[8]                                   ; pic_rgb_gen:pic_rgb_gen_inst|address_b[0]                                          ; pll_25mhz_inst|altpll_component|auto_generated|pll1|clk[0] ; pll_25mhz_inst|altpll_component|auto_generated|pll1|clk[0] ; 40.000       ; -0.075     ; 17.201     ;
; 22.824 ; vga_ctrl:vga_ctrl_inst|cnt_h[9]                                   ; pic_rgb_gen:pic_rgb_gen_inst|address_b[5]                                          ; pll_25mhz_inst|altpll_component|auto_generated|pll1|clk[0] ; pll_25mhz_inst|altpll_component|auto_generated|pll1|clk[0] ; 40.000       ; -0.094     ; 17.083     ;
; 23.009 ; vga_ctrl:vga_ctrl_inst|cnt_h[8]                                   ; pic_rgb_gen:pic_rgb_gen_inst|address_b[5]                                          ; pll_25mhz_inst|altpll_component|auto_generated|pll1|clk[0] ; pll_25mhz_inst|altpll_component|auto_generated|pll1|clk[0] ; 40.000       ; -0.094     ; 16.898     ;
; 23.186 ; vga_ctrl:vga_ctrl_inst|cnt_h[7]                                   ; pic_rgb_gen:pic_rgb_gen_inst|address_b[1]                                          ; pll_25mhz_inst|altpll_component|auto_generated|pll1|clk[0] ; pll_25mhz_inst|altpll_component|auto_generated|pll1|clk[0] ; 40.000       ; -0.087     ; 16.728     ;
; 23.363 ; vga_ctrl:vga_ctrl_inst|cnt_h[6]                                   ; pic_rgb_gen:pic_rgb_gen_inst|address_b[1]                                          ; pll_25mhz_inst|altpll_component|auto_generated|pll1|clk[0] ; pll_25mhz_inst|altpll_component|auto_generated|pll1|clk[0] ; 40.000       ; -0.087     ; 16.551     ;
; 23.599 ; vga_ctrl:vga_ctrl_inst|cnt_h[4]                                   ; pic_rgb_gen:pic_rgb_gen_inst|address_b[1]                                          ; pll_25mhz_inst|altpll_component|auto_generated|pll1|clk[0] ; pll_25mhz_inst|altpll_component|auto_generated|pll1|clk[0] ; 40.000       ; -0.087     ; 16.315     ;
; 23.678 ; vga_ctrl:vga_ctrl_inst|cnt_v[5]                                   ; pic_rgb_gen:pic_rgb_gen_inst|address_b[1]                                          ; pll_25mhz_inst|altpll_component|auto_generated|pll1|clk[0] ; pll_25mhz_inst|altpll_component|auto_generated|pll1|clk[0] ; 40.000       ; -0.075     ; 16.248     ;
; 23.696 ; vga_ctrl:vga_ctrl_inst|cnt_h[2]                                   ; pic_rgb_gen:pic_rgb_gen_inst|address_b[1]                                          ; pll_25mhz_inst|altpll_component|auto_generated|pll1|clk[0] ; pll_25mhz_inst|altpll_component|auto_generated|pll1|clk[0] ; 40.000       ; -0.087     ; 16.218     ;
; 23.731 ; vga_ctrl:vga_ctrl_inst|cnt_h[5]                                   ; pic_rgb_gen:pic_rgb_gen_inst|address_b[1]                                          ; pll_25mhz_inst|altpll_component|auto_generated|pll1|clk[0] ; pll_25mhz_inst|altpll_component|auto_generated|pll1|clk[0] ; 40.000       ; -0.087     ; 16.183     ;
; 23.895 ; vga_ctrl:vga_ctrl_inst|cnt_h[7]                                   ; pic_rgb_gen:pic_rgb_gen_inst|address_b[6]                                          ; pll_25mhz_inst|altpll_component|auto_generated|pll1|clk[0] ; pll_25mhz_inst|altpll_component|auto_generated|pll1|clk[0] ; 40.000       ; -0.104     ; 16.002     ;
; 23.937 ; vga_ctrl:vga_ctrl_inst|cnt_h[0]                                   ; pic_rgb_gen:pic_rgb_gen_inst|address_b[1]                                          ; pll_25mhz_inst|altpll_component|auto_generated|pll1|clk[0] ; pll_25mhz_inst|altpll_component|auto_generated|pll1|clk[0] ; 40.000       ; -0.087     ; 15.977     ;
+--------+-------------------------------------------------------------------+------------------------------------------------------------------------------------+------------------------------------------------------------+------------------------------------------------------------+--------------+------------+------------+


+----------------------------------------------------------------------------------------------------------------------------------------------------------------------------------------------------------------------------------------------------------------------------------------------------------------------------------------------------------------------------------------------------------------------------------------------------------------------------------------------------------------------------------------------------------------------+
; Slow 1200mV 85C Model Hold: 'pll_25mhz_inst|altpll_component|auto_generated|pll1|clk[0]'                                                                                                                                                                                                                                                                                                                                                                                                                                                                             ;
+-------+--------------------------------------------------------------------------------------------------------------------------------------------------------------------------+----------------------------------------------------------------------------------------------------------------------------------------------------------------------------------------------------------------+------------------------------------------------------------+------------------------------------------------------------+--------------+------------+------------+
; Slack ; From Node                                                                                                                                                                ; To Node                                                                                                                                                                                                        ; Launch Clock                                               ; Latch Clock                                                ; Relationship ; Clock Skew ; Data Delay ;
+-------+--------------------------------------------------------------------------------------------------------------------------------------------------------------------------+----------------------------------------------------------------------------------------------------------------------------------------------------------------------------------------------------------------+------------------------------------------------------------+------------------------------------------------------------+--------------+------------+------------+
; 0.404 ; pic_rgb_gen:pic_rgb_gen_inst|pi_data[3]                                                                                                                                  ; pic_rgb_gen:pic_rgb_gen_inst|fifo_256x8:fifo_256x8_inst|scfifo:scfifo_component|scfifo_ov21:auto_generated|a_dpfifo_v531:dpfifo|dpram_4711:FIFOram|altsyncram_q0k1:altsyncram1|ram_block2a0~porta_datain_reg0  ; pll_25mhz_inst|altpll_component|auto_generated|pll1|clk[0] ; pll_25mhz_inst|altpll_component|auto_generated|pll1|clk[0] ; 0.000        ; 0.486      ; 1.144      ;
; 0.405 ; pic_rgb_gen:pic_rgb_gen_inst|pi_data[2]                                                                                                                                  ; pic_rgb_gen:pic_rgb_gen_inst|fifo_256x8:fifo_256x8_inst|scfifo:scfifo_component|scfifo_ov21:auto_generated|a_dpfifo_v531:dpfifo|dpram_4711:FIFOram|altsyncram_q0k1:altsyncram1|ram_block2a0~porta_datain_reg0  ; pll_25mhz_inst|altpll_component|auto_generated|pll1|clk[0] ; pll_25mhz_inst|altpll_component|auto_generated|pll1|clk[0] ; 0.000        ; 0.486      ; 1.145      ;
; 0.406 ; pic_rgb_gen:pic_rgb_gen_inst|pi_data[0]                                                                                                                                  ; pic_rgb_gen:pic_rgb_gen_inst|fifo_256x8:fifo_256x8_inst|scfifo:scfifo_component|scfifo_ov21:auto_generated|a_dpfifo_v531:dpfifo|dpram_4711:FIFOram|altsyncram_q0k1:altsyncram1|ram_block2a0~porta_datain_reg0  ; pll_25mhz_inst|altpll_component|auto_generated|pll1|clk[0] ; pll_25mhz_inst|altpll_component|auto_generated|pll1|clk[0] ; 0.000        ; 0.486      ; 1.146      ;
; 0.407 ; pic_rgb_gen:pic_rgb_gen_inst|pi_data[5]                                                                                                                                  ; pic_rgb_gen:pic_rgb_gen_inst|fifo_256x8:fifo_256x8_inst|scfifo:scfifo_component|scfifo_ov21:auto_generated|a_dpfifo_v531:dpfifo|dpram_4711:FIFOram|altsyncram_q0k1:altsyncram1|ram_block2a0~porta_datain_reg0  ; pll_25mhz_inst|altpll_component|auto_generated|pll1|clk[0] ; pll_25mhz_inst|altpll_component|auto_generated|pll1|clk[0] ; 0.000        ; 0.486      ; 1.147      ;
; 0.429 ; pic_rgb_gen:pic_rgb_gen_inst|address_b[0]                                                                                                                                ; pic_rgb_gen:pic_rgb_gen_inst|ram_256x2:ram_256x2_inst|altsyncram:altsyncram_component|altsyncram_qbh2:auto_generated|ram_block1a0~portb_address_reg0                                                           ; pll_25mhz_inst|altpll_component|auto_generated|pll1|clk[0] ; pll_25mhz_inst|altpll_component|auto_generated|pll1|clk[0] ; 0.000        ; 0.473      ; 1.156      ;
; 0.431 ; pic_rgb_gen:pic_rgb_gen_inst|fifo_256x8:fifo_256x8_inst|scfifo:scfifo_component|scfifo_ov21:auto_generated|a_dpfifo_v531:dpfifo|cntr_3ob:wr_ptr|counter_reg_bit[0]       ; pic_rgb_gen:pic_rgb_gen_inst|fifo_256x8:fifo_256x8_inst|scfifo:scfifo_component|scfifo_ov21:auto_generated|a_dpfifo_v531:dpfifo|dpram_4711:FIFOram|altsyncram_q0k1:altsyncram1|ram_block2a0~porta_address_reg0 ; pll_25mhz_inst|altpll_component|auto_generated|pll1|clk[0] ; pll_25mhz_inst|altpll_component|auto_generated|pll1|clk[0] ; 0.000        ; 0.474      ; 1.159      ;
; 0.439 ; pic_rgb_gen:pic_rgb_gen_inst|pi_data[4]                                                                                                                                  ; pic_rgb_gen:pic_rgb_gen_inst|fifo_256x8:fifo_256x8_inst|scfifo:scfifo_component|scfifo_ov21:auto_generated|a_dpfifo_v531:dpfifo|dpram_4711:FIFOram|altsyncram_q0k1:altsyncram1|ram_block2a0~porta_datain_reg0  ; pll_25mhz_inst|altpll_component|auto_generated|pll1|clk[0] ; pll_25mhz_inst|altpll_component|auto_generated|pll1|clk[0] ; 0.000        ; 0.486      ; 1.179      ;
; 0.443 ; pic_rgb_gen:pic_rgb_gen_inst|pi_data[6]                                                                                                                                  ; pic_rgb_gen:pic_rgb_gen_inst|fifo_256x8:fifo_256x8_inst|scfifo:scfifo_component|scfifo_ov21:auto_generated|a_dpfifo_v531:dpfifo|dpram_4711:FIFOram|altsyncram_q0k1:altsyncram1|ram_block2a0~porta_datain_reg0  ; pll_25mhz_inst|altpll_component|auto_generated|pll1|clk[0] ; pll_25mhz_inst|altpll_component|auto_generated|pll1|clk[0] ; 0.000        ; 0.486      ; 1.183      ;
; 0.445 ; pic_rgb_gen:pic_rgb_gen_inst|address_b[6]                                                                                                                                ; pic_rgb_gen:pic_rgb_gen_inst|ram_256x2:ram_256x2_inst|altsyncram:altsyncram_component|altsyncram_qbh2:auto_generated|ram_block1a0~portb_address_reg0                                                           ; pll_25mhz_inst|altpll_component|auto_generated|pll1|clk[0] ; pll_25mhz_inst|altpll_component|auto_generated|pll1|clk[0] ; 0.000        ; 0.492      ; 1.191      ;
; 0.446 ; pic_rgb_gen:pic_rgb_gen_inst|fifo_256x8:fifo_256x8_inst|scfifo:scfifo_component|scfifo_ov21:auto_generated|a_dpfifo_v531:dpfifo|cntr_3ob:wr_ptr|counter_reg_bit[2]       ; pic_rgb_gen:pic_rgb_gen_inst|fifo_256x8:fifo_256x8_inst|scfifo:scfifo_component|scfifo_ov21:auto_generated|a_dpfifo_v531:dpfifo|dpram_4711:FIFOram|altsyncram_q0k1:altsyncram1|ram_block2a0~porta_address_reg0 ; pll_25mhz_inst|altpll_component|auto_generated|pll1|clk[0] ; pll_25mhz_inst|altpll_component|auto_generated|pll1|clk[0] ; 0.000        ; 0.474      ; 1.174      ;
; 0.450 ; pic_rgb_gen:pic_rgb_gen_inst|pi_data[7]                                                                                                                                  ; pic_rgb_gen:pic_rgb_gen_inst|fifo_256x8:fifo_256x8_inst|scfifo:scfifo_component|scfifo_ov21:auto_generated|a_dpfifo_v531:dpfifo|dpram_4711:FIFOram|altsyncram_q0k1:altsyncram1|ram_block2a0~porta_datain_reg0  ; pll_25mhz_inst|altpll_component|auto_generated|pll1|clk[0] ; pll_25mhz_inst|altpll_component|auto_generated|pll1|clk[0] ; 0.000        ; 0.486      ; 1.190      ;
; 0.452 ; vga_ctrl:vga_ctrl_inst|cnt_v[1]                                                                                                                                          ; vga_ctrl:vga_ctrl_inst|cnt_v[1]                                                                                                                                                                                ; pll_25mhz_inst|altpll_component|auto_generated|pll1|clk[0] ; pll_25mhz_inst|altpll_component|auto_generated|pll1|clk[0] ; 0.000        ; 0.082      ; 0.746      ;
; 0.452 ; vga_ctrl:vga_ctrl_inst|cnt_v[2]                                                                                                                                          ; vga_ctrl:vga_ctrl_inst|cnt_v[2]                                                                                                                                                                                ; pll_25mhz_inst|altpll_component|auto_generated|pll1|clk[0] ; pll_25mhz_inst|altpll_component|auto_generated|pll1|clk[0] ; 0.000        ; 0.082      ; 0.746      ;
; 0.452 ; vga_ctrl:vga_ctrl_inst|cnt_v[3]                                                                                                                                          ; vga_ctrl:vga_ctrl_inst|cnt_v[3]                                                                                                                                                                                ; pll_25mhz_inst|altpll_component|auto_generated|pll1|clk[0] ; pll_25mhz_inst|altpll_component|auto_generated|pll1|clk[0] ; 0.000        ; 0.082      ; 0.746      ;
; 0.452 ; vga_ctrl:vga_ctrl_inst|cnt_v[4]                                                                                                                                          ; vga_ctrl:vga_ctrl_inst|cnt_v[4]                                                                                                                                                                                ; pll_25mhz_inst|altpll_component|auto_generated|pll1|clk[0] ; pll_25mhz_inst|altpll_component|auto_generated|pll1|clk[0] ; 0.000        ; 0.082      ; 0.746      ;
; 0.452 ; vga_ctrl:vga_ctrl_inst|cnt_v[9]                                                                                                                                          ; vga_ctrl:vga_ctrl_inst|cnt_v[9]                                                                                                                                                                                ; pll_25mhz_inst|altpll_component|auto_generated|pll1|clk[0] ; pll_25mhz_inst|altpll_component|auto_generated|pll1|clk[0] ; 0.000        ; 0.082      ; 0.746      ;
; 0.452 ; vga_ctrl:vga_ctrl_inst|cnt_v[0]                                                                                                                                          ; vga_ctrl:vga_ctrl_inst|cnt_v[0]                                                                                                                                                                                ; pll_25mhz_inst|altpll_component|auto_generated|pll1|clk[0] ; pll_25mhz_inst|altpll_component|auto_generated|pll1|clk[0] ; 0.000        ; 0.082      ; 0.746      ;
; 0.453 ; vga_ctrl:vga_ctrl_inst|cnt_v[5]                                                                                                                                          ; vga_ctrl:vga_ctrl_inst|cnt_v[5]                                                                                                                                                                                ; pll_25mhz_inst|altpll_component|auto_generated|pll1|clk[0] ; pll_25mhz_inst|altpll_component|auto_generated|pll1|clk[0] ; 0.000        ; 0.081      ; 0.746      ;
; 0.453 ; vga_ctrl:vga_ctrl_inst|cnt_v[6]                                                                                                                                          ; vga_ctrl:vga_ctrl_inst|cnt_v[6]                                                                                                                                                                                ; pll_25mhz_inst|altpll_component|auto_generated|pll1|clk[0] ; pll_25mhz_inst|altpll_component|auto_generated|pll1|clk[0] ; 0.000        ; 0.081      ; 0.746      ;
; 0.453 ; vga_ctrl:vga_ctrl_inst|cnt_v[7]                                                                                                                                          ; vga_ctrl:vga_ctrl_inst|cnt_v[7]                                                                                                                                                                                ; pll_25mhz_inst|altpll_component|auto_generated|pll1|clk[0] ; pll_25mhz_inst|altpll_component|auto_generated|pll1|clk[0] ; 0.000        ; 0.081      ; 0.746      ;
; 0.453 ; vga_ctrl:vga_ctrl_inst|cnt_v[8]                                                                                                                                          ; vga_ctrl:vga_ctrl_inst|cnt_v[8]                                                                                                                                                                                ; pll_25mhz_inst|altpll_component|auto_generated|pll1|clk[0] ; pll_25mhz_inst|altpll_component|auto_generated|pll1|clk[0] ; 0.000        ; 0.081      ; 0.746      ;
; 0.453 ; pic_rgb_gen:pic_rgb_gen_inst|state.IDLE                                                                                                                                  ; pic_rgb_gen:pic_rgb_gen_inst|state.IDLE                                                                                                                                                                        ; pll_25mhz_inst|altpll_component|auto_generated|pll1|clk[0] ; pll_25mhz_inst|altpll_component|auto_generated|pll1|clk[0] ; 0.000        ; 0.081      ; 0.746      ;
; 0.453 ; pic_rgb_gen:pic_rgb_gen_inst|state.GENF                                                                                                                                  ; pic_rgb_gen:pic_rgb_gen_inst|state.GENF                                                                                                                                                                        ; pll_25mhz_inst|altpll_component|auto_generated|pll1|clk[0] ; pll_25mhz_inst|altpll_component|auto_generated|pll1|clk[0] ; 0.000        ; 0.081      ; 0.746      ;
; 0.453 ; pic_rgb_gen:pic_rgb_gen_inst|new_head_y[0]                                                                                                                               ; pic_rgb_gen:pic_rgb_gen_inst|new_head_y[0]                                                                                                                                                                     ; pll_25mhz_inst|altpll_component|auto_generated|pll1|clk[0] ; pll_25mhz_inst|altpll_component|auto_generated|pll1|clk[0] ; 0.000        ; 0.081      ; 0.746      ;
; 0.453 ; pic_rgb_gen:pic_rgb_gen_inst|new_head_x[0]                                                                                                                               ; pic_rgb_gen:pic_rgb_gen_inst|new_head_x[0]                                                                                                                                                                     ; pll_25mhz_inst|altpll_component|auto_generated|pll1|clk[0] ; pll_25mhz_inst|altpll_component|auto_generated|pll1|clk[0] ; 0.000        ; 0.081      ; 0.746      ;
; 0.453 ; pic_rgb_gen:pic_rgb_gen_inst|fifo_256x8:fifo_256x8_inst|scfifo:scfifo_component|scfifo_ov21:auto_generated|a_dpfifo_v531:dpfifo|a_fefifo_18e:fifo_state|b_full           ; pic_rgb_gen:pic_rgb_gen_inst|fifo_256x8:fifo_256x8_inst|scfifo:scfifo_component|scfifo_ov21:auto_generated|a_dpfifo_v531:dpfifo|a_fefifo_18e:fifo_state|b_full                                                 ; pll_25mhz_inst|altpll_component|auto_generated|pll1|clk[0] ; pll_25mhz_inst|altpll_component|auto_generated|pll1|clk[0] ; 0.000        ; 0.081      ; 0.746      ;
; 0.454 ; pic_rgb_gen:pic_rgb_gen_inst|pre_game                                                                                                                                    ; pic_rgb_gen:pic_rgb_gen_inst|pre_game                                                                                                                                                                          ; pll_25mhz_inst|altpll_component|auto_generated|pll1|clk[0] ; pll_25mhz_inst|altpll_component|auto_generated|pll1|clk[0] ; 0.000        ; 0.080      ; 0.746      ;
; 0.454 ; pic_rgb_gen:pic_rgb_gen_inst|death                                                                                                                                       ; pic_rgb_gen:pic_rgb_gen_inst|death                                                                                                                                                                             ; pll_25mhz_inst|altpll_component|auto_generated|pll1|clk[0] ; pll_25mhz_inst|altpll_component|auto_generated|pll1|clk[0] ; 0.000        ; 0.080      ; 0.746      ;
; 0.454 ; pic_rgb_gen:pic_rgb_gen_inst|prbs32_to_8:prbs32_to_8_inst|lfsr_reg[0]                                                                                                    ; pic_rgb_gen:pic_rgb_gen_inst|prbs32_to_8:prbs32_to_8_inst|lfsr_reg[0]                                                                                                                                          ; pll_25mhz_inst|altpll_component|auto_generated|pll1|clk[0] ; pll_25mhz_inst|altpll_component|auto_generated|pll1|clk[0] ; 0.000        ; 0.080      ; 0.746      ;
; 0.455 ; pic_rgb_gen:pic_rgb_gen_inst|pi_data[1]                                                                                                                                  ; pic_rgb_gen:pic_rgb_gen_inst|fifo_256x8:fifo_256x8_inst|scfifo:scfifo_component|scfifo_ov21:auto_generated|a_dpfifo_v531:dpfifo|dpram_4711:FIFOram|altsyncram_q0k1:altsyncram1|ram_block2a0~porta_datain_reg0  ; pll_25mhz_inst|altpll_component|auto_generated|pll1|clk[0] ; pll_25mhz_inst|altpll_component|auto_generated|pll1|clk[0] ; 0.000        ; 0.486      ; 1.195      ;
; 0.466 ; pic_rgb_gen:pic_rgb_gen_inst|cnt_pre_addr[0]                                                                                                                             ; pic_rgb_gen:pic_rgb_gen_inst|cnt_pre_addr[0]                                                                                                                                                                   ; pll_25mhz_inst|altpll_component|auto_generated|pll1|clk[0] ; pll_25mhz_inst|altpll_component|auto_generated|pll1|clk[0] ; 0.000        ; 0.080      ; 0.758      ;
; 0.466 ; pic_rgb_gen:pic_rgb_gen_inst|lfsr_shift                                                                                                                                  ; pic_rgb_gen:pic_rgb_gen_inst|lfsr_shift                                                                                                                                                                        ; pll_25mhz_inst|altpll_component|auto_generated|pll1|clk[0] ; pll_25mhz_inst|altpll_component|auto_generated|pll1|clk[0] ; 0.000        ; 0.080      ; 0.758      ;
; 0.476 ; pic_rgb_gen:pic_rgb_gen_inst|address_b[2]                                                                                                                                ; pic_rgb_gen:pic_rgb_gen_inst|ram_256x2:ram_256x2_inst|altsyncram:altsyncram_component|altsyncram_qbh2:auto_generated|ram_block1a0~portb_address_reg0                                                           ; pll_25mhz_inst|altpll_component|auto_generated|pll1|clk[0] ; pll_25mhz_inst|altpll_component|auto_generated|pll1|clk[0] ; 0.000        ; 0.475      ; 1.205      ;
; 0.480 ; pic_rgb_gen:pic_rgb_gen_inst|address_b[5]                                                                                                                                ; pic_rgb_gen:pic_rgb_gen_inst|ram_256x2:ram_256x2_inst|altsyncram:altsyncram_component|altsyncram_qbh2:auto_generated|ram_block1a0~portb_address_reg0                                                           ; pll_25mhz_inst|altpll_component|auto_generated|pll1|clk[0] ; pll_25mhz_inst|altpll_component|auto_generated|pll1|clk[0] ; 0.000        ; 0.492      ; 1.226      ;
; 0.483 ; pic_rgb_gen:pic_rgb_gen_inst|address_b[3]                                                                                                                                ; pic_rgb_gen:pic_rgb_gen_inst|ram_256x2:ram_256x2_inst|altsyncram:altsyncram_component|altsyncram_qbh2:auto_generated|ram_block1a0~portb_address_reg0                                                           ; pll_25mhz_inst|altpll_component|auto_generated|pll1|clk[0] ; pll_25mhz_inst|altpll_component|auto_generated|pll1|clk[0] ; 0.000        ; 0.475      ; 1.212      ;
; 0.487 ; pic_rgb_gen:pic_rgb_gen_inst|seed[5]                                                                                                                                     ; pic_rgb_gen:pic_rgb_gen_inst|prbs8bit:prbs8bit_inst|lfsr_reg[5]                                                                                                                                                ; pll_25mhz_inst|altpll_component|auto_generated|pll1|clk[0] ; pll_25mhz_inst|altpll_component|auto_generated|pll1|clk[0] ; 0.000        ; 0.081      ; 0.780      ;
; 0.490 ; pic_rgb_gen:pic_rgb_gen_inst|address_b[1]                                                                                                                                ; pic_rgb_gen:pic_rgb_gen_inst|ram_256x2:ram_256x2_inst|altsyncram:altsyncram_component|altsyncram_qbh2:auto_generated|ram_block1a0~portb_address_reg0                                                           ; pll_25mhz_inst|altpll_component|auto_generated|pll1|clk[0] ; pll_25mhz_inst|altpll_component|auto_generated|pll1|clk[0] ; 0.000        ; 0.475      ; 1.219      ;
; 0.491 ; pic_rgb_gen:pic_rgb_gen_inst|fifo_256x8:fifo_256x8_inst|scfifo:scfifo_component|scfifo_ov21:auto_generated|a_dpfifo_v531:dpfifo|cntr_3ob:wr_ptr|counter_reg_bit[3]       ; pic_rgb_gen:pic_rgb_gen_inst|fifo_256x8:fifo_256x8_inst|scfifo:scfifo_component|scfifo_ov21:auto_generated|a_dpfifo_v531:dpfifo|dpram_4711:FIFOram|altsyncram_q0k1:altsyncram1|ram_block2a0~porta_address_reg0 ; pll_25mhz_inst|altpll_component|auto_generated|pll1|clk[0] ; pll_25mhz_inst|altpll_component|auto_generated|pll1|clk[0] ; 0.000        ; 0.474      ; 1.219      ;
; 0.494 ; pic_rgb_gen:pic_rgb_gen_inst|pre_game_dly                                                                                                                                ; pic_rgb_gen:pic_rgb_gen_inst|state.IDLE                                                                                                                                                                        ; pll_25mhz_inst|altpll_component|auto_generated|pll1|clk[0] ; pll_25mhz_inst|altpll_component|auto_generated|pll1|clk[0] ; 0.000        ; 0.081      ; 0.787      ;
; 0.497 ; pic_rgb_gen:pic_rgb_gen_inst|fifo_256x8:fifo_256x8_inst|scfifo:scfifo_component|scfifo_ov21:auto_generated|a_dpfifo_v531:dpfifo|cntr_3ob:wr_ptr|counter_reg_bit[1]       ; pic_rgb_gen:pic_rgb_gen_inst|fifo_256x8:fifo_256x8_inst|scfifo:scfifo_component|scfifo_ov21:auto_generated|a_dpfifo_v531:dpfifo|dpram_4711:FIFOram|altsyncram_q0k1:altsyncram1|ram_block2a0~porta_address_reg0 ; pll_25mhz_inst|altpll_component|auto_generated|pll1|clk[0] ; pll_25mhz_inst|altpll_component|auto_generated|pll1|clk[0] ; 0.000        ; 0.474      ; 1.225      ;
; 0.501 ; pic_rgb_gen:pic_rgb_gen_inst|prbs32_to_8:prbs32_to_8_inst|lfsr_reg[19]                                                                                                   ; pic_rgb_gen:pic_rgb_gen_inst|prbs32_to_8:prbs32_to_8_inst|lfsr_reg[20]                                                                                                                                         ; pll_25mhz_inst|altpll_component|auto_generated|pll1|clk[0] ; pll_25mhz_inst|altpll_component|auto_generated|pll1|clk[0] ; 0.000        ; 0.081      ; 0.794      ;
; 0.503 ; pic_rgb_gen:pic_rgb_gen_inst|prbs32_to_8:prbs32_to_8_inst|lfsr_reg[3]                                                                                                    ; pic_rgb_gen:pic_rgb_gen_inst|prbs32_to_8:prbs32_to_8_inst|lfsr_reg[4]                                                                                                                                          ; pll_25mhz_inst|altpll_component|auto_generated|pll1|clk[0] ; pll_25mhz_inst|altpll_component|auto_generated|pll1|clk[0] ; 0.000        ; 0.080      ; 0.795      ;
; 0.503 ; pic_rgb_gen:pic_rgb_gen_inst|prbs32_to_8:prbs32_to_8_inst|lfsr_reg[28]                                                                                                   ; pic_rgb_gen:pic_rgb_gen_inst|prbs32_to_8:prbs32_to_8_inst|lfsr_reg[29]                                                                                                                                         ; pll_25mhz_inst|altpll_component|auto_generated|pll1|clk[0] ; pll_25mhz_inst|altpll_component|auto_generated|pll1|clk[0] ; 0.000        ; 0.080      ; 0.795      ;
; 0.504 ; pic_rgb_gen:pic_rgb_gen_inst|prbs32_to_8:prbs32_to_8_inst|lfsr_reg[6]                                                                                                    ; pic_rgb_gen:pic_rgb_gen_inst|prbs32_to_8:prbs32_to_8_inst|lfsr_reg[7]                                                                                                                                          ; pll_25mhz_inst|altpll_component|auto_generated|pll1|clk[0] ; pll_25mhz_inst|altpll_component|auto_generated|pll1|clk[0] ; 0.000        ; 0.080      ; 0.796      ;
; 0.509 ; pic_rgb_gen:pic_rgb_gen_inst|fifo_256x8:fifo_256x8_inst|scfifo:scfifo_component|scfifo_ov21:auto_generated|a_dpfifo_v531:dpfifo|cntr_3ob:rd_ptr_count|counter_reg_bit[3] ; pic_rgb_gen:pic_rgb_gen_inst|fifo_256x8:fifo_256x8_inst|scfifo:scfifo_component|scfifo_ov21:auto_generated|a_dpfifo_v531:dpfifo|dpram_4711:FIFOram|altsyncram_q0k1:altsyncram1|ram_block2a0~portb_address_reg0 ; pll_25mhz_inst|altpll_component|auto_generated|pll1|clk[0] ; pll_25mhz_inst|altpll_component|auto_generated|pll1|clk[0] ; 0.000        ; 0.399      ; 1.162      ;
; 0.509 ; pic_rgb_gen:pic_rgb_gen_inst|state.LFSR                                                                                                                                  ; pic_rgb_gen:pic_rgb_gen_inst|lfsr_shift                                                                                                                                                                        ; pll_25mhz_inst|altpll_component|auto_generated|pll1|clk[0] ; pll_25mhz_inst|altpll_component|auto_generated|pll1|clk[0] ; 0.000        ; 0.080      ; 0.801      ;
; 0.511 ; pic_rgb_gen:pic_rgb_gen_inst|prbs32_to_8:prbs32_to_8_inst|lfsr_reg[26]                                                                                                   ; pic_rgb_gen:pic_rgb_gen_inst|seed[0]                                                                                                                                                                           ; pll_25mhz_inst|altpll_component|auto_generated|pll1|clk[0] ; pll_25mhz_inst|altpll_component|auto_generated|pll1|clk[0] ; 0.000        ; 0.080      ; 0.803      ;
; 0.511 ; pic_rgb_gen:pic_rgb_gen_inst|fifo_256x8:fifo_256x8_inst|scfifo:scfifo_component|scfifo_ov21:auto_generated|a_dpfifo_v531:dpfifo|cntr_3ob:rd_ptr_count|counter_reg_bit[1] ; pic_rgb_gen:pic_rgb_gen_inst|fifo_256x8:fifo_256x8_inst|scfifo:scfifo_component|scfifo_ov21:auto_generated|a_dpfifo_v531:dpfifo|dpram_4711:FIFOram|altsyncram_q0k1:altsyncram1|ram_block2a0~portb_address_reg0 ; pll_25mhz_inst|altpll_component|auto_generated|pll1|clk[0] ; pll_25mhz_inst|altpll_component|auto_generated|pll1|clk[0] ; 0.000        ; 0.399      ; 1.164      ;
; 0.511 ; pic_rgb_gen:pic_rgb_gen_inst|fifo_256x8:fifo_256x8_inst|scfifo:scfifo_component|scfifo_ov21:auto_generated|a_dpfifo_v531:dpfifo|cntr_3ob:rd_ptr_count|counter_reg_bit[7] ; pic_rgb_gen:pic_rgb_gen_inst|fifo_256x8:fifo_256x8_inst|scfifo:scfifo_component|scfifo_ov21:auto_generated|a_dpfifo_v531:dpfifo|dpram_4711:FIFOram|altsyncram_q0k1:altsyncram1|ram_block2a0~portb_address_reg0 ; pll_25mhz_inst|altpll_component|auto_generated|pll1|clk[0] ; pll_25mhz_inst|altpll_component|auto_generated|pll1|clk[0] ; 0.000        ; 0.399      ; 1.164      ;
; 0.512 ; pic_rgb_gen:pic_rgb_gen_inst|prbs32_to_8:prbs32_to_8_inst|lfsr_reg[2]                                                                                                    ; pic_rgb_gen:pic_rgb_gen_inst|prbs32_to_8:prbs32_to_8_inst|lfsr_reg[0]                                                                                                                                          ; pll_25mhz_inst|altpll_component|auto_generated|pll1|clk[0] ; pll_25mhz_inst|altpll_component|auto_generated|pll1|clk[0] ; 0.000        ; 0.080      ; 0.804      ;
; 0.513 ; pic_rgb_gen:pic_rgb_gen_inst|fifo_256x8:fifo_256x8_inst|scfifo:scfifo_component|scfifo_ov21:auto_generated|a_dpfifo_v531:dpfifo|cntr_3ob:rd_ptr_count|counter_reg_bit[5] ; pic_rgb_gen:pic_rgb_gen_inst|fifo_256x8:fifo_256x8_inst|scfifo:scfifo_component|scfifo_ov21:auto_generated|a_dpfifo_v531:dpfifo|dpram_4711:FIFOram|altsyncram_q0k1:altsyncram1|ram_block2a0~portb_address_reg0 ; pll_25mhz_inst|altpll_component|auto_generated|pll1|clk[0] ; pll_25mhz_inst|altpll_component|auto_generated|pll1|clk[0] ; 0.000        ; 0.399      ; 1.166      ;
; 0.518 ; pic_rgb_gen:pic_rgb_gen_inst|fifo_256x8:fifo_256x8_inst|scfifo:scfifo_component|scfifo_ov21:auto_generated|a_dpfifo_v531:dpfifo|cntr_3ob:rd_ptr_count|counter_reg_bit[6] ; pic_rgb_gen:pic_rgb_gen_inst|fifo_256x8:fifo_256x8_inst|scfifo:scfifo_component|scfifo_ov21:auto_generated|a_dpfifo_v531:dpfifo|dpram_4711:FIFOram|altsyncram_q0k1:altsyncram1|ram_block2a0~portb_address_reg0 ; pll_25mhz_inst|altpll_component|auto_generated|pll1|clk[0] ; pll_25mhz_inst|altpll_component|auto_generated|pll1|clk[0] ; 0.000        ; 0.399      ; 1.171      ;
; 0.521 ; pic_rgb_gen:pic_rgb_gen_inst|prbs32_to_8:prbs32_to_8_inst|lfsr_reg[1]                                                                                                    ; pic_rgb_gen:pic_rgb_gen_inst|seed[2]                                                                                                                                                                           ; pll_25mhz_inst|altpll_component|auto_generated|pll1|clk[0] ; pll_25mhz_inst|altpll_component|auto_generated|pll1|clk[0] ; 0.000        ; 0.080      ; 0.813      ;
; 0.525 ; pic_rgb_gen:pic_rgb_gen_inst|game_tick_dly2                                                                                                                              ; pic_rgb_gen:pic_rgb_gen_inst|pi_en                                                                                                                                                                             ; pll_25mhz_inst|altpll_component|auto_generated|pll1|clk[0] ; pll_25mhz_inst|altpll_component|auto_generated|pll1|clk[0] ; 0.000        ; 0.081      ; 0.818      ;
; 0.527 ; pic_rgb_gen:pic_rgb_gen_inst|prbs8bit:prbs8bit_inst|lfsr_reg[5]                                                                                                          ; pic_rgb_gen:pic_rgb_gen_inst|prbs8bit:prbs8bit_inst|lfsr_reg[6]                                                                                                                                                ; pll_25mhz_inst|altpll_component|auto_generated|pll1|clk[0] ; pll_25mhz_inst|altpll_component|auto_generated|pll1|clk[0] ; 0.000        ; 0.081      ; 0.820      ;
; 0.527 ; pic_rgb_gen:pic_rgb_gen_inst|fifo_256x8:fifo_256x8_inst|scfifo:scfifo_component|scfifo_ov21:auto_generated|a_dpfifo_v531:dpfifo|cntr_3ob:wr_ptr|counter_reg_bit[5]       ; pic_rgb_gen:pic_rgb_gen_inst|fifo_256x8:fifo_256x8_inst|scfifo:scfifo_component|scfifo_ov21:auto_generated|a_dpfifo_v531:dpfifo|dpram_4711:FIFOram|altsyncram_q0k1:altsyncram1|ram_block2a0~porta_address_reg0 ; pll_25mhz_inst|altpll_component|auto_generated|pll1|clk[0] ; pll_25mhz_inst|altpll_component|auto_generated|pll1|clk[0] ; 0.000        ; 0.474      ; 1.255      ;
; 0.530 ; pic_rgb_gen:pic_rgb_gen_inst|prbs32_to_8:prbs32_to_8_inst|lfsr_reg[5]                                                                                                    ; pic_rgb_gen:pic_rgb_gen_inst|prbs32_to_8:prbs32_to_8_inst|lfsr_reg[6]                                                                                                                                          ; pll_25mhz_inst|altpll_component|auto_generated|pll1|clk[0] ; pll_25mhz_inst|altpll_component|auto_generated|pll1|clk[0] ; 0.000        ; 0.080      ; 0.822      ;
; 0.534 ; pic_rgb_gen:pic_rgb_gen_inst|prbs8bit:prbs8bit_inst|lfsr_reg[3]                                                                                                          ; pic_rgb_gen:pic_rgb_gen_inst|prbs8bit:prbs8bit_inst|lfsr_reg[4]                                                                                                                                                ; pll_25mhz_inst|altpll_component|auto_generated|pll1|clk[0] ; pll_25mhz_inst|altpll_component|auto_generated|pll1|clk[0] ; 0.000        ; 0.081      ; 0.827      ;
; 0.536 ; pic_rgb_gen:pic_rgb_gen_inst|game_tick_dly5                                                                                                                              ; pic_rgb_gen:pic_rgb_gen_inst|po_en                                                                                                                                                                             ; pll_25mhz_inst|altpll_component|auto_generated|pll1|clk[0] ; pll_25mhz_inst|altpll_component|auto_generated|pll1|clk[0] ; 0.000        ; 0.080      ; 0.828      ;
; 0.539 ; pic_rgb_gen:pic_rgb_gen_inst|fifo_256x8:fifo_256x8_inst|scfifo:scfifo_component|scfifo_ov21:auto_generated|a_dpfifo_v531:dpfifo|cntr_3ob:rd_ptr_count|counter_reg_bit[0] ; pic_rgb_gen:pic_rgb_gen_inst|fifo_256x8:fifo_256x8_inst|scfifo:scfifo_component|scfifo_ov21:auto_generated|a_dpfifo_v531:dpfifo|dpram_4711:FIFOram|altsyncram_q0k1:altsyncram1|ram_block2a0~portb_address_reg0 ; pll_25mhz_inst|altpll_component|auto_generated|pll1|clk[0] ; pll_25mhz_inst|altpll_component|auto_generated|pll1|clk[0] ; 0.000        ; 0.399      ; 1.192      ;
; 0.554 ; pic_rgb_gen:pic_rgb_gen_inst|fifo_256x8:fifo_256x8_inst|scfifo:scfifo_component|scfifo_ov21:auto_generated|a_dpfifo_v531:dpfifo|cntr_3ob:rd_ptr_count|counter_reg_bit[4] ; pic_rgb_gen:pic_rgb_gen_inst|fifo_256x8:fifo_256x8_inst|scfifo:scfifo_component|scfifo_ov21:auto_generated|a_dpfifo_v531:dpfifo|dpram_4711:FIFOram|altsyncram_q0k1:altsyncram1|ram_block2a0~portb_address_reg0 ; pll_25mhz_inst|altpll_component|auto_generated|pll1|clk[0] ; pll_25mhz_inst|altpll_component|auto_generated|pll1|clk[0] ; 0.000        ; 0.399      ; 1.207      ;
; 0.625 ; pic_rgb_gen:pic_rgb_gen_inst|prbs32_to_8:prbs32_to_8_inst|lfsr_reg[4]                                                                                                    ; pic_rgb_gen:pic_rgb_gen_inst|prbs32_to_8:prbs32_to_8_inst|lfsr_reg[5]                                                                                                                                          ; pll_25mhz_inst|altpll_component|auto_generated|pll1|clk[0] ; pll_25mhz_inst|altpll_component|auto_generated|pll1|clk[0] ; 0.000        ; 0.080      ; 0.917      ;
; 0.626 ; pic_rgb_gen:pic_rgb_gen_inst|prbs32_to_8:prbs32_to_8_inst|lfsr_reg[10]                                                                                                   ; pic_rgb_gen:pic_rgb_gen_inst|prbs32_to_8:prbs32_to_8_inst|lfsr_reg[11]                                                                                                                                         ; pll_25mhz_inst|altpll_component|auto_generated|pll1|clk[0] ; pll_25mhz_inst|altpll_component|auto_generated|pll1|clk[0] ; 0.000        ; 0.080      ; 0.918      ;
; 0.626 ; pic_rgb_gen:pic_rgb_gen_inst|prbs32_to_8:prbs32_to_8_inst|lfsr_reg[30]                                                                                                   ; pic_rgb_gen:pic_rgb_gen_inst|seed[3]                                                                                                                                                                           ; pll_25mhz_inst|altpll_component|auto_generated|pll1|clk[0] ; pll_25mhz_inst|altpll_component|auto_generated|pll1|clk[0] ; 0.000        ; 0.080      ; 0.918      ;
; 0.627 ; pic_rgb_gen:pic_rgb_gen_inst|prbs32_to_8:prbs32_to_8_inst|lfsr_reg[25]                                                                                                   ; pic_rgb_gen:pic_rgb_gen_inst|prbs32_to_8:prbs32_to_8_inst|lfsr_reg[26]                                                                                                                                         ; pll_25mhz_inst|altpll_component|auto_generated|pll1|clk[0] ; pll_25mhz_inst|altpll_component|auto_generated|pll1|clk[0] ; 0.000        ; 0.080      ; 0.919      ;
; 0.628 ; pic_rgb_gen:pic_rgb_gen_inst|prbs32_to_8:prbs32_to_8_inst|lfsr_reg[0]                                                                                                    ; pic_rgb_gen:pic_rgb_gen_inst|prbs32_to_8:prbs32_to_8_inst|lfsr_reg[1]                                                                                                                                          ; pll_25mhz_inst|altpll_component|auto_generated|pll1|clk[0] ; pll_25mhz_inst|altpll_component|auto_generated|pll1|clk[0] ; 0.000        ; 0.080      ; 0.920      ;
; 0.633 ; pic_rgb_gen:pic_rgb_gen_inst|address_a[4]                                                                                                                                ; pic_rgb_gen:pic_rgb_gen_inst|ram_256x2:ram_256x2_inst|altsyncram:altsyncram_component|altsyncram_qbh2:auto_generated|ram_block1a0~porta_address_reg0                                                           ; pll_25mhz_inst|altpll_component|auto_generated|pll1|clk[0] ; pll_25mhz_inst|altpll_component|auto_generated|pll1|clk[0] ; 0.000        ; 0.498      ; 1.385      ;
; 0.633 ; pic_rgb_gen:pic_rgb_gen_inst|prbs32_to_8:prbs32_to_8_inst|lfsr_reg[14]                                                                                                   ; pic_rgb_gen:pic_rgb_gen_inst|prbs32_to_8:prbs32_to_8_inst|lfsr_reg[15]                                                                                                                                         ; pll_25mhz_inst|altpll_component|auto_generated|pll1|clk[0] ; pll_25mhz_inst|altpll_component|auto_generated|pll1|clk[0] ; 0.000        ; 0.080      ; 0.925      ;
; 0.636 ; pic_rgb_gen:pic_rgb_gen_inst|prbs32_to_8:prbs32_to_8_inst|lfsr_reg[23]                                                                                                   ; pic_rgb_gen:pic_rgb_gen_inst|prbs32_to_8:prbs32_to_8_inst|lfsr_reg[24]                                                                                                                                         ; pll_25mhz_inst|altpll_component|auto_generated|pll1|clk[0] ; pll_25mhz_inst|altpll_component|auto_generated|pll1|clk[0] ; 0.000        ; 0.080      ; 0.928      ;
; 0.637 ; pic_rgb_gen:pic_rgb_gen_inst|fruit                                                                                                                                       ; pic_rgb_gen:pic_rgb_gen_inst|po_en                                                                                                                                                                             ; pll_25mhz_inst|altpll_component|auto_generated|pll1|clk[0] ; pll_25mhz_inst|altpll_component|auto_generated|pll1|clk[0] ; 0.000        ; 0.080      ; 0.929      ;
; 0.641 ; pic_rgb_gen:pic_rgb_gen_inst|seed[6]                                                                                                                                     ; pic_rgb_gen:pic_rgb_gen_inst|prbs8bit:prbs8bit_inst|lfsr_reg[6]                                                                                                                                                ; pll_25mhz_inst|altpll_component|auto_generated|pll1|clk[0] ; pll_25mhz_inst|altpll_component|auto_generated|pll1|clk[0] ; 0.000        ; 0.081      ; 0.934      ;
; 0.641 ; pic_rgb_gen:pic_rgb_gen_inst|seed[4]                                                                                                                                     ; pic_rgb_gen:pic_rgb_gen_inst|prbs8bit:prbs8bit_inst|lfsr_reg[4]                                                                                                                                                ; pll_25mhz_inst|altpll_component|auto_generated|pll1|clk[0] ; pll_25mhz_inst|altpll_component|auto_generated|pll1|clk[0] ; 0.000        ; 0.081      ; 0.934      ;
; 0.647 ; pic_rgb_gen:pic_rgb_gen_inst|address_a[6]                                                                                                                                ; pic_rgb_gen:pic_rgb_gen_inst|ram_256x2:ram_256x2_inst|altsyncram:altsyncram_component|altsyncram_qbh2:auto_generated|ram_block1a0~porta_address_reg0                                                           ; pll_25mhz_inst|altpll_component|auto_generated|pll1|clk[0] ; pll_25mhz_inst|altpll_component|auto_generated|pll1|clk[0] ; 0.000        ; 0.498      ; 1.399      ;
; 0.653 ; pic_rgb_gen:pic_rgb_gen_inst|fruit                                                                                                                                       ; pic_rgb_gen:pic_rgb_gen_inst|fruit_req                                                                                                                                                                         ; pll_25mhz_inst|altpll_component|auto_generated|pll1|clk[0] ; pll_25mhz_inst|altpll_component|auto_generated|pll1|clk[0] ; 0.000        ; 0.080      ; 0.945      ;
; 0.675 ; pic_rgb_gen:pic_rgb_gen_inst|address_a[2]                                                                                                                                ; pic_rgb_gen:pic_rgb_gen_inst|ram_256x2:ram_256x2_inst|altsyncram:altsyncram_component|altsyncram_qbh2:auto_generated|ram_block1a0~porta_address_reg0                                                           ; pll_25mhz_inst|altpll_component|auto_generated|pll1|clk[0] ; pll_25mhz_inst|altpll_component|auto_generated|pll1|clk[0] ; 0.000        ; 0.498      ; 1.427      ;
; 0.675 ; pic_rgb_gen:pic_rgb_gen_inst|address_a[7]                                                                                                                                ; pic_rgb_gen:pic_rgb_gen_inst|ram_256x2:ram_256x2_inst|altsyncram:altsyncram_component|altsyncram_qbh2:auto_generated|ram_block1a0~porta_address_reg0                                                           ; pll_25mhz_inst|altpll_component|auto_generated|pll1|clk[0] ; pll_25mhz_inst|altpll_component|auto_generated|pll1|clk[0] ; 0.000        ; 0.498      ; 1.427      ;
; 0.681 ; pic_rgb_gen:pic_rgb_gen_inst|address_a[1]                                                                                                                                ; pic_rgb_gen:pic_rgb_gen_inst|ram_256x2:ram_256x2_inst|altsyncram:altsyncram_component|altsyncram_qbh2:auto_generated|ram_block1a0~porta_address_reg0                                                           ; pll_25mhz_inst|altpll_component|auto_generated|pll1|clk[0] ; pll_25mhz_inst|altpll_component|auto_generated|pll1|clk[0] ; 0.000        ; 0.498      ; 1.433      ;
; 0.683 ; pic_rgb_gen:pic_rgb_gen_inst|address_a[5]                                                                                                                                ; pic_rgb_gen:pic_rgb_gen_inst|ram_256x2:ram_256x2_inst|altsyncram:altsyncram_component|altsyncram_qbh2:auto_generated|ram_block1a0~porta_address_reg0                                                           ; pll_25mhz_inst|altpll_component|auto_generated|pll1|clk[0] ; pll_25mhz_inst|altpll_component|auto_generated|pll1|clk[0] ; 0.000        ; 0.498      ; 1.435      ;
; 0.686 ; pic_rgb_gen:pic_rgb_gen_inst|game_tick_dly4                                                                                                                              ; pic_rgb_gen:pic_rgb_gen_inst|fruit                                                                                                                                                                             ; pll_25mhz_inst|altpll_component|auto_generated|pll1|clk[0] ; pll_25mhz_inst|altpll_component|auto_generated|pll1|clk[0] ; 0.000        ; 0.080      ; 0.978      ;
; 0.688 ; pic_rgb_gen:pic_rgb_gen_inst|state.IDLE                                                                                                                                  ; pic_rgb_gen:pic_rgb_gen_inst|state.TICK                                                                                                                                                                        ; pll_25mhz_inst|altpll_component|auto_generated|pll1|clk[0] ; pll_25mhz_inst|altpll_component|auto_generated|pll1|clk[0] ; 0.000        ; 0.081      ; 0.981      ;
; 0.690 ; pic_rgb_gen:pic_rgb_gen_inst|new_head_y[3]                                                                                                                               ; pic_rgb_gen:pic_rgb_gen_inst|new_head_y[3]                                                                                                                                                                     ; pll_25mhz_inst|altpll_component|auto_generated|pll1|clk[0] ; pll_25mhz_inst|altpll_component|auto_generated|pll1|clk[0] ; 0.000        ; 0.080      ; 0.982      ;
; 0.695 ; pic_rgb_gen:pic_rgb_gen_inst|prbs32_to_8:prbs32_to_8_inst|lfsr_reg[22]                                                                                                   ; pic_rgb_gen:pic_rgb_gen_inst|prbs32_to_8:prbs32_to_8_inst|lfsr_reg[23]                                                                                                                                         ; pll_25mhz_inst|altpll_component|auto_generated|pll1|clk[0] ; pll_25mhz_inst|altpll_component|auto_generated|pll1|clk[0] ; 0.000        ; 0.081      ; 0.988      ;
; 0.698 ; pic_rgb_gen:pic_rgb_gen_inst|lfsr_shift_dly1                                                                                                                             ; pic_rgb_gen:pic_rgb_gen_inst|lfsr_shift_dly2                                                                                                                                                                   ; pll_25mhz_inst|altpll_component|auto_generated|pll1|clk[0] ; pll_25mhz_inst|altpll_component|auto_generated|pll1|clk[0] ; 0.000        ; 0.080      ; 0.990      ;
; 0.700 ; pic_rgb_gen:pic_rgb_gen_inst|prbs32_to_8:prbs32_to_8_inst|lfsr_reg[7]                                                                                                    ; pic_rgb_gen:pic_rgb_gen_inst|prbs32_to_8:prbs32_to_8_inst|lfsr_reg[8]                                                                                                                                          ; pll_25mhz_inst|altpll_component|auto_generated|pll1|clk[0] ; pll_25mhz_inst|altpll_component|auto_generated|pll1|clk[0] ; 0.000        ; 0.080      ; 0.992      ;
; 0.700 ; pic_rgb_gen:pic_rgb_gen_inst|prbs32_to_8:prbs32_to_8_inst|lfsr_reg[27]                                                                                                   ; pic_rgb_gen:pic_rgb_gen_inst|prbs32_to_8:prbs32_to_8_inst|lfsr_reg[28]                                                                                                                                         ; pll_25mhz_inst|altpll_component|auto_generated|pll1|clk[0] ; pll_25mhz_inst|altpll_component|auto_generated|pll1|clk[0] ; 0.000        ; 0.080      ; 0.992      ;
; 0.701 ; pic_rgb_gen:pic_rgb_gen_inst|prbs32_to_8:prbs32_to_8_inst|lfsr_reg[15]                                                                                                   ; pic_rgb_gen:pic_rgb_gen_inst|prbs32_to_8:prbs32_to_8_inst|lfsr_reg[16]                                                                                                                                         ; pll_25mhz_inst|altpll_component|auto_generated|pll1|clk[0] ; pll_25mhz_inst|altpll_component|auto_generated|pll1|clk[0] ; 0.000        ; 0.080      ; 0.993      ;
; 0.705 ; pic_rgb_gen:pic_rgb_gen_inst|address_a[3]                                                                                                                                ; pic_rgb_gen:pic_rgb_gen_inst|ram_256x2:ram_256x2_inst|altsyncram:altsyncram_component|altsyncram_qbh2:auto_generated|ram_block1a0~porta_address_reg0                                                           ; pll_25mhz_inst|altpll_component|auto_generated|pll1|clk[0] ; pll_25mhz_inst|altpll_component|auto_generated|pll1|clk[0] ; 0.000        ; 0.498      ; 1.457      ;
; 0.705 ; pic_rgb_gen:pic_rgb_gen_inst|new_head_x[2]                                                                                                                               ; pic_rgb_gen:pic_rgb_gen_inst|address_a[2]                                                                                                                                                                      ; pll_25mhz_inst|altpll_component|auto_generated|pll1|clk[0] ; pll_25mhz_inst|altpll_component|auto_generated|pll1|clk[0] ; 0.000        ; 0.082      ; 0.999      ;
; 0.707 ; pic_rgb_gen:pic_rgb_gen_inst|prbs32_to_8:prbs32_to_8_inst|lfsr_reg[14]                                                                                                   ; pic_rgb_gen:pic_rgb_gen_inst|seed[1]                                                                                                                                                                           ; pll_25mhz_inst|altpll_component|auto_generated|pll1|clk[0] ; pll_25mhz_inst|altpll_component|auto_generated|pll1|clk[0] ; 0.000        ; 0.080      ; 0.999      ;
; 0.708 ; pic_rgb_gen:pic_rgb_gen_inst|state.IDLE                                                                                                                                  ; pic_rgb_gen:pic_rgb_gen_inst|wr_data_a[1]                                                                                                                                                                      ; pll_25mhz_inst|altpll_component|auto_generated|pll1|clk[0] ; pll_25mhz_inst|altpll_component|auto_generated|pll1|clk[0] ; 0.000        ; 0.081      ; 1.001      ;
; 0.710 ; pic_rgb_gen:pic_rgb_gen_inst|prbs32_to_8:prbs32_to_8_inst|lfsr_reg[23]                                                                                                   ; pic_rgb_gen:pic_rgb_gen_inst|seed[7]                                                                                                                                                                           ; pll_25mhz_inst|altpll_component|auto_generated|pll1|clk[0] ; pll_25mhz_inst|altpll_component|auto_generated|pll1|clk[0] ; 0.000        ; 0.080      ; 1.002      ;
; 0.735 ; pic_rgb_gen:pic_rgb_gen_inst|pre_game                                                                                                                                    ; pic_rgb_gen:pic_rgb_gen_inst|pre_game_dly                                                                                                                                                                      ; pll_25mhz_inst|altpll_component|auto_generated|pll1|clk[0] ; pll_25mhz_inst|altpll_component|auto_generated|pll1|clk[0] ; 0.000        ; 0.081      ; 1.028      ;
; 0.742 ; pic_rgb_gen:pic_rgb_gen_inst|state.TICK                                                                                                                                  ; pic_rgb_gen:pic_rgb_gen_inst|pi_en                                                                                                                                                                             ; pll_25mhz_inst|altpll_component|auto_generated|pll1|clk[0] ; pll_25mhz_inst|altpll_component|auto_generated|pll1|clk[0] ; 0.000        ; 0.081      ; 1.035      ;
; 0.743 ; pic_rgb_gen:pic_rgb_gen_inst|game_tick_dly4                                                                                                                              ; pic_rgb_gen:pic_rgb_gen_inst|game_tick_dly5                                                                                                                                                                    ; pll_25mhz_inst|altpll_component|auto_generated|pll1|clk[0] ; pll_25mhz_inst|altpll_component|auto_generated|pll1|clk[0] ; 0.000        ; 0.080      ; 1.035      ;
; 0.743 ; pic_rgb_gen:pic_rgb_gen_inst|state.TICK                                                                                                                                  ; pic_rgb_gen:pic_rgb_gen_inst|wr_en_a                                                                                                                                                                           ; pll_25mhz_inst|altpll_component|auto_generated|pll1|clk[0] ; pll_25mhz_inst|altpll_component|auto_generated|pll1|clk[0] ; 0.000        ; 0.081      ; 1.036      ;
; 0.745 ; pic_rgb_gen:pic_rgb_gen_inst|cnt_tick[1]                                                                                                                                 ; pic_rgb_gen:pic_rgb_gen_inst|cnt_tick[1]                                                                                                                                                                       ; pll_25mhz_inst|altpll_component|auto_generated|pll1|clk[0] ; pll_25mhz_inst|altpll_component|auto_generated|pll1|clk[0] ; 0.000        ; 0.080      ; 1.037      ;
; 0.745 ; pic_rgb_gen:pic_rgb_gen_inst|cnt_tick[8]                                                                                                                                 ; pic_rgb_gen:pic_rgb_gen_inst|cnt_tick[8]                                                                                                                                                                       ; pll_25mhz_inst|altpll_component|auto_generated|pll1|clk[0] ; pll_25mhz_inst|altpll_component|auto_generated|pll1|clk[0] ; 0.000        ; 0.080      ; 1.037      ;
; 0.745 ; pic_rgb_gen:pic_rgb_gen_inst|cnt_tick[9]                                                                                                                                 ; pic_rgb_gen:pic_rgb_gen_inst|cnt_tick[9]                                                                                                                                                                       ; pll_25mhz_inst|altpll_component|auto_generated|pll1|clk[0] ; pll_25mhz_inst|altpll_component|auto_generated|pll1|clk[0] ; 0.000        ; 0.080      ; 1.037      ;
; 0.745 ; pic_rgb_gen:pic_rgb_gen_inst|cnt_tick[10]                                                                                                                                ; pic_rgb_gen:pic_rgb_gen_inst|cnt_tick[10]                                                                                                                                                                      ; pll_25mhz_inst|altpll_component|auto_generated|pll1|clk[0] ; pll_25mhz_inst|altpll_component|auto_generated|pll1|clk[0] ; 0.000        ; 0.080      ; 1.037      ;
; 0.745 ; pic_rgb_gen:pic_rgb_gen_inst|cnt_tick[13]                                                                                                                                ; pic_rgb_gen:pic_rgb_gen_inst|cnt_tick[13]                                                                                                                                                                      ; pll_25mhz_inst|altpll_component|auto_generated|pll1|clk[0] ; pll_25mhz_inst|altpll_component|auto_generated|pll1|clk[0] ; 0.000        ; 0.080      ; 1.037      ;
+-------+--------------------------------------------------------------------------------------------------------------------------------------------------------------------------+----------------------------------------------------------------------------------------------------------------------------------------------------------------------------------------------------------------+------------------------------------------------------------+------------------------------------------------------------+--------------+------------+------------+


+-------------------------------------------------------------------------------------------------------------------------------------------------------------------------------------------------------------------------------------------------------------------------------------------------------------------------------------------+
; Slow 1200mV 85C Model Hold: 'sys_clk'                                                                                                                                                                                                                                                                                                     ;
+-------+------------------------------------------------------------------------------------------------------------------------------+------------------------------------------------------------------------------------------------------------------------------+--------------+-------------+--------------+------------+------------+
; Slack ; From Node                                                                                                                    ; To Node                                                                                                                      ; Launch Clock ; Latch Clock ; Relationship ; Clock Skew ; Data Delay ;
+-------+------------------------------------------------------------------------------------------------------------------------------+------------------------------------------------------------------------------------------------------------------------------+--------------+-------------+--------------+------------+------------+
; 0.452 ; inf_rcv:inf_rcv_inst|seg_595_dynamic:seg_595_dynamic_inst|hc595_ctrl:hc595_ctrl_inst|cnt_bit[0]                              ; inf_rcv:inf_rcv_inst|seg_595_dynamic:seg_595_dynamic_inst|hc595_ctrl:hc595_ctrl_inst|cnt_bit[0]                              ; sys_clk      ; sys_clk     ; 0.000        ; 0.082      ; 0.746      ;
; 0.452 ; inf_rcv:inf_rcv_inst|seg_595_dynamic:seg_595_dynamic_inst|hc595_ctrl:hc595_ctrl_inst|cnt_bit[1]                              ; inf_rcv:inf_rcv_inst|seg_595_dynamic:seg_595_dynamic_inst|hc595_ctrl:hc595_ctrl_inst|cnt_bit[1]                              ; sys_clk      ; sys_clk     ; 0.000        ; 0.082      ; 0.746      ;
; 0.452 ; inf_rcv:inf_rcv_inst|seg_595_dynamic:seg_595_dynamic_inst|hc595_ctrl:hc595_ctrl_inst|cnt_bit[3]                              ; inf_rcv:inf_rcv_inst|seg_595_dynamic:seg_595_dynamic_inst|hc595_ctrl:hc595_ctrl_inst|cnt_bit[3]                              ; sys_clk      ; sys_clk     ; 0.000        ; 0.082      ; 0.746      ;
; 0.452 ; inf_rcv:inf_rcv_inst|seg_595_dynamic:seg_595_dynamic_inst|hc595_ctrl:hc595_ctrl_inst|cnt_bit[2]                              ; inf_rcv:inf_rcv_inst|seg_595_dynamic:seg_595_dynamic_inst|hc595_ctrl:hc595_ctrl_inst|cnt_bit[2]                              ; sys_clk      ; sys_clk     ; 0.000        ; 0.082      ; 0.746      ;
; 0.452 ; inf_rcv:inf_rcv_inst|seg_595_dynamic:seg_595_dynamic_inst|seg_dynamic:seg_dynamic_inst|bcd_8421:bcd_8421_inst|data_shift[26] ; inf_rcv:inf_rcv_inst|seg_595_dynamic:seg_595_dynamic_inst|seg_dynamic:seg_dynamic_inst|bcd_8421:bcd_8421_inst|data_shift[26] ; sys_clk      ; sys_clk     ; 0.000        ; 0.082      ; 0.746      ;
; 0.452 ; inf_rcv:inf_rcv_inst|seg_595_dynamic:seg_595_dynamic_inst|seg_dynamic:seg_dynamic_inst|bcd_8421:bcd_8421_inst|data_shift[27] ; inf_rcv:inf_rcv_inst|seg_595_dynamic:seg_595_dynamic_inst|seg_dynamic:seg_dynamic_inst|bcd_8421:bcd_8421_inst|data_shift[27] ; sys_clk      ; sys_clk     ; 0.000        ; 0.082      ; 0.746      ;
; 0.452 ; inf_rcv:inf_rcv_inst|seg_595_dynamic:seg_595_dynamic_inst|seg_dynamic:seg_dynamic_inst|bcd_8421:bcd_8421_inst|data_shift[30] ; inf_rcv:inf_rcv_inst|seg_595_dynamic:seg_595_dynamic_inst|seg_dynamic:seg_dynamic_inst|bcd_8421:bcd_8421_inst|data_shift[30] ; sys_clk      ; sys_clk     ; 0.000        ; 0.082      ; 0.746      ;
; 0.452 ; inf_rcv:inf_rcv_inst|seg_595_dynamic:seg_595_dynamic_inst|seg_dynamic:seg_dynamic_inst|bcd_8421:bcd_8421_inst|data_shift[29] ; inf_rcv:inf_rcv_inst|seg_595_dynamic:seg_595_dynamic_inst|seg_dynamic:seg_dynamic_inst|bcd_8421:bcd_8421_inst|data_shift[29] ; sys_clk      ; sys_clk     ; 0.000        ; 0.082      ; 0.746      ;
; 0.452 ; inf_rcv:inf_rcv_inst|seg_595_dynamic:seg_595_dynamic_inst|seg_dynamic:seg_dynamic_inst|bcd_8421:bcd_8421_inst|data_shift[31] ; inf_rcv:inf_rcv_inst|seg_595_dynamic:seg_595_dynamic_inst|seg_dynamic:seg_dynamic_inst|bcd_8421:bcd_8421_inst|data_shift[31] ; sys_clk      ; sys_clk     ; 0.000        ; 0.082      ; 0.746      ;
; 0.452 ; inf_rcv:inf_rcv_inst|seg_595_dynamic:seg_595_dynamic_inst|seg_dynamic:seg_dynamic_inst|bcd_8421:bcd_8421_inst|data_shift[37] ; inf_rcv:inf_rcv_inst|seg_595_dynamic:seg_595_dynamic_inst|seg_dynamic:seg_dynamic_inst|bcd_8421:bcd_8421_inst|data_shift[37] ; sys_clk      ; sys_clk     ; 0.000        ; 0.082      ; 0.746      ;
; 0.452 ; inf_rcv:inf_rcv_inst|seg_595_dynamic:seg_595_dynamic_inst|seg_dynamic:seg_dynamic_inst|bcd_8421:bcd_8421_inst|data_shift[43] ; inf_rcv:inf_rcv_inst|seg_595_dynamic:seg_595_dynamic_inst|seg_dynamic:seg_dynamic_inst|bcd_8421:bcd_8421_inst|data_shift[43] ; sys_clk      ; sys_clk     ; 0.000        ; 0.082      ; 0.746      ;
; 0.452 ; inf_rcv:inf_rcv_inst|seg_595_dynamic:seg_595_dynamic_inst|seg_dynamic:seg_dynamic_inst|bcd_8421:bcd_8421_inst|data_shift[41] ; inf_rcv:inf_rcv_inst|seg_595_dynamic:seg_595_dynamic_inst|seg_dynamic:seg_dynamic_inst|bcd_8421:bcd_8421_inst|data_shift[41] ; sys_clk      ; sys_clk     ; 0.000        ; 0.082      ; 0.746      ;
; 0.452 ; inf_rcv:inf_rcv_inst|seg_595_dynamic:seg_595_dynamic_inst|seg_dynamic:seg_dynamic_inst|bcd_8421:bcd_8421_inst|data_shift[42] ; inf_rcv:inf_rcv_inst|seg_595_dynamic:seg_595_dynamic_inst|seg_dynamic:seg_dynamic_inst|bcd_8421:bcd_8421_inst|data_shift[42] ; sys_clk      ; sys_clk     ; 0.000        ; 0.082      ; 0.746      ;
; 0.452 ; inf_rcv:inf_rcv_inst|seg_595_dynamic:seg_595_dynamic_inst|hc595_ctrl:hc595_ctrl_inst|ds                                      ; inf_rcv:inf_rcv_inst|seg_595_dynamic:seg_595_dynamic_inst|hc595_ctrl:hc595_ctrl_inst|ds                                      ; sys_clk      ; sys_clk     ; 0.000        ; 0.082      ; 0.746      ;
; 0.453 ; inf_rcv:inf_rcv_inst|inf_rcv_decoder:inf_rcv_decoder_inst|cnt_data_bit[0]                                                    ; inf_rcv:inf_rcv_inst|inf_rcv_decoder:inf_rcv_decoder_inst|cnt_data_bit[0]                                                    ; sys_clk      ; sys_clk     ; 0.000        ; 0.081      ; 0.746      ;
; 0.453 ; inf_rcv:inf_rcv_inst|inf_rcv_decoder:inf_rcv_decoder_inst|cnt_data_bit[1]                                                    ; inf_rcv:inf_rcv_inst|inf_rcv_decoder:inf_rcv_decoder_inst|cnt_data_bit[1]                                                    ; sys_clk      ; sys_clk     ; 0.000        ; 0.081      ; 0.746      ;
; 0.453 ; inf_rcv:inf_rcv_inst|inf_rcv_decoder:inf_rcv_decoder_inst|cnt_data_bit[2]                                                    ; inf_rcv:inf_rcv_inst|inf_rcv_decoder:inf_rcv_decoder_inst|cnt_data_bit[2]                                                    ; sys_clk      ; sys_clk     ; 0.000        ; 0.081      ; 0.746      ;
; 0.453 ; inf_rcv:inf_rcv_inst|inf_rcv_decoder:inf_rcv_decoder_inst|cnt_data_bit[3]                                                    ; inf_rcv:inf_rcv_inst|inf_rcv_decoder:inf_rcv_decoder_inst|cnt_data_bit[3]                                                    ; sys_clk      ; sys_clk     ; 0.000        ; 0.081      ; 0.746      ;
; 0.453 ; inf_rcv:inf_rcv_inst|inf_rcv_decoder:inf_rcv_decoder_inst|cnt_data_bit[4]                                                    ; inf_rcv:inf_rcv_inst|inf_rcv_decoder:inf_rcv_decoder_inst|cnt_data_bit[4]                                                    ; sys_clk      ; sys_clk     ; 0.000        ; 0.081      ; 0.746      ;
; 0.453 ; inf_rcv:inf_rcv_inst|inf_rcv_decoder:inf_rcv_decoder_inst|cnt_data_bit[5]                                                    ; inf_rcv:inf_rcv_inst|inf_rcv_decoder:inf_rcv_decoder_inst|cnt_data_bit[5]                                                    ; sys_clk      ; sys_clk     ; 0.000        ; 0.081      ; 0.746      ;
; 0.453 ; inf_rcv:inf_rcv_inst|inf_rcv_decoder:inf_rcv_decoder_inst|state.DATA                                                         ; inf_rcv:inf_rcv_inst|inf_rcv_decoder:inf_rcv_decoder_inst|state.DATA                                                         ; sys_clk      ; sys_clk     ; 0.000        ; 0.081      ; 0.746      ;
; 0.453 ; inf_rcv:inf_rcv_inst|inf_rcv_decoder:inf_rcv_decoder_inst|state.N_9MS                                                        ; inf_rcv:inf_rcv_inst|inf_rcv_decoder:inf_rcv_decoder_inst|state.N_9MS                                                        ; sys_clk      ; sys_clk     ; 0.000        ; 0.081      ; 0.746      ;
; 0.453 ; inf_rcv:inf_rcv_inst|inf_rcv_decoder:inf_rcv_decoder_inst|state.ARBIT                                                        ; inf_rcv:inf_rcv_inst|inf_rcv_decoder:inf_rcv_decoder_inst|state.ARBIT                                                        ; sys_clk      ; sys_clk     ; 0.000        ; 0.081      ; 0.746      ;
; 0.453 ; inf_rcv:inf_rcv_inst|inf_rcv_decoder:inf_rcv_decoder_inst|data_reg[18]                                                       ; inf_rcv:inf_rcv_inst|inf_rcv_decoder:inf_rcv_decoder_inst|data_reg[18]                                                       ; sys_clk      ; sys_clk     ; 0.000        ; 0.081      ; 0.746      ;
; 0.453 ; inf_rcv:inf_rcv_inst|inf_rcv_decoder:inf_rcv_decoder_inst|data_reg[27]                                                       ; inf_rcv:inf_rcv_inst|inf_rcv_decoder:inf_rcv_decoder_inst|data_reg[27]                                                       ; sys_clk      ; sys_clk     ; 0.000        ; 0.081      ; 0.746      ;
; 0.453 ; inf_rcv:inf_rcv_inst|inf_rcv_decoder:inf_rcv_decoder_inst|data_reg[26]                                                       ; inf_rcv:inf_rcv_inst|inf_rcv_decoder:inf_rcv_decoder_inst|data_reg[26]                                                       ; sys_clk      ; sys_clk     ; 0.000        ; 0.081      ; 0.746      ;
; 0.453 ; inf_rcv:inf_rcv_inst|inf_rcv_decoder:inf_rcv_decoder_inst|data_reg[19]                                                       ; inf_rcv:inf_rcv_inst|inf_rcv_decoder:inf_rcv_decoder_inst|data_reg[19]                                                       ; sys_clk      ; sys_clk     ; 0.000        ; 0.081      ; 0.746      ;
; 0.453 ; inf_rcv:inf_rcv_inst|inf_rcv_decoder:inf_rcv_decoder_inst|data_reg[31]                                                       ; inf_rcv:inf_rcv_inst|inf_rcv_decoder:inf_rcv_decoder_inst|data_reg[31]                                                       ; sys_clk      ; sys_clk     ; 0.000        ; 0.081      ; 0.746      ;
; 0.453 ; inf_rcv:inf_rcv_inst|inf_rcv_decoder:inf_rcv_decoder_inst|data_reg[23]                                                       ; inf_rcv:inf_rcv_inst|inf_rcv_decoder:inf_rcv_decoder_inst|data_reg[23]                                                       ; sys_clk      ; sys_clk     ; 0.000        ; 0.081      ; 0.746      ;
; 0.453 ; inf_rcv:inf_rcv_inst|inf_rcv_decoder:inf_rcv_decoder_inst|data_reg[30]                                                       ; inf_rcv:inf_rcv_inst|inf_rcv_decoder:inf_rcv_decoder_inst|data_reg[30]                                                       ; sys_clk      ; sys_clk     ; 0.000        ; 0.081      ; 0.746      ;
; 0.453 ; inf_rcv:inf_rcv_inst|inf_rcv_decoder:inf_rcv_decoder_inst|data_reg[22]                                                       ; inf_rcv:inf_rcv_inst|inf_rcv_decoder:inf_rcv_decoder_inst|data_reg[22]                                                       ; sys_clk      ; sys_clk     ; 0.000        ; 0.081      ; 0.746      ;
; 0.453 ; inf_rcv:inf_rcv_inst|inf_rcv_decoder:inf_rcv_decoder_inst|data_reg[21]                                                       ; inf_rcv:inf_rcv_inst|inf_rcv_decoder:inf_rcv_decoder_inst|data_reg[21]                                                       ; sys_clk      ; sys_clk     ; 0.000        ; 0.081      ; 0.746      ;
; 0.453 ; inf_rcv:inf_rcv_inst|inf_rcv_decoder:inf_rcv_decoder_inst|data_reg[29]                                                       ; inf_rcv:inf_rcv_inst|inf_rcv_decoder:inf_rcv_decoder_inst|data_reg[29]                                                       ; sys_clk      ; sys_clk     ; 0.000        ; 0.081      ; 0.746      ;
; 0.453 ; inf_rcv:inf_rcv_inst|inf_rcv_decoder:inf_rcv_decoder_inst|data_reg[28]                                                       ; inf_rcv:inf_rcv_inst|inf_rcv_decoder:inf_rcv_decoder_inst|data_reg[28]                                                       ; sys_clk      ; sys_clk     ; 0.000        ; 0.081      ; 0.746      ;
; 0.453 ; inf_rcv:inf_rcv_inst|inf_rcv_decoder:inf_rcv_decoder_inst|data_reg[20]                                                       ; inf_rcv:inf_rcv_inst|inf_rcv_decoder:inf_rcv_decoder_inst|data_reg[20]                                                       ; sys_clk      ; sys_clk     ; 0.000        ; 0.081      ; 0.746      ;
; 0.453 ; inf_rcv:inf_rcv_inst|inf_rcv_decoder:inf_rcv_decoder_inst|data_reg[14]                                                       ; inf_rcv:inf_rcv_inst|inf_rcv_decoder:inf_rcv_decoder_inst|data_reg[14]                                                       ; sys_clk      ; sys_clk     ; 0.000        ; 0.081      ; 0.746      ;
; 0.453 ; inf_rcv:inf_rcv_inst|inf_rcv_decoder:inf_rcv_decoder_inst|data_reg[7]                                                        ; inf_rcv:inf_rcv_inst|inf_rcv_decoder:inf_rcv_decoder_inst|data_reg[7]                                                        ; sys_clk      ; sys_clk     ; 0.000        ; 0.081      ; 0.746      ;
; 0.453 ; inf_rcv:inf_rcv_inst|inf_rcv_decoder:inf_rcv_decoder_inst|data_reg[15]                                                       ; inf_rcv:inf_rcv_inst|inf_rcv_decoder:inf_rcv_decoder_inst|data_reg[15]                                                       ; sys_clk      ; sys_clk     ; 0.000        ; 0.081      ; 0.746      ;
; 0.453 ; inf_rcv:inf_rcv_inst|inf_rcv_decoder:inf_rcv_decoder_inst|data_reg[6]                                                        ; inf_rcv:inf_rcv_inst|inf_rcv_decoder:inf_rcv_decoder_inst|data_reg[6]                                                        ; sys_clk      ; sys_clk     ; 0.000        ; 0.081      ; 0.746      ;
; 0.453 ; inf_rcv:inf_rcv_inst|inf_rcv_decoder:inf_rcv_decoder_inst|data_reg[12]                                                       ; inf_rcv:inf_rcv_inst|inf_rcv_decoder:inf_rcv_decoder_inst|data_reg[12]                                                       ; sys_clk      ; sys_clk     ; 0.000        ; 0.081      ; 0.746      ;
; 0.453 ; inf_rcv:inf_rcv_inst|inf_rcv_decoder:inf_rcv_decoder_inst|data_reg[4]                                                        ; inf_rcv:inf_rcv_inst|inf_rcv_decoder:inf_rcv_decoder_inst|data_reg[4]                                                        ; sys_clk      ; sys_clk     ; 0.000        ; 0.081      ; 0.746      ;
; 0.453 ; inf_rcv:inf_rcv_inst|inf_rcv_decoder:inf_rcv_decoder_inst|data_reg[13]                                                       ; inf_rcv:inf_rcv_inst|inf_rcv_decoder:inf_rcv_decoder_inst|data_reg[13]                                                       ; sys_clk      ; sys_clk     ; 0.000        ; 0.081      ; 0.746      ;
; 0.453 ; inf_rcv:inf_rcv_inst|inf_rcv_decoder:inf_rcv_decoder_inst|data_reg[5]                                                        ; inf_rcv:inf_rcv_inst|inf_rcv_decoder:inf_rcv_decoder_inst|data_reg[5]                                                        ; sys_clk      ; sys_clk     ; 0.000        ; 0.081      ; 0.746      ;
; 0.453 ; inf_rcv:inf_rcv_inst|seg_595_dynamic:seg_595_dynamic_inst|seg_dynamic:seg_dynamic_inst|bcd_8421:bcd_8421_inst|data_shift[33] ; inf_rcv:inf_rcv_inst|seg_595_dynamic:seg_595_dynamic_inst|seg_dynamic:seg_dynamic_inst|bcd_8421:bcd_8421_inst|data_shift[33] ; sys_clk      ; sys_clk     ; 0.000        ; 0.081      ; 0.746      ;
; 0.453 ; inf_rcv:inf_rcv_inst|seg_595_dynamic:seg_595_dynamic_inst|seg_dynamic:seg_dynamic_inst|bcd_8421:bcd_8421_inst|data_shift[0]  ; inf_rcv:inf_rcv_inst|seg_595_dynamic:seg_595_dynamic_inst|seg_dynamic:seg_dynamic_inst|bcd_8421:bcd_8421_inst|data_shift[0]  ; sys_clk      ; sys_clk     ; 0.000        ; 0.081      ; 0.746      ;
; 0.453 ; inf_rcv:inf_rcv_inst|seg_595_dynamic:seg_595_dynamic_inst|seg_dynamic:seg_dynamic_inst|bcd_8421:bcd_8421_inst|data_shift[21] ; inf_rcv:inf_rcv_inst|seg_595_dynamic:seg_595_dynamic_inst|seg_dynamic:seg_dynamic_inst|bcd_8421:bcd_8421_inst|data_shift[21] ; sys_clk      ; sys_clk     ; 0.000        ; 0.081      ; 0.746      ;
; 0.453 ; inf_rcv:inf_rcv_inst|seg_595_dynamic:seg_595_dynamic_inst|seg_dynamic:seg_dynamic_inst|bcd_8421:bcd_8421_inst|data_shift[22] ; inf_rcv:inf_rcv_inst|seg_595_dynamic:seg_595_dynamic_inst|seg_dynamic:seg_dynamic_inst|bcd_8421:bcd_8421_inst|data_shift[22] ; sys_clk      ; sys_clk     ; 0.000        ; 0.081      ; 0.746      ;
; 0.453 ; inf_rcv:inf_rcv_inst|seg_595_dynamic:seg_595_dynamic_inst|seg_dynamic:seg_dynamic_inst|bcd_8421:bcd_8421_inst|data_shift[23] ; inf_rcv:inf_rcv_inst|seg_595_dynamic:seg_595_dynamic_inst|seg_dynamic:seg_dynamic_inst|bcd_8421:bcd_8421_inst|data_shift[23] ; sys_clk      ; sys_clk     ; 0.000        ; 0.081      ; 0.746      ;
; 0.453 ; inf_rcv:inf_rcv_inst|seg_595_dynamic:seg_595_dynamic_inst|seg_dynamic:seg_dynamic_inst|bcd_8421:bcd_8421_inst|data_shift[25] ; inf_rcv:inf_rcv_inst|seg_595_dynamic:seg_595_dynamic_inst|seg_dynamic:seg_dynamic_inst|bcd_8421:bcd_8421_inst|data_shift[25] ; sys_clk      ; sys_clk     ; 0.000        ; 0.081      ; 0.746      ;
; 0.453 ; inf_rcv:inf_rcv_inst|seg_595_dynamic:seg_595_dynamic_inst|seg_dynamic:seg_dynamic_inst|bcd_8421:bcd_8421_inst|data_shift[34] ; inf_rcv:inf_rcv_inst|seg_595_dynamic:seg_595_dynamic_inst|seg_dynamic:seg_dynamic_inst|bcd_8421:bcd_8421_inst|data_shift[34] ; sys_clk      ; sys_clk     ; 0.000        ; 0.081      ; 0.746      ;
; 0.453 ; inf_rcv:inf_rcv_inst|seg_595_dynamic:seg_595_dynamic_inst|seg_dynamic:seg_dynamic_inst|bcd_8421:bcd_8421_inst|data_shift[35] ; inf_rcv:inf_rcv_inst|seg_595_dynamic:seg_595_dynamic_inst|seg_dynamic:seg_dynamic_inst|bcd_8421:bcd_8421_inst|data_shift[35] ; sys_clk      ; sys_clk     ; 0.000        ; 0.081      ; 0.746      ;
; 0.453 ; inf_rcv:inf_rcv_inst|seg_595_dynamic:seg_595_dynamic_inst|seg_dynamic:seg_dynamic_inst|bcd_8421:bcd_8421_inst|data_shift[39] ; inf_rcv:inf_rcv_inst|seg_595_dynamic:seg_595_dynamic_inst|seg_dynamic:seg_dynamic_inst|bcd_8421:bcd_8421_inst|data_shift[39] ; sys_clk      ; sys_clk     ; 0.000        ; 0.081      ; 0.746      ;
; 0.453 ; inf_rcv:inf_rcv_inst|seg_595_dynamic:seg_595_dynamic_inst|seg_dynamic:seg_dynamic_inst|bcd_8421:bcd_8421_inst|data_shift[38] ; inf_rcv:inf_rcv_inst|seg_595_dynamic:seg_595_dynamic_inst|seg_dynamic:seg_dynamic_inst|bcd_8421:bcd_8421_inst|data_shift[38] ; sys_clk      ; sys_clk     ; 0.000        ; 0.081      ; 0.746      ;
; 0.453 ; inf_rcv:inf_rcv_inst|seg_595_dynamic:seg_595_dynamic_inst|seg_dynamic:seg_dynamic_inst|cnt_sel[1]                            ; inf_rcv:inf_rcv_inst|seg_595_dynamic:seg_595_dynamic_inst|seg_dynamic:seg_dynamic_inst|cnt_sel[1]                            ; sys_clk      ; sys_clk     ; 0.000        ; 0.081      ; 0.746      ;
; 0.453 ; inf_rcv:inf_rcv_inst|seg_595_dynamic:seg_595_dynamic_inst|seg_dynamic:seg_dynamic_inst|cnt_sel[2]                            ; inf_rcv:inf_rcv_inst|seg_595_dynamic:seg_595_dynamic_inst|seg_dynamic:seg_dynamic_inst|cnt_sel[2]                            ; sys_clk      ; sys_clk     ; 0.000        ; 0.081      ; 0.746      ;
; 0.453 ; inf_rcv:inf_rcv_inst|seg_595_dynamic:seg_595_dynamic_inst|seg_dynamic:seg_dynamic_inst|sel_reg[0]                            ; inf_rcv:inf_rcv_inst|seg_595_dynamic:seg_595_dynamic_inst|seg_dynamic:seg_dynamic_inst|sel_reg[0]                            ; sys_clk      ; sys_clk     ; 0.000        ; 0.081      ; 0.746      ;
; 0.454 ; inf_rcv:inf_rcv_inst|inf_rcv_decoder:inf_rcv_decoder_inst|data_reg[16]                                                       ; inf_rcv:inf_rcv_inst|inf_rcv_decoder:inf_rcv_decoder_inst|data_reg[16]                                                       ; sys_clk      ; sys_clk     ; 0.000        ; 0.080      ; 0.746      ;
; 0.454 ; inf_rcv:inf_rcv_inst|inf_rcv_decoder:inf_rcv_decoder_inst|data_reg[25]                                                       ; inf_rcv:inf_rcv_inst|inf_rcv_decoder:inf_rcv_decoder_inst|data_reg[25]                                                       ; sys_clk      ; sys_clk     ; 0.000        ; 0.080      ; 0.746      ;
; 0.454 ; inf_rcv:inf_rcv_inst|inf_rcv_decoder:inf_rcv_decoder_inst|data_reg[24]                                                       ; inf_rcv:inf_rcv_inst|inf_rcv_decoder:inf_rcv_decoder_inst|data_reg[24]                                                       ; sys_clk      ; sys_clk     ; 0.000        ; 0.080      ; 0.746      ;
; 0.454 ; inf_rcv:inf_rcv_inst|inf_rcv_decoder:inf_rcv_decoder_inst|data_reg[17]                                                       ; inf_rcv:inf_rcv_inst|inf_rcv_decoder:inf_rcv_decoder_inst|data_reg[17]                                                       ; sys_clk      ; sys_clk     ; 0.000        ; 0.080      ; 0.746      ;
; 0.454 ; inf_rcv:inf_rcv_inst|inf_rcv_decoder:inf_rcv_decoder_inst|data_reg[11]                                                       ; inf_rcv:inf_rcv_inst|inf_rcv_decoder:inf_rcv_decoder_inst|data_reg[11]                                                       ; sys_clk      ; sys_clk     ; 0.000        ; 0.080      ; 0.746      ;
; 0.454 ; inf_rcv:inf_rcv_inst|inf_rcv_decoder:inf_rcv_decoder_inst|data_reg[2]                                                        ; inf_rcv:inf_rcv_inst|inf_rcv_decoder:inf_rcv_decoder_inst|data_reg[2]                                                        ; sys_clk      ; sys_clk     ; 0.000        ; 0.080      ; 0.746      ;
; 0.454 ; inf_rcv:inf_rcv_inst|inf_rcv_decoder:inf_rcv_decoder_inst|data_reg[10]                                                       ; inf_rcv:inf_rcv_inst|inf_rcv_decoder:inf_rcv_decoder_inst|data_reg[10]                                                       ; sys_clk      ; sys_clk     ; 0.000        ; 0.080      ; 0.746      ;
; 0.454 ; inf_rcv:inf_rcv_inst|inf_rcv_decoder:inf_rcv_decoder_inst|data_reg[3]                                                        ; inf_rcv:inf_rcv_inst|inf_rcv_decoder:inf_rcv_decoder_inst|data_reg[3]                                                        ; sys_clk      ; sys_clk     ; 0.000        ; 0.080      ; 0.746      ;
; 0.454 ; inf_rcv:inf_rcv_inst|inf_rcv_decoder:inf_rcv_decoder_inst|data_reg[0]                                                        ; inf_rcv:inf_rcv_inst|inf_rcv_decoder:inf_rcv_decoder_inst|data_reg[0]                                                        ; sys_clk      ; sys_clk     ; 0.000        ; 0.080      ; 0.746      ;
; 0.454 ; inf_rcv:inf_rcv_inst|inf_rcv_decoder:inf_rcv_decoder_inst|data_reg[1]                                                        ; inf_rcv:inf_rcv_inst|inf_rcv_decoder:inf_rcv_decoder_inst|data_reg[1]                                                        ; sys_clk      ; sys_clk     ; 0.000        ; 0.080      ; 0.746      ;
; 0.454 ; inf_rcv:inf_rcv_inst|inf_rcv_decoder:inf_rcv_decoder_inst|data_reg[8]                                                        ; inf_rcv:inf_rcv_inst|inf_rcv_decoder:inf_rcv_decoder_inst|data_reg[8]                                                        ; sys_clk      ; sys_clk     ; 0.000        ; 0.080      ; 0.746      ;
; 0.454 ; inf_rcv:inf_rcv_inst|inf_rcv_decoder:inf_rcv_decoder_inst|data_reg[9]                                                        ; inf_rcv:inf_rcv_inst|inf_rcv_decoder:inf_rcv_decoder_inst|data_reg[9]                                                        ; sys_clk      ; sys_clk     ; 0.000        ; 0.080      ; 0.746      ;
; 0.464 ; inf_rcv:inf_rcv_inst|seg_595_dynamic:seg_595_dynamic_inst|hc595_ctrl:hc595_ctrl_inst|cnt_4[0]                                ; inf_rcv:inf_rcv_inst|seg_595_dynamic:seg_595_dynamic_inst|hc595_ctrl:hc595_ctrl_inst|cnt_4[0]                                ; sys_clk      ; sys_clk     ; 0.000        ; 0.082      ; 0.758      ;
; 0.464 ; inf_rcv:inf_rcv_inst|seg_595_dynamic:seg_595_dynamic_inst|seg_dynamic:seg_dynamic_inst|bcd_8421:bcd_8421_inst|data_shift[28] ; inf_rcv:inf_rcv_inst|seg_595_dynamic:seg_595_dynamic_inst|seg_dynamic:seg_dynamic_inst|bcd_8421:bcd_8421_inst|data_shift[28] ; sys_clk      ; sys_clk     ; 0.000        ; 0.082      ; 0.758      ;
; 0.464 ; inf_rcv:inf_rcv_inst|seg_595_dynamic:seg_595_dynamic_inst|seg_dynamic:seg_dynamic_inst|bcd_8421:bcd_8421_inst|data_shift[36] ; inf_rcv:inf_rcv_inst|seg_595_dynamic:seg_595_dynamic_inst|seg_dynamic:seg_dynamic_inst|bcd_8421:bcd_8421_inst|data_shift[36] ; sys_clk      ; sys_clk     ; 0.000        ; 0.082      ; 0.758      ;
; 0.464 ; inf_rcv:inf_rcv_inst|seg_595_dynamic:seg_595_dynamic_inst|seg_dynamic:seg_dynamic_inst|bcd_8421:bcd_8421_inst|data_shift[40] ; inf_rcv:inf_rcv_inst|seg_595_dynamic:seg_595_dynamic_inst|seg_dynamic:seg_dynamic_inst|bcd_8421:bcd_8421_inst|data_shift[40] ; sys_clk      ; sys_clk     ; 0.000        ; 0.082      ; 0.758      ;
; 0.465 ; inf_rcv:inf_rcv_inst|seg_595_dynamic:seg_595_dynamic_inst|seg_dynamic:seg_dynamic_inst|bcd_8421:bcd_8421_inst|data_shift[20] ; inf_rcv:inf_rcv_inst|seg_595_dynamic:seg_595_dynamic_inst|seg_dynamic:seg_dynamic_inst|bcd_8421:bcd_8421_inst|data_shift[20] ; sys_clk      ; sys_clk     ; 0.000        ; 0.081      ; 0.758      ;
; 0.465 ; inf_rcv:inf_rcv_inst|seg_595_dynamic:seg_595_dynamic_inst|seg_dynamic:seg_dynamic_inst|bcd_8421:bcd_8421_inst|data_shift[24] ; inf_rcv:inf_rcv_inst|seg_595_dynamic:seg_595_dynamic_inst|seg_dynamic:seg_dynamic_inst|bcd_8421:bcd_8421_inst|data_shift[24] ; sys_clk      ; sys_clk     ; 0.000        ; 0.081      ; 0.758      ;
; 0.465 ; inf_rcv:inf_rcv_inst|seg_595_dynamic:seg_595_dynamic_inst|seg_dynamic:seg_dynamic_inst|bcd_8421:bcd_8421_inst|data_shift[32] ; inf_rcv:inf_rcv_inst|seg_595_dynamic:seg_595_dynamic_inst|seg_dynamic:seg_dynamic_inst|bcd_8421:bcd_8421_inst|data_shift[32] ; sys_clk      ; sys_clk     ; 0.000        ; 0.081      ; 0.758      ;
; 0.465 ; inf_rcv:inf_rcv_inst|seg_595_dynamic:seg_595_dynamic_inst|seg_dynamic:seg_dynamic_inst|cnt_sel[0]                            ; inf_rcv:inf_rcv_inst|seg_595_dynamic:seg_595_dynamic_inst|seg_dynamic:seg_dynamic_inst|cnt_sel[0]                            ; sys_clk      ; sys_clk     ; 0.000        ; 0.081      ; 0.758      ;
; 0.492 ; inf_rcv:inf_rcv_inst|led_ctrl:led_ctrl_inst|cnt_50ms[21]                                                                     ; inf_rcv:inf_rcv_inst|led_ctrl:led_ctrl_inst|cnt_50ms[21]                                                                     ; sys_clk      ; sys_clk     ; 0.000        ; 0.081      ; 0.785      ;
; 0.498 ; inf_rcv:inf_rcv_inst|seg_595_dynamic:seg_595_dynamic_inst|seg_dynamic:seg_dynamic_inst|bcd_8421:bcd_8421_inst|ten[3]         ; inf_rcv:inf_rcv_inst|seg_595_dynamic:seg_595_dynamic_inst|seg_dynamic:seg_dynamic_inst|data_reg[4]                           ; sys_clk      ; sys_clk     ; 0.000        ; 0.082      ; 0.792      ;
; 0.499 ; inf_rcv:inf_rcv_inst|seg_595_dynamic:seg_595_dynamic_inst|seg_dynamic:seg_dynamic_inst|bcd_8421:bcd_8421_inst|data_shift[15] ; inf_rcv:inf_rcv_inst|seg_595_dynamic:seg_595_dynamic_inst|seg_dynamic:seg_dynamic_inst|bcd_8421:bcd_8421_inst|data_shift[16] ; sys_clk      ; sys_clk     ; 0.000        ; 0.082      ; 0.793      ;
; 0.499 ; inf_rcv:inf_rcv_inst|seg_595_dynamic:seg_595_dynamic_inst|seg_dynamic:seg_dynamic_inst|bcd_8421:bcd_8421_inst|data_shift[18] ; inf_rcv:inf_rcv_inst|seg_595_dynamic:seg_595_dynamic_inst|seg_dynamic:seg_dynamic_inst|bcd_8421:bcd_8421_inst|data_shift[19] ; sys_clk      ; sys_clk     ; 0.000        ; 0.082      ; 0.793      ;
; 0.500 ; inf_rcv:inf_rcv_inst|seg_595_dynamic:seg_595_dynamic_inst|seg_dynamic:seg_dynamic_inst|bcd_8421:bcd_8421_inst|data_shift[3]  ; inf_rcv:inf_rcv_inst|seg_595_dynamic:seg_595_dynamic_inst|seg_dynamic:seg_dynamic_inst|bcd_8421:bcd_8421_inst|data_shift[4]  ; sys_clk      ; sys_clk     ; 0.000        ; 0.082      ; 0.794      ;
; 0.500 ; inf_rcv:inf_rcv_inst|seg_595_dynamic:seg_595_dynamic_inst|seg_dynamic:seg_dynamic_inst|bcd_8421:bcd_8421_inst|data_shift[9]  ; inf_rcv:inf_rcv_inst|seg_595_dynamic:seg_595_dynamic_inst|seg_dynamic:seg_dynamic_inst|bcd_8421:bcd_8421_inst|data_shift[10] ; sys_clk      ; sys_clk     ; 0.000        ; 0.082      ; 0.794      ;
; 0.500 ; inf_rcv:inf_rcv_inst|seg_595_dynamic:seg_595_dynamic_inst|seg_dynamic:seg_dynamic_inst|bcd_8421:bcd_8421_inst|data_shift[10] ; inf_rcv:inf_rcv_inst|seg_595_dynamic:seg_595_dynamic_inst|seg_dynamic:seg_dynamic_inst|bcd_8421:bcd_8421_inst|data_shift[11] ; sys_clk      ; sys_clk     ; 0.000        ; 0.082      ; 0.794      ;
; 0.500 ; inf_rcv:inf_rcv_inst|seg_595_dynamic:seg_595_dynamic_inst|seg_dynamic:seg_dynamic_inst|bcd_8421:bcd_8421_inst|data_shift[14] ; inf_rcv:inf_rcv_inst|seg_595_dynamic:seg_595_dynamic_inst|seg_dynamic:seg_dynamic_inst|bcd_8421:bcd_8421_inst|data_shift[15] ; sys_clk      ; sys_clk     ; 0.000        ; 0.082      ; 0.794      ;
; 0.500 ; inf_rcv:inf_rcv_inst|seg_595_dynamic:seg_595_dynamic_inst|seg_dynamic:seg_dynamic_inst|bcd_8421:bcd_8421_inst|data_shift[16] ; inf_rcv:inf_rcv_inst|seg_595_dynamic:seg_595_dynamic_inst|seg_dynamic:seg_dynamic_inst|bcd_8421:bcd_8421_inst|data_shift[17] ; sys_clk      ; sys_clk     ; 0.000        ; 0.082      ; 0.794      ;
; 0.500 ; inf_rcv:inf_rcv_inst|seg_595_dynamic:seg_595_dynamic_inst|seg_dynamic:seg_dynamic_inst|bcd_8421:bcd_8421_inst|data_shift[17] ; inf_rcv:inf_rcv_inst|seg_595_dynamic:seg_595_dynamic_inst|seg_dynamic:seg_dynamic_inst|bcd_8421:bcd_8421_inst|data_shift[18] ; sys_clk      ; sys_clk     ; 0.000        ; 0.082      ; 0.794      ;
; 0.501 ; inf_rcv:inf_rcv_inst|seg_595_dynamic:seg_595_dynamic_inst|seg_dynamic:seg_dynamic_inst|bcd_8421:bcd_8421_inst|data_shift[7]  ; inf_rcv:inf_rcv_inst|seg_595_dynamic:seg_595_dynamic_inst|seg_dynamic:seg_dynamic_inst|bcd_8421:bcd_8421_inst|data_shift[8]  ; sys_clk      ; sys_clk     ; 0.000        ; 0.082      ; 0.795      ;
; 0.501 ; inf_rcv:inf_rcv_inst|seg_595_dynamic:seg_595_dynamic_inst|seg_dynamic:seg_dynamic_inst|bcd_8421:bcd_8421_inst|data_shift[11] ; inf_rcv:inf_rcv_inst|seg_595_dynamic:seg_595_dynamic_inst|seg_dynamic:seg_dynamic_inst|bcd_8421:bcd_8421_inst|data_shift[12] ; sys_clk      ; sys_clk     ; 0.000        ; 0.082      ; 0.795      ;
; 0.501 ; inf_rcv:inf_rcv_inst|seg_595_dynamic:seg_595_dynamic_inst|seg_dynamic:seg_dynamic_inst|bcd_8421:bcd_8421_inst|t_tho[0]       ; inf_rcv:inf_rcv_inst|seg_595_dynamic:seg_595_dynamic_inst|seg_dynamic:seg_dynamic_inst|data_reg[17]                          ; sys_clk      ; sys_clk     ; 0.000        ; 0.081      ; 0.794      ;
; 0.502 ; inf_rcv:inf_rcv_inst|seg_595_dynamic:seg_595_dynamic_inst|seg_dynamic:seg_dynamic_inst|bcd_8421:bcd_8421_inst|ten[3]         ; inf_rcv:inf_rcv_inst|seg_595_dynamic:seg_595_dynamic_inst|seg_dynamic:seg_dynamic_inst|data_reg[5]                           ; sys_clk      ; sys_clk     ; 0.000        ; 0.082      ; 0.796      ;
; 0.507 ; inf_rcv:inf_rcv_inst|led_ctrl:led_ctrl_inst|cnt_50ms[20]                                                                     ; inf_rcv:inf_rcv_inst|led_ctrl:led_ctrl_inst|led                                                                              ; sys_clk      ; sys_clk     ; 0.000        ; 0.081      ; 0.800      ;
; 0.508 ; inf_rcv:inf_rcv_inst|seg_595_dynamic:seg_595_dynamic_inst|seg_dynamic:seg_dynamic_inst|sel_reg[1]                            ; inf_rcv:inf_rcv_inst|seg_595_dynamic:seg_595_dynamic_inst|seg_dynamic:seg_dynamic_inst|sel[1]                                ; sys_clk      ; sys_clk     ; 0.000        ; 0.081      ; 0.801      ;
; 0.509 ; inf_rcv:inf_rcv_inst|seg_595_dynamic:seg_595_dynamic_inst|seg_dynamic:seg_dynamic_inst|bcd_8421:bcd_8421_inst|h_hun[0]       ; inf_rcv:inf_rcv_inst|seg_595_dynamic:seg_595_dynamic_inst|seg_dynamic:seg_dynamic_inst|data_reg[21]                          ; sys_clk      ; sys_clk     ; 0.000        ; 0.082      ; 0.803      ;
; 0.509 ; inf_rcv:inf_rcv_inst|seg_595_dynamic:seg_595_dynamic_inst|seg_dynamic:seg_dynamic_inst|bcd_8421:bcd_8421_inst|h_hun[0]       ; inf_rcv:inf_rcv_inst|seg_595_dynamic:seg_595_dynamic_inst|seg_dynamic:seg_dynamic_inst|data_reg[23]                          ; sys_clk      ; sys_clk     ; 0.000        ; 0.082      ; 0.803      ;
; 0.509 ; inf_rcv:inf_rcv_inst|seg_595_dynamic:seg_595_dynamic_inst|seg_dynamic:seg_dynamic_inst|bcd_8421:bcd_8421_inst|data_shift[28] ; inf_rcv:inf_rcv_inst|seg_595_dynamic:seg_595_dynamic_inst|seg_dynamic:seg_dynamic_inst|bcd_8421:bcd_8421_inst|data_shift[29] ; sys_clk      ; sys_clk     ; 0.000        ; 0.082      ; 0.803      ;
; 0.510 ; inf_rcv:inf_rcv_inst|seg_595_dynamic:seg_595_dynamic_inst|seg_dynamic:seg_dynamic_inst|sel_reg[3]                            ; inf_rcv:inf_rcv_inst|seg_595_dynamic:seg_595_dynamic_inst|seg_dynamic:seg_dynamic_inst|sel_reg[4]                            ; sys_clk      ; sys_clk     ; 0.000        ; 0.081      ; 0.803      ;
; 0.510 ; inf_rcv:inf_rcv_inst|seg_595_dynamic:seg_595_dynamic_inst|seg_dynamic:seg_dynamic_inst|sel_reg[3]                            ; inf_rcv:inf_rcv_inst|seg_595_dynamic:seg_595_dynamic_inst|seg_dynamic:seg_dynamic_inst|sel[3]                                ; sys_clk      ; sys_clk     ; 0.000        ; 0.081      ; 0.803      ;
; 0.520 ; inf_rcv:inf_rcv_inst|seg_595_dynamic:seg_595_dynamic_inst|seg_dynamic:seg_dynamic_inst|bcd_8421:bcd_8421_inst|ten[3]         ; inf_rcv:inf_rcv_inst|seg_595_dynamic:seg_595_dynamic_inst|seg_dynamic:seg_dynamic_inst|data_reg[7]                           ; sys_clk      ; sys_clk     ; 0.000        ; 0.082      ; 0.814      ;
; 0.521 ; inf_rcv:inf_rcv_inst|seg_595_dynamic:seg_595_dynamic_inst|seg_dynamic:seg_dynamic_inst|bcd_8421:bcd_8421_inst|t_tho[0]       ; inf_rcv:inf_rcv_inst|seg_595_dynamic:seg_595_dynamic_inst|seg_dynamic:seg_dynamic_inst|data_reg[16]                          ; sys_clk      ; sys_clk     ; 0.000        ; 0.081      ; 0.814      ;
; 0.525 ; inf_rcv:inf_rcv_inst|seg_595_dynamic:seg_595_dynamic_inst|seg_dynamic:seg_dynamic_inst|bcd_8421:bcd_8421_inst|h_hun[0]       ; inf_rcv:inf_rcv_inst|seg_595_dynamic:seg_595_dynamic_inst|seg_dynamic:seg_dynamic_inst|data_reg[20]                          ; sys_clk      ; sys_clk     ; 0.000        ; 0.082      ; 0.819      ;
+-------+------------------------------------------------------------------------------------------------------------------------------+------------------------------------------------------------------------------------------------------------------------------+--------------+-------------+--------------+------------+------------+


+----------------------------------------------------------------------------------------------------------------------------------------------------------------------------------------------------------------+
; Slow 1200mV 85C Model Minimum Pulse Width: 'sys_clk'                                                                                                                                                           ;
+-------+--------------+----------------+------------------+---------+------------+------------------------------------------------------------------------------------------------------------------------------+
; Slack ; Actual Width ; Required Width ; Type             ; Clock   ; Clock Edge ; Target                                                                                                                       ;
+-------+--------------+----------------+------------------+---------+------------+------------------------------------------------------------------------------------------------------------------------------+
; 9.781 ; 10.001       ; 0.220          ; High Pulse Width ; sys_clk ; Rise       ; inf_rcv:inf_rcv_inst|seg_595_dynamic:seg_595_dynamic_inst|seg_dynamic:seg_dynamic_inst|bcd_8421:bcd_8421_inst|data_shift[10] ;
; 9.781 ; 10.001       ; 0.220          ; High Pulse Width ; sys_clk ; Rise       ; inf_rcv:inf_rcv_inst|seg_595_dynamic:seg_595_dynamic_inst|seg_dynamic:seg_dynamic_inst|bcd_8421:bcd_8421_inst|data_shift[11] ;
; 9.781 ; 10.001       ; 0.220          ; High Pulse Width ; sys_clk ; Rise       ; inf_rcv:inf_rcv_inst|seg_595_dynamic:seg_595_dynamic_inst|seg_dynamic:seg_dynamic_inst|bcd_8421:bcd_8421_inst|data_shift[12] ;
; 9.781 ; 10.001       ; 0.220          ; High Pulse Width ; sys_clk ; Rise       ; inf_rcv:inf_rcv_inst|seg_595_dynamic:seg_595_dynamic_inst|seg_dynamic:seg_dynamic_inst|bcd_8421:bcd_8421_inst|data_shift[13] ;
; 9.781 ; 10.001       ; 0.220          ; High Pulse Width ; sys_clk ; Rise       ; inf_rcv:inf_rcv_inst|seg_595_dynamic:seg_595_dynamic_inst|seg_dynamic:seg_dynamic_inst|bcd_8421:bcd_8421_inst|data_shift[14] ;
; 9.781 ; 10.001       ; 0.220          ; High Pulse Width ; sys_clk ; Rise       ; inf_rcv:inf_rcv_inst|seg_595_dynamic:seg_595_dynamic_inst|seg_dynamic:seg_dynamic_inst|bcd_8421:bcd_8421_inst|data_shift[15] ;
; 9.781 ; 10.001       ; 0.220          ; High Pulse Width ; sys_clk ; Rise       ; inf_rcv:inf_rcv_inst|seg_595_dynamic:seg_595_dynamic_inst|seg_dynamic:seg_dynamic_inst|bcd_8421:bcd_8421_inst|data_shift[16] ;
; 9.781 ; 10.001       ; 0.220          ; High Pulse Width ; sys_clk ; Rise       ; inf_rcv:inf_rcv_inst|seg_595_dynamic:seg_595_dynamic_inst|seg_dynamic:seg_dynamic_inst|bcd_8421:bcd_8421_inst|data_shift[17] ;
; 9.781 ; 10.001       ; 0.220          ; High Pulse Width ; sys_clk ; Rise       ; inf_rcv:inf_rcv_inst|seg_595_dynamic:seg_595_dynamic_inst|seg_dynamic:seg_dynamic_inst|bcd_8421:bcd_8421_inst|data_shift[18] ;
; 9.781 ; 10.001       ; 0.220          ; High Pulse Width ; sys_clk ; Rise       ; inf_rcv:inf_rcv_inst|seg_595_dynamic:seg_595_dynamic_inst|seg_dynamic:seg_dynamic_inst|bcd_8421:bcd_8421_inst|data_shift[19] ;
; 9.781 ; 10.001       ; 0.220          ; High Pulse Width ; sys_clk ; Rise       ; inf_rcv:inf_rcv_inst|seg_595_dynamic:seg_595_dynamic_inst|seg_dynamic:seg_dynamic_inst|bcd_8421:bcd_8421_inst|data_shift[5]  ;
; 9.781 ; 10.001       ; 0.220          ; High Pulse Width ; sys_clk ; Rise       ; inf_rcv:inf_rcv_inst|seg_595_dynamic:seg_595_dynamic_inst|seg_dynamic:seg_dynamic_inst|bcd_8421:bcd_8421_inst|data_shift[6]  ;
; 9.781 ; 10.001       ; 0.220          ; High Pulse Width ; sys_clk ; Rise       ; inf_rcv:inf_rcv_inst|seg_595_dynamic:seg_595_dynamic_inst|seg_dynamic:seg_dynamic_inst|bcd_8421:bcd_8421_inst|data_shift[7]  ;
; 9.781 ; 10.001       ; 0.220          ; High Pulse Width ; sys_clk ; Rise       ; inf_rcv:inf_rcv_inst|seg_595_dynamic:seg_595_dynamic_inst|seg_dynamic:seg_dynamic_inst|bcd_8421:bcd_8421_inst|data_shift[8]  ;
; 9.781 ; 10.001       ; 0.220          ; High Pulse Width ; sys_clk ; Rise       ; inf_rcv:inf_rcv_inst|seg_595_dynamic:seg_595_dynamic_inst|seg_dynamic:seg_dynamic_inst|bcd_8421:bcd_8421_inst|data_shift[9]  ;
; 9.782 ; 10.002       ; 0.220          ; High Pulse Width ; sys_clk ; Rise       ; inf_rcv:inf_rcv_inst|inf_rcv_decoder:inf_rcv_decoder_inst|data[0]                                                            ;
; 9.782 ; 10.002       ; 0.220          ; High Pulse Width ; sys_clk ; Rise       ; inf_rcv:inf_rcv_inst|inf_rcv_decoder:inf_rcv_decoder_inst|data[1]                                                            ;
; 9.782 ; 10.002       ; 0.220          ; High Pulse Width ; sys_clk ; Rise       ; inf_rcv:inf_rcv_inst|inf_rcv_decoder:inf_rcv_decoder_inst|data[2]                                                            ;
; 9.782 ; 10.002       ; 0.220          ; High Pulse Width ; sys_clk ; Rise       ; inf_rcv:inf_rcv_inst|inf_rcv_decoder:inf_rcv_decoder_inst|data[3]                                                            ;
; 9.782 ; 10.002       ; 0.220          ; High Pulse Width ; sys_clk ; Rise       ; inf_rcv:inf_rcv_inst|inf_rcv_decoder:inf_rcv_decoder_inst|data[4]                                                            ;
; 9.782 ; 10.002       ; 0.220          ; High Pulse Width ; sys_clk ; Rise       ; inf_rcv:inf_rcv_inst|inf_rcv_decoder:inf_rcv_decoder_inst|data[5]                                                            ;
; 9.782 ; 10.002       ; 0.220          ; High Pulse Width ; sys_clk ; Rise       ; inf_rcv:inf_rcv_inst|inf_rcv_decoder:inf_rcv_decoder_inst|data[6]                                                            ;
; 9.782 ; 10.002       ; 0.220          ; High Pulse Width ; sys_clk ; Rise       ; inf_rcv:inf_rcv_inst|inf_rcv_decoder:inf_rcv_decoder_inst|data[7]                                                            ;
; 9.782 ; 10.002       ; 0.220          ; High Pulse Width ; sys_clk ; Rise       ; inf_rcv:inf_rcv_inst|seg_595_dynamic:seg_595_dynamic_inst|seg_dynamic:seg_dynamic_inst|bcd_8421:bcd_8421_inst|data_shift[1]  ;
; 9.782 ; 10.002       ; 0.220          ; High Pulse Width ; sys_clk ; Rise       ; inf_rcv:inf_rcv_inst|seg_595_dynamic:seg_595_dynamic_inst|seg_dynamic:seg_dynamic_inst|bcd_8421:bcd_8421_inst|data_shift[28] ;
; 9.782 ; 10.002       ; 0.220          ; High Pulse Width ; sys_clk ; Rise       ; inf_rcv:inf_rcv_inst|seg_595_dynamic:seg_595_dynamic_inst|seg_dynamic:seg_dynamic_inst|bcd_8421:bcd_8421_inst|data_shift[29] ;
; 9.782 ; 10.002       ; 0.220          ; High Pulse Width ; sys_clk ; Rise       ; inf_rcv:inf_rcv_inst|seg_595_dynamic:seg_595_dynamic_inst|seg_dynamic:seg_dynamic_inst|bcd_8421:bcd_8421_inst|data_shift[2]  ;
; 9.782 ; 10.002       ; 0.220          ; High Pulse Width ; sys_clk ; Rise       ; inf_rcv:inf_rcv_inst|seg_595_dynamic:seg_595_dynamic_inst|seg_dynamic:seg_dynamic_inst|bcd_8421:bcd_8421_inst|data_shift[30] ;
; 9.782 ; 10.002       ; 0.220          ; High Pulse Width ; sys_clk ; Rise       ; inf_rcv:inf_rcv_inst|seg_595_dynamic:seg_595_dynamic_inst|seg_dynamic:seg_dynamic_inst|bcd_8421:bcd_8421_inst|data_shift[31] ;
; 9.782 ; 10.002       ; 0.220          ; High Pulse Width ; sys_clk ; Rise       ; inf_rcv:inf_rcv_inst|seg_595_dynamic:seg_595_dynamic_inst|seg_dynamic:seg_dynamic_inst|bcd_8421:bcd_8421_inst|data_shift[3]  ;
; 9.782 ; 10.002       ; 0.220          ; High Pulse Width ; sys_clk ; Rise       ; inf_rcv:inf_rcv_inst|seg_595_dynamic:seg_595_dynamic_inst|seg_dynamic:seg_dynamic_inst|bcd_8421:bcd_8421_inst|data_shift[4]  ;
; 9.782 ; 10.002       ; 0.220          ; High Pulse Width ; sys_clk ; Rise       ; inf_rcv:inf_rcv_inst|seg_595_dynamic:seg_595_dynamic_inst|seg_dynamic:seg_dynamic_inst|bcd_8421:bcd_8421_inst|hun[0]         ;
; 9.782 ; 10.002       ; 0.220          ; High Pulse Width ; sys_clk ; Rise       ; inf_rcv:inf_rcv_inst|seg_595_dynamic:seg_595_dynamic_inst|seg_dynamic:seg_dynamic_inst|bcd_8421:bcd_8421_inst|hun[1]         ;
; 9.782 ; 10.002       ; 0.220          ; High Pulse Width ; sys_clk ; Rise       ; inf_rcv:inf_rcv_inst|seg_595_dynamic:seg_595_dynamic_inst|seg_dynamic:seg_dynamic_inst|bcd_8421:bcd_8421_inst|hun[2]         ;
; 9.782 ; 10.002       ; 0.220          ; High Pulse Width ; sys_clk ; Rise       ; inf_rcv:inf_rcv_inst|seg_595_dynamic:seg_595_dynamic_inst|seg_dynamic:seg_dynamic_inst|bcd_8421:bcd_8421_inst|hun[3]         ;
; 9.782 ; 10.002       ; 0.220          ; High Pulse Width ; sys_clk ; Rise       ; inf_rcv:inf_rcv_inst|seg_595_dynamic:seg_595_dynamic_inst|seg_dynamic:seg_dynamic_inst|bcd_8421:bcd_8421_inst|tho[0]         ;
; 9.782 ; 10.002       ; 0.220          ; High Pulse Width ; sys_clk ; Rise       ; inf_rcv:inf_rcv_inst|seg_595_dynamic:seg_595_dynamic_inst|seg_dynamic:seg_dynamic_inst|bcd_8421:bcd_8421_inst|tho[1]         ;
; 9.782 ; 10.002       ; 0.220          ; High Pulse Width ; sys_clk ; Rise       ; inf_rcv:inf_rcv_inst|seg_595_dynamic:seg_595_dynamic_inst|seg_dynamic:seg_dynamic_inst|bcd_8421:bcd_8421_inst|tho[3]         ;
; 9.782 ; 10.002       ; 0.220          ; High Pulse Width ; sys_clk ; Rise       ; inf_rcv:inf_rcv_inst|seg_595_dynamic:seg_595_dynamic_inst|seg_dynamic:seg_dynamic_inst|data_reg[11]                          ;
; 9.782 ; 10.002       ; 0.220          ; High Pulse Width ; sys_clk ; Rise       ; inf_rcv:inf_rcv_inst|seg_595_dynamic:seg_595_dynamic_inst|seg_dynamic:seg_dynamic_inst|data_reg[12]                          ;
; 9.782 ; 10.002       ; 0.220          ; High Pulse Width ; sys_clk ; Rise       ; inf_rcv:inf_rcv_inst|seg_595_dynamic:seg_595_dynamic_inst|seg_dynamic:seg_dynamic_inst|data_reg[13]                          ;
; 9.782 ; 10.002       ; 0.220          ; High Pulse Width ; sys_clk ; Rise       ; inf_rcv:inf_rcv_inst|seg_595_dynamic:seg_595_dynamic_inst|seg_dynamic:seg_dynamic_inst|data_reg[15]                          ;
; 9.782 ; 10.002       ; 0.220          ; High Pulse Width ; sys_clk ; Rise       ; inf_rcv:inf_rcv_inst|seg_595_dynamic:seg_595_dynamic_inst|seg_dynamic:seg_dynamic_inst|data_reg[8]                           ;
; 9.782 ; 10.002       ; 0.220          ; High Pulse Width ; sys_clk ; Rise       ; inf_rcv:inf_rcv_inst|seg_595_dynamic:seg_595_dynamic_inst|seg_dynamic:seg_dynamic_inst|data_reg[9]                           ;
; 9.783 ; 10.003       ; 0.220          ; High Pulse Width ; sys_clk ; Rise       ; inf_rcv:inf_rcv_inst|inf_rcv_decoder:inf_rcv_decoder_inst|cnt_data_bit[0]                                                    ;
; 9.783 ; 10.003       ; 0.220          ; High Pulse Width ; sys_clk ; Rise       ; inf_rcv:inf_rcv_inst|inf_rcv_decoder:inf_rcv_decoder_inst|cnt_data_bit[1]                                                    ;
; 9.783 ; 10.003       ; 0.220          ; High Pulse Width ; sys_clk ; Rise       ; inf_rcv:inf_rcv_inst|inf_rcv_decoder:inf_rcv_decoder_inst|cnt_data_bit[2]                                                    ;
; 9.783 ; 10.003       ; 0.220          ; High Pulse Width ; sys_clk ; Rise       ; inf_rcv:inf_rcv_inst|inf_rcv_decoder:inf_rcv_decoder_inst|cnt_data_bit[3]                                                    ;
; 9.783 ; 10.003       ; 0.220          ; High Pulse Width ; sys_clk ; Rise       ; inf_rcv:inf_rcv_inst|inf_rcv_decoder:inf_rcv_decoder_inst|cnt_data_bit[4]                                                    ;
; 9.783 ; 10.003       ; 0.220          ; High Pulse Width ; sys_clk ; Rise       ; inf_rcv:inf_rcv_inst|inf_rcv_decoder:inf_rcv_decoder_inst|cnt_data_bit[5]                                                    ;
; 9.783 ; 10.003       ; 0.220          ; High Pulse Width ; sys_clk ; Rise       ; inf_rcv:inf_rcv_inst|inf_rcv_decoder:inf_rcv_decoder_inst|inf_in_dly1                                                        ;
; 9.783 ; 10.003       ; 0.220          ; High Pulse Width ; sys_clk ; Rise       ; inf_rcv:inf_rcv_inst|inf_rcv_decoder:inf_rcv_decoder_inst|inf_in_dly2                                                        ;
; 9.783 ; 10.003       ; 0.220          ; High Pulse Width ; sys_clk ; Rise       ; inf_rcv:inf_rcv_inst|inf_rcv_decoder:inf_rcv_decoder_inst|inf_in_dly3                                                        ;
; 9.783 ; 10.003       ; 0.220          ; High Pulse Width ; sys_clk ; Rise       ; inf_rcv:inf_rcv_inst|seg_595_dynamic:seg_595_dynamic_inst|hc595_ctrl:hc595_ctrl_inst|cnt_4[0]                                ;
; 9.783 ; 10.003       ; 0.220          ; High Pulse Width ; sys_clk ; Rise       ; inf_rcv:inf_rcv_inst|seg_595_dynamic:seg_595_dynamic_inst|hc595_ctrl:hc595_ctrl_inst|cnt_4[1]                                ;
; 9.783 ; 10.003       ; 0.220          ; High Pulse Width ; sys_clk ; Rise       ; inf_rcv:inf_rcv_inst|seg_595_dynamic:seg_595_dynamic_inst|hc595_ctrl:hc595_ctrl_inst|cnt_bit[0]                              ;
; 9.783 ; 10.003       ; 0.220          ; High Pulse Width ; sys_clk ; Rise       ; inf_rcv:inf_rcv_inst|seg_595_dynamic:seg_595_dynamic_inst|hc595_ctrl:hc595_ctrl_inst|cnt_bit[1]                              ;
; 9.783 ; 10.003       ; 0.220          ; High Pulse Width ; sys_clk ; Rise       ; inf_rcv:inf_rcv_inst|seg_595_dynamic:seg_595_dynamic_inst|hc595_ctrl:hc595_ctrl_inst|cnt_bit[2]                              ;
; 9.783 ; 10.003       ; 0.220          ; High Pulse Width ; sys_clk ; Rise       ; inf_rcv:inf_rcv_inst|seg_595_dynamic:seg_595_dynamic_inst|hc595_ctrl:hc595_ctrl_inst|cnt_bit[3]                              ;
; 9.783 ; 10.003       ; 0.220          ; High Pulse Width ; sys_clk ; Rise       ; inf_rcv:inf_rcv_inst|seg_595_dynamic:seg_595_dynamic_inst|hc595_ctrl:hc595_ctrl_inst|ds                                      ;
; 9.783 ; 10.003       ; 0.220          ; High Pulse Width ; sys_clk ; Rise       ; inf_rcv:inf_rcv_inst|seg_595_dynamic:seg_595_dynamic_inst|hc595_ctrl:hc595_ctrl_inst|shcp                                    ;
; 9.783 ; 10.003       ; 0.220          ; High Pulse Width ; sys_clk ; Rise       ; inf_rcv:inf_rcv_inst|seg_595_dynamic:seg_595_dynamic_inst|hc595_ctrl:hc595_ctrl_inst|stcp                                    ;
; 9.783 ; 10.003       ; 0.220          ; High Pulse Width ; sys_clk ; Rise       ; inf_rcv:inf_rcv_inst|seg_595_dynamic:seg_595_dynamic_inst|seg_dynamic:seg_dynamic_inst|bcd_8421:bcd_8421_inst|cnt_shift[1]   ;
; 9.783 ; 10.003       ; 0.220          ; High Pulse Width ; sys_clk ; Rise       ; inf_rcv:inf_rcv_inst|seg_595_dynamic:seg_595_dynamic_inst|seg_dynamic:seg_dynamic_inst|bcd_8421:bcd_8421_inst|cnt_shift[2]   ;
; 9.783 ; 10.003       ; 0.220          ; High Pulse Width ; sys_clk ; Rise       ; inf_rcv:inf_rcv_inst|seg_595_dynamic:seg_595_dynamic_inst|seg_dynamic:seg_dynamic_inst|bcd_8421:bcd_8421_inst|cnt_shift[3]   ;
; 9.783 ; 10.003       ; 0.220          ; High Pulse Width ; sys_clk ; Rise       ; inf_rcv:inf_rcv_inst|seg_595_dynamic:seg_595_dynamic_inst|seg_dynamic:seg_dynamic_inst|bcd_8421:bcd_8421_inst|cnt_shift[4]   ;
; 9.783 ; 10.003       ; 0.220          ; High Pulse Width ; sys_clk ; Rise       ; inf_rcv:inf_rcv_inst|seg_595_dynamic:seg_595_dynamic_inst|seg_dynamic:seg_dynamic_inst|bcd_8421:bcd_8421_inst|data_shift[0]  ;
; 9.783 ; 10.003       ; 0.220          ; High Pulse Width ; sys_clk ; Rise       ; inf_rcv:inf_rcv_inst|seg_595_dynamic:seg_595_dynamic_inst|seg_dynamic:seg_dynamic_inst|bcd_8421:bcd_8421_inst|data_shift[24] ;
; 9.783 ; 10.003       ; 0.220          ; High Pulse Width ; sys_clk ; Rise       ; inf_rcv:inf_rcv_inst|seg_595_dynamic:seg_595_dynamic_inst|seg_dynamic:seg_dynamic_inst|bcd_8421:bcd_8421_inst|data_shift[25] ;
; 9.783 ; 10.003       ; 0.220          ; High Pulse Width ; sys_clk ; Rise       ; inf_rcv:inf_rcv_inst|seg_595_dynamic:seg_595_dynamic_inst|seg_dynamic:seg_dynamic_inst|bcd_8421:bcd_8421_inst|data_shift[26] ;
; 9.783 ; 10.003       ; 0.220          ; High Pulse Width ; sys_clk ; Rise       ; inf_rcv:inf_rcv_inst|seg_595_dynamic:seg_595_dynamic_inst|seg_dynamic:seg_dynamic_inst|bcd_8421:bcd_8421_inst|data_shift[27] ;
; 9.783 ; 10.003       ; 0.220          ; High Pulse Width ; sys_clk ; Rise       ; inf_rcv:inf_rcv_inst|seg_595_dynamic:seg_595_dynamic_inst|seg_dynamic:seg_dynamic_inst|bcd_8421:bcd_8421_inst|data_shift[32] ;
; 9.783 ; 10.003       ; 0.220          ; High Pulse Width ; sys_clk ; Rise       ; inf_rcv:inf_rcv_inst|seg_595_dynamic:seg_595_dynamic_inst|seg_dynamic:seg_dynamic_inst|bcd_8421:bcd_8421_inst|data_shift[33] ;
; 9.783 ; 10.003       ; 0.220          ; High Pulse Width ; sys_clk ; Rise       ; inf_rcv:inf_rcv_inst|seg_595_dynamic:seg_595_dynamic_inst|seg_dynamic:seg_dynamic_inst|bcd_8421:bcd_8421_inst|data_shift[34] ;
; 9.783 ; 10.003       ; 0.220          ; High Pulse Width ; sys_clk ; Rise       ; inf_rcv:inf_rcv_inst|seg_595_dynamic:seg_595_dynamic_inst|seg_dynamic:seg_dynamic_inst|bcd_8421:bcd_8421_inst|data_shift[35] ;
; 9.783 ; 10.003       ; 0.220          ; High Pulse Width ; sys_clk ; Rise       ; inf_rcv:inf_rcv_inst|seg_595_dynamic:seg_595_dynamic_inst|seg_dynamic:seg_dynamic_inst|bcd_8421:bcd_8421_inst|data_shift[42] ;
; 9.783 ; 10.003       ; 0.220          ; High Pulse Width ; sys_clk ; Rise       ; inf_rcv:inf_rcv_inst|seg_595_dynamic:seg_595_dynamic_inst|seg_dynamic:seg_dynamic_inst|bcd_8421:bcd_8421_inst|data_shift[43] ;
; 9.783 ; 10.003       ; 0.220          ; High Pulse Width ; sys_clk ; Rise       ; inf_rcv:inf_rcv_inst|seg_595_dynamic:seg_595_dynamic_inst|seg_dynamic:seg_dynamic_inst|bcd_8421:bcd_8421_inst|h_hun[0]       ;
; 9.783 ; 10.003       ; 0.220          ; High Pulse Width ; sys_clk ; Rise       ; inf_rcv:inf_rcv_inst|seg_595_dynamic:seg_595_dynamic_inst|seg_dynamic:seg_dynamic_inst|bcd_8421:bcd_8421_inst|h_hun[1]       ;
; 9.783 ; 10.003       ; 0.220          ; High Pulse Width ; sys_clk ; Rise       ; inf_rcv:inf_rcv_inst|seg_595_dynamic:seg_595_dynamic_inst|seg_dynamic:seg_dynamic_inst|bcd_8421:bcd_8421_inst|h_hun[2]       ;
; 9.783 ; 10.003       ; 0.220          ; High Pulse Width ; sys_clk ; Rise       ; inf_rcv:inf_rcv_inst|seg_595_dynamic:seg_595_dynamic_inst|seg_dynamic:seg_dynamic_inst|bcd_8421:bcd_8421_inst|h_hun[3]       ;
; 9.783 ; 10.003       ; 0.220          ; High Pulse Width ; sys_clk ; Rise       ; inf_rcv:inf_rcv_inst|seg_595_dynamic:seg_595_dynamic_inst|seg_dynamic:seg_dynamic_inst|bcd_8421:bcd_8421_inst|ten[0]         ;
; 9.783 ; 10.003       ; 0.220          ; High Pulse Width ; sys_clk ; Rise       ; inf_rcv:inf_rcv_inst|seg_595_dynamic:seg_595_dynamic_inst|seg_dynamic:seg_dynamic_inst|bcd_8421:bcd_8421_inst|ten[1]         ;
; 9.783 ; 10.003       ; 0.220          ; High Pulse Width ; sys_clk ; Rise       ; inf_rcv:inf_rcv_inst|seg_595_dynamic:seg_595_dynamic_inst|seg_dynamic:seg_dynamic_inst|bcd_8421:bcd_8421_inst|ten[2]         ;
; 9.783 ; 10.003       ; 0.220          ; High Pulse Width ; sys_clk ; Rise       ; inf_rcv:inf_rcv_inst|seg_595_dynamic:seg_595_dynamic_inst|seg_dynamic:seg_dynamic_inst|bcd_8421:bcd_8421_inst|ten[3]         ;
; 9.783 ; 10.003       ; 0.220          ; High Pulse Width ; sys_clk ; Rise       ; inf_rcv:inf_rcv_inst|seg_595_dynamic:seg_595_dynamic_inst|seg_dynamic:seg_dynamic_inst|bcd_8421:bcd_8421_inst|unit[0]        ;
; 9.783 ; 10.003       ; 0.220          ; High Pulse Width ; sys_clk ; Rise       ; inf_rcv:inf_rcv_inst|seg_595_dynamic:seg_595_dynamic_inst|seg_dynamic:seg_dynamic_inst|bcd_8421:bcd_8421_inst|unit[1]        ;
; 9.783 ; 10.003       ; 0.220          ; High Pulse Width ; sys_clk ; Rise       ; inf_rcv:inf_rcv_inst|seg_595_dynamic:seg_595_dynamic_inst|seg_dynamic:seg_dynamic_inst|bcd_8421:bcd_8421_inst|unit[2]        ;
; 9.783 ; 10.003       ; 0.220          ; High Pulse Width ; sys_clk ; Rise       ; inf_rcv:inf_rcv_inst|seg_595_dynamic:seg_595_dynamic_inst|seg_dynamic:seg_dynamic_inst|bcd_8421:bcd_8421_inst|unit[3]        ;
; 9.783 ; 10.003       ; 0.220          ; High Pulse Width ; sys_clk ; Rise       ; inf_rcv:inf_rcv_inst|seg_595_dynamic:seg_595_dynamic_inst|seg_dynamic:seg_dynamic_inst|cnt_1ms[14]                           ;
; 9.783 ; 10.003       ; 0.220          ; High Pulse Width ; sys_clk ; Rise       ; inf_rcv:inf_rcv_inst|seg_595_dynamic:seg_595_dynamic_inst|seg_dynamic:seg_dynamic_inst|cnt_1ms[15]                           ;
; 9.783 ; 10.003       ; 0.220          ; High Pulse Width ; sys_clk ; Rise       ; inf_rcv:inf_rcv_inst|seg_595_dynamic:seg_595_dynamic_inst|seg_dynamic:seg_dynamic_inst|cnt_1ms[4]                            ;
; 9.783 ; 10.003       ; 0.220          ; High Pulse Width ; sys_clk ; Rise       ; inf_rcv:inf_rcv_inst|seg_595_dynamic:seg_595_dynamic_inst|seg_dynamic:seg_dynamic_inst|cnt_1ms[6]                            ;
; 9.783 ; 10.003       ; 0.220          ; High Pulse Width ; sys_clk ; Rise       ; inf_rcv:inf_rcv_inst|seg_595_dynamic:seg_595_dynamic_inst|seg_dynamic:seg_dynamic_inst|cnt_1ms[8]                            ;
; 9.783 ; 10.003       ; 0.220          ; High Pulse Width ; sys_clk ; Rise       ; inf_rcv:inf_rcv_inst|seg_595_dynamic:seg_595_dynamic_inst|seg_dynamic:seg_dynamic_inst|cnt_1ms[9]                            ;
; 9.783 ; 10.003       ; 0.220          ; High Pulse Width ; sys_clk ; Rise       ; inf_rcv:inf_rcv_inst|seg_595_dynamic:seg_595_dynamic_inst|seg_dynamic:seg_dynamic_inst|data_reg[0]                           ;
; 9.783 ; 10.003       ; 0.220          ; High Pulse Width ; sys_clk ; Rise       ; inf_rcv:inf_rcv_inst|seg_595_dynamic:seg_595_dynamic_inst|seg_dynamic:seg_dynamic_inst|data_reg[10]                          ;
; 9.783 ; 10.003       ; 0.220          ; High Pulse Width ; sys_clk ; Rise       ; inf_rcv:inf_rcv_inst|seg_595_dynamic:seg_595_dynamic_inst|seg_dynamic:seg_dynamic_inst|data_reg[14]                          ;
; 9.783 ; 10.003       ; 0.220          ; High Pulse Width ; sys_clk ; Rise       ; inf_rcv:inf_rcv_inst|seg_595_dynamic:seg_595_dynamic_inst|seg_dynamic:seg_dynamic_inst|data_reg[20]                          ;
; 9.783 ; 10.003       ; 0.220          ; High Pulse Width ; sys_clk ; Rise       ; inf_rcv:inf_rcv_inst|seg_595_dynamic:seg_595_dynamic_inst|seg_dynamic:seg_dynamic_inst|data_reg[21]                          ;
+-------+--------------+----------------+------------------+---------+------------+------------------------------------------------------------------------------------------------------------------------------+


+--------------------------------------------------------------------------------------------------------------------------------------------------------------------------------------------------------------------------+
; Slow 1200mV 85C Model Minimum Pulse Width: 'pll_25mhz_inst|altpll_component|auto_generated|pll1|clk[0]'                                                                                                                  ;
+--------+--------------+----------------+------------------+------------------------------------------------------------+------------+------------------------------------------------------------------------------------+
; Slack  ; Actual Width ; Required Width ; Type             ; Clock                                                      ; Clock Edge ; Target                                                                             ;
+--------+--------------+----------------+------------------+------------------------------------------------------------+------------+------------------------------------------------------------------------------------+
; 19.717 ; 19.937       ; 0.220          ; High Pulse Width ; pll_25mhz_inst|altpll_component|auto_generated|pll1|clk[0] ; Rise       ; pic_rgb_gen:pic_rgb_gen_inst|direct_sig_ctrl:direct_sig_ctrl_inst|direct_reg.DOWN  ;
; 19.717 ; 19.937       ; 0.220          ; High Pulse Width ; pll_25mhz_inst|altpll_component|auto_generated|pll1|clk[0] ; Rise       ; pic_rgb_gen:pic_rgb_gen_inst|direct_sig_ctrl:direct_sig_ctrl_inst|direct_reg.LEFT  ;
; 19.717 ; 19.937       ; 0.220          ; High Pulse Width ; pll_25mhz_inst|altpll_component|auto_generated|pll1|clk[0] ; Rise       ; pic_rgb_gen:pic_rgb_gen_inst|direct_sig_ctrl:direct_sig_ctrl_inst|direct_reg.RIGHT ;
; 19.717 ; 19.937       ; 0.220          ; High Pulse Width ; pll_25mhz_inst|altpll_component|auto_generated|pll1|clk[0] ; Rise       ; pic_rgb_gen:pic_rgb_gen_inst|direct_sig_ctrl:direct_sig_ctrl_inst|direct_reg.UP    ;
; 19.718 ; 19.938       ; 0.220          ; High Pulse Width ; pll_25mhz_inst|altpll_component|auto_generated|pll1|clk[0] ; Rise       ; pic_rgb_gen:pic_rgb_gen_inst|address_b[5]                                          ;
; 19.718 ; 19.938       ; 0.220          ; High Pulse Width ; pll_25mhz_inst|altpll_component|auto_generated|pll1|clk[0] ; Rise       ; pic_rgb_gen:pic_rgb_gen_inst|address_b[6]                                          ;
; 19.718 ; 19.938       ; 0.220          ; High Pulse Width ; pll_25mhz_inst|altpll_component|auto_generated|pll1|clk[0] ; Rise       ; vga_ctrl:vga_ctrl_inst|cnt_h[8]                                                    ;
; 19.718 ; 19.938       ; 0.220          ; High Pulse Width ; pll_25mhz_inst|altpll_component|auto_generated|pll1|clk[0] ; Rise       ; vga_ctrl:vga_ctrl_inst|cnt_h[9]                                                    ;
; 19.718 ; 19.938       ; 0.220          ; High Pulse Width ; pll_25mhz_inst|altpll_component|auto_generated|pll1|clk[0] ; Rise       ; vga_ctrl:vga_ctrl_inst|cnt_v[1]                                                    ;
; 19.718 ; 19.938       ; 0.220          ; High Pulse Width ; pll_25mhz_inst|altpll_component|auto_generated|pll1|clk[0] ; Rise       ; vga_ctrl:vga_ctrl_inst|cnt_v[2]                                                    ;
; 19.718 ; 19.938       ; 0.220          ; High Pulse Width ; pll_25mhz_inst|altpll_component|auto_generated|pll1|clk[0] ; Rise       ; vga_ctrl:vga_ctrl_inst|cnt_v[9]                                                    ;
; 19.719 ; 19.939       ; 0.220          ; High Pulse Width ; pll_25mhz_inst|altpll_component|auto_generated|pll1|clk[0] ; Rise       ; pic_rgb_gen:pic_rgb_gen_inst|cnt_tick[0]                                           ;
; 19.719 ; 19.939       ; 0.220          ; High Pulse Width ; pll_25mhz_inst|altpll_component|auto_generated|pll1|clk[0] ; Rise       ; pic_rgb_gen:pic_rgb_gen_inst|cnt_tick[10]                                          ;
; 19.719 ; 19.939       ; 0.220          ; High Pulse Width ; pll_25mhz_inst|altpll_component|auto_generated|pll1|clk[0] ; Rise       ; pic_rgb_gen:pic_rgb_gen_inst|cnt_tick[1]                                           ;
; 19.719 ; 19.939       ; 0.220          ; High Pulse Width ; pll_25mhz_inst|altpll_component|auto_generated|pll1|clk[0] ; Rise       ; pic_rgb_gen:pic_rgb_gen_inst|cnt_tick[2]                                           ;
; 19.719 ; 19.939       ; 0.220          ; High Pulse Width ; pll_25mhz_inst|altpll_component|auto_generated|pll1|clk[0] ; Rise       ; pic_rgb_gen:pic_rgb_gen_inst|cnt_tick[3]                                           ;
; 19.719 ; 19.939       ; 0.220          ; High Pulse Width ; pll_25mhz_inst|altpll_component|auto_generated|pll1|clk[0] ; Rise       ; pic_rgb_gen:pic_rgb_gen_inst|cnt_tick[4]                                           ;
; 19.719 ; 19.939       ; 0.220          ; High Pulse Width ; pll_25mhz_inst|altpll_component|auto_generated|pll1|clk[0] ; Rise       ; pic_rgb_gen:pic_rgb_gen_inst|cnt_tick[5]                                           ;
; 19.719 ; 19.939       ; 0.220          ; High Pulse Width ; pll_25mhz_inst|altpll_component|auto_generated|pll1|clk[0] ; Rise       ; pic_rgb_gen:pic_rgb_gen_inst|cnt_tick[6]                                           ;
; 19.719 ; 19.939       ; 0.220          ; High Pulse Width ; pll_25mhz_inst|altpll_component|auto_generated|pll1|clk[0] ; Rise       ; pic_rgb_gen:pic_rgb_gen_inst|cnt_tick[7]                                           ;
; 19.719 ; 19.939       ; 0.220          ; High Pulse Width ; pll_25mhz_inst|altpll_component|auto_generated|pll1|clk[0] ; Rise       ; pic_rgb_gen:pic_rgb_gen_inst|cnt_tick[8]                                           ;
; 19.719 ; 19.939       ; 0.220          ; High Pulse Width ; pll_25mhz_inst|altpll_component|auto_generated|pll1|clk[0] ; Rise       ; pic_rgb_gen:pic_rgb_gen_inst|cnt_tick[9]                                           ;
; 19.719 ; 19.939       ; 0.220          ; High Pulse Width ; pll_25mhz_inst|altpll_component|auto_generated|pll1|clk[0] ; Rise       ; pic_rgb_gen:pic_rgb_gen_inst|direct_sig_ctrl:direct_sig_ctrl_inst|direct[0]        ;
; 19.719 ; 19.939       ; 0.220          ; High Pulse Width ; pll_25mhz_inst|altpll_component|auto_generated|pll1|clk[0] ; Rise       ; pic_rgb_gen:pic_rgb_gen_inst|direct_sig_ctrl:direct_sig_ctrl_inst|direct[1]        ;
; 19.719 ; 19.939       ; 0.220          ; High Pulse Width ; pll_25mhz_inst|altpll_component|auto_generated|pll1|clk[0] ; Rise       ; pic_rgb_gen:pic_rgb_gen_inst|direct_sig_ctrl:direct_sig_ctrl_inst|direct[2]        ;
; 19.719 ; 19.939       ; 0.220          ; High Pulse Width ; pll_25mhz_inst|altpll_component|auto_generated|pll1|clk[0] ; Rise       ; pic_rgb_gen:pic_rgb_gen_inst|direct_sig_ctrl:direct_sig_ctrl_inst|direct[3]        ;
; 19.719 ; 19.939       ; 0.220          ; High Pulse Width ; pll_25mhz_inst|altpll_component|auto_generated|pll1|clk[0] ; Rise       ; pic_rgb_gen:pic_rgb_gen_inst|direct_sig_ctrl:direct_sig_ctrl_inst|direct_tick[0]   ;
; 19.719 ; 19.939       ; 0.220          ; High Pulse Width ; pll_25mhz_inst|altpll_component|auto_generated|pll1|clk[0] ; Rise       ; pic_rgb_gen:pic_rgb_gen_inst|direct_sig_ctrl:direct_sig_ctrl_inst|direct_tick[1]   ;
; 19.719 ; 19.939       ; 0.220          ; High Pulse Width ; pll_25mhz_inst|altpll_component|auto_generated|pll1|clk[0] ; Rise       ; pic_rgb_gen:pic_rgb_gen_inst|direct_sig_ctrl:direct_sig_ctrl_inst|direct_tick[2]   ;
; 19.719 ; 19.939       ; 0.220          ; High Pulse Width ; pll_25mhz_inst|altpll_component|auto_generated|pll1|clk[0] ; Rise       ; pic_rgb_gen:pic_rgb_gen_inst|direct_sig_ctrl:direct_sig_ctrl_inst|direct_tick[3]   ;
; 19.719 ; 19.939       ; 0.220          ; High Pulse Width ; pll_25mhz_inst|altpll_component|auto_generated|pll1|clk[0] ; Rise       ; pic_rgb_gen:pic_rgb_gen_inst|game_tick_dly1                                        ;
; 19.719 ; 19.939       ; 0.220          ; High Pulse Width ; pll_25mhz_inst|altpll_component|auto_generated|pll1|clk[0] ; Rise       ; pic_rgb_gen:pic_rgb_gen_inst|new_head_y[1]                                         ;
; 19.719 ; 19.939       ; 0.220          ; High Pulse Width ; pll_25mhz_inst|altpll_component|auto_generated|pll1|clk[0] ; Rise       ; pic_rgb_gen:pic_rgb_gen_inst|new_head_y[2]                                         ;
; 19.719 ; 19.939       ; 0.220          ; High Pulse Width ; pll_25mhz_inst|altpll_component|auto_generated|pll1|clk[0] ; Rise       ; pic_rgb_gen:pic_rgb_gen_inst|new_head_y[3]                                         ;
; 19.719 ; 19.939       ; 0.220          ; High Pulse Width ; pll_25mhz_inst|altpll_component|auto_generated|pll1|clk[0] ; Rise       ; vga_ctrl:vga_ctrl_inst|cnt_v[0]                                                    ;
; 19.719 ; 19.939       ; 0.220          ; High Pulse Width ; pll_25mhz_inst|altpll_component|auto_generated|pll1|clk[0] ; Rise       ; vga_ctrl:vga_ctrl_inst|cnt_v[3]                                                    ;
; 19.719 ; 19.939       ; 0.220          ; High Pulse Width ; pll_25mhz_inst|altpll_component|auto_generated|pll1|clk[0] ; Rise       ; vga_ctrl:vga_ctrl_inst|cnt_v[4]                                                    ;
; 19.720 ; 19.940       ; 0.220          ; High Pulse Width ; pll_25mhz_inst|altpll_component|auto_generated|pll1|clk[0] ; Rise       ; pic_rgb_gen:pic_rgb_gen_inst|address_b[4]                                          ;
; 19.720 ; 19.940       ; 0.220          ; High Pulse Width ; pll_25mhz_inst|altpll_component|auto_generated|pll1|clk[0] ; Rise       ; pic_rgb_gen:pic_rgb_gen_inst|address_b[7]                                          ;
; 19.720 ; 19.940       ; 0.220          ; High Pulse Width ; pll_25mhz_inst|altpll_component|auto_generated|pll1|clk[0] ; Rise       ; pic_rgb_gen:pic_rgb_gen_inst|cnt_pre_addr[0]                                       ;
; 19.720 ; 19.940       ; 0.220          ; High Pulse Width ; pll_25mhz_inst|altpll_component|auto_generated|pll1|clk[0] ; Rise       ; pic_rgb_gen:pic_rgb_gen_inst|cnt_pre_addr[1]                                       ;
; 19.720 ; 19.940       ; 0.220          ; High Pulse Width ; pll_25mhz_inst|altpll_component|auto_generated|pll1|clk[0] ; Rise       ; pic_rgb_gen:pic_rgb_gen_inst|cnt_pre_addr[2]                                       ;
; 19.720 ; 19.940       ; 0.220          ; High Pulse Width ; pll_25mhz_inst|altpll_component|auto_generated|pll1|clk[0] ; Rise       ; pic_rgb_gen:pic_rgb_gen_inst|cnt_pre_addr[3]                                       ;
; 19.720 ; 19.940       ; 0.220          ; High Pulse Width ; pll_25mhz_inst|altpll_component|auto_generated|pll1|clk[0] ; Rise       ; pic_rgb_gen:pic_rgb_gen_inst|cnt_pre_addr[4]                                       ;
; 19.720 ; 19.940       ; 0.220          ; High Pulse Width ; pll_25mhz_inst|altpll_component|auto_generated|pll1|clk[0] ; Rise       ; pic_rgb_gen:pic_rgb_gen_inst|cnt_pre_addr[5]                                       ;
; 19.720 ; 19.940       ; 0.220          ; High Pulse Width ; pll_25mhz_inst|altpll_component|auto_generated|pll1|clk[0] ; Rise       ; pic_rgb_gen:pic_rgb_gen_inst|cnt_pre_addr[6]                                       ;
; 19.720 ; 19.940       ; 0.220          ; High Pulse Width ; pll_25mhz_inst|altpll_component|auto_generated|pll1|clk[0] ; Rise       ; pic_rgb_gen:pic_rgb_gen_inst|cnt_pre_addr[7]                                       ;
; 19.720 ; 19.940       ; 0.220          ; High Pulse Width ; pll_25mhz_inst|altpll_component|auto_generated|pll1|clk[0] ; Rise       ; pic_rgb_gen:pic_rgb_gen_inst|cnt_tick[11]                                          ;
; 19.720 ; 19.940       ; 0.220          ; High Pulse Width ; pll_25mhz_inst|altpll_component|auto_generated|pll1|clk[0] ; Rise       ; pic_rgb_gen:pic_rgb_gen_inst|cnt_tick[12]                                          ;
; 19.720 ; 19.940       ; 0.220          ; High Pulse Width ; pll_25mhz_inst|altpll_component|auto_generated|pll1|clk[0] ; Rise       ; pic_rgb_gen:pic_rgb_gen_inst|cnt_tick[13]                                          ;
; 19.720 ; 19.940       ; 0.220          ; High Pulse Width ; pll_25mhz_inst|altpll_component|auto_generated|pll1|clk[0] ; Rise       ; pic_rgb_gen:pic_rgb_gen_inst|cnt_tick[14]                                          ;
; 19.720 ; 19.940       ; 0.220          ; High Pulse Width ; pll_25mhz_inst|altpll_component|auto_generated|pll1|clk[0] ; Rise       ; pic_rgb_gen:pic_rgb_gen_inst|cnt_tick[15]                                          ;
; 19.720 ; 19.940       ; 0.220          ; High Pulse Width ; pll_25mhz_inst|altpll_component|auto_generated|pll1|clk[0] ; Rise       ; pic_rgb_gen:pic_rgb_gen_inst|cnt_tick[16]                                          ;
; 19.720 ; 19.940       ; 0.220          ; High Pulse Width ; pll_25mhz_inst|altpll_component|auto_generated|pll1|clk[0] ; Rise       ; pic_rgb_gen:pic_rgb_gen_inst|cnt_tick[17]                                          ;
; 19.720 ; 19.940       ; 0.220          ; High Pulse Width ; pll_25mhz_inst|altpll_component|auto_generated|pll1|clk[0] ; Rise       ; pic_rgb_gen:pic_rgb_gen_inst|cnt_tick[18]                                          ;
; 19.720 ; 19.940       ; 0.220          ; High Pulse Width ; pll_25mhz_inst|altpll_component|auto_generated|pll1|clk[0] ; Rise       ; pic_rgb_gen:pic_rgb_gen_inst|cnt_tick[19]                                          ;
; 19.720 ; 19.940       ; 0.220          ; High Pulse Width ; pll_25mhz_inst|altpll_component|auto_generated|pll1|clk[0] ; Rise       ; pic_rgb_gen:pic_rgb_gen_inst|cnt_tick[20]                                          ;
; 19.720 ; 19.940       ; 0.220          ; High Pulse Width ; pll_25mhz_inst|altpll_component|auto_generated|pll1|clk[0] ; Rise       ; pic_rgb_gen:pic_rgb_gen_inst|cnt_tick[21]                                          ;
; 19.720 ; 19.940       ; 0.220          ; High Pulse Width ; pll_25mhz_inst|altpll_component|auto_generated|pll1|clk[0] ; Rise       ; pic_rgb_gen:pic_rgb_gen_inst|cnt_tick[22]                                          ;
; 19.720 ; 19.940       ; 0.220          ; High Pulse Width ; pll_25mhz_inst|altpll_component|auto_generated|pll1|clk[0] ; Rise       ; pic_rgb_gen:pic_rgb_gen_inst|death                                                 ;
; 19.720 ; 19.940       ; 0.220          ; High Pulse Width ; pll_25mhz_inst|altpll_component|auto_generated|pll1|clk[0] ; Rise       ; pic_rgb_gen:pic_rgb_gen_inst|fruit                                                 ;
; 19.720 ; 19.940       ; 0.220          ; High Pulse Width ; pll_25mhz_inst|altpll_component|auto_generated|pll1|clk[0] ; Rise       ; pic_rgb_gen:pic_rgb_gen_inst|fruit_req                                             ;
; 19.720 ; 19.940       ; 0.220          ; High Pulse Width ; pll_25mhz_inst|altpll_component|auto_generated|pll1|clk[0] ; Rise       ; pic_rgb_gen:pic_rgb_gen_inst|fruit_req_dly2                                        ;
; 19.720 ; 19.940       ; 0.220          ; High Pulse Width ; pll_25mhz_inst|altpll_component|auto_generated|pll1|clk[0] ; Rise       ; pic_rgb_gen:pic_rgb_gen_inst|game_tick                                             ;
; 19.720 ; 19.940       ; 0.220          ; High Pulse Width ; pll_25mhz_inst|altpll_component|auto_generated|pll1|clk[0] ; Rise       ; pic_rgb_gen:pic_rgb_gen_inst|game_tick_dly2                                        ;
; 19.720 ; 19.940       ; 0.220          ; High Pulse Width ; pll_25mhz_inst|altpll_component|auto_generated|pll1|clk[0] ; Rise       ; pic_rgb_gen:pic_rgb_gen_inst|game_tick_dly4                                        ;
; 19.720 ; 19.940       ; 0.220          ; High Pulse Width ; pll_25mhz_inst|altpll_component|auto_generated|pll1|clk[0] ; Rise       ; pic_rgb_gen:pic_rgb_gen_inst|game_tick_dly5                                        ;
; 19.720 ; 19.940       ; 0.220          ; High Pulse Width ; pll_25mhz_inst|altpll_component|auto_generated|pll1|clk[0] ; Rise       ; pic_rgb_gen:pic_rgb_gen_inst|game_tick_dly7                                        ;
; 19.720 ; 19.940       ; 0.220          ; High Pulse Width ; pll_25mhz_inst|altpll_component|auto_generated|pll1|clk[0] ; Rise       ; pic_rgb_gen:pic_rgb_gen_inst|gen_en                                                ;
; 19.720 ; 19.940       ; 0.220          ; High Pulse Width ; pll_25mhz_inst|altpll_component|auto_generated|pll1|clk[0] ; Rise       ; pic_rgb_gen:pic_rgb_gen_inst|lfsr_shift                                            ;
; 19.720 ; 19.940       ; 0.220          ; High Pulse Width ; pll_25mhz_inst|altpll_component|auto_generated|pll1|clk[0] ; Rise       ; pic_rgb_gen:pic_rgb_gen_inst|lfsr_shift_dly1                                       ;
; 19.720 ; 19.940       ; 0.220          ; High Pulse Width ; pll_25mhz_inst|altpll_component|auto_generated|pll1|clk[0] ; Rise       ; pic_rgb_gen:pic_rgb_gen_inst|lfsr_shift_dly2                                       ;
; 19.720 ; 19.940       ; 0.220          ; High Pulse Width ; pll_25mhz_inst|altpll_component|auto_generated|pll1|clk[0] ; Rise       ; pic_rgb_gen:pic_rgb_gen_inst|lfsr_shift_dly3                                       ;
; 19.720 ; 19.940       ; 0.220          ; High Pulse Width ; pll_25mhz_inst|altpll_component|auto_generated|pll1|clk[0] ; Rise       ; pic_rgb_gen:pic_rgb_gen_inst|pi_en                                                 ;
; 19.720 ; 19.940       ; 0.220          ; High Pulse Width ; pll_25mhz_inst|altpll_component|auto_generated|pll1|clk[0] ; Rise       ; pic_rgb_gen:pic_rgb_gen_inst|po_en                                                 ;
; 19.720 ; 19.940       ; 0.220          ; High Pulse Width ; pll_25mhz_inst|altpll_component|auto_generated|pll1|clk[0] ; Rise       ; pic_rgb_gen:pic_rgb_gen_inst|prbs32_to_8:prbs32_to_8_inst|lfsr_reg[10]             ;
; 19.720 ; 19.940       ; 0.220          ; High Pulse Width ; pll_25mhz_inst|altpll_component|auto_generated|pll1|clk[0] ; Rise       ; pic_rgb_gen:pic_rgb_gen_inst|prbs32_to_8:prbs32_to_8_inst|lfsr_reg[11]             ;
; 19.720 ; 19.940       ; 0.220          ; High Pulse Width ; pll_25mhz_inst|altpll_component|auto_generated|pll1|clk[0] ; Rise       ; pic_rgb_gen:pic_rgb_gen_inst|prbs32_to_8:prbs32_to_8_inst|lfsr_reg[12]             ;
; 19.720 ; 19.940       ; 0.220          ; High Pulse Width ; pll_25mhz_inst|altpll_component|auto_generated|pll1|clk[0] ; Rise       ; pic_rgb_gen:pic_rgb_gen_inst|prbs32_to_8:prbs32_to_8_inst|lfsr_reg[13]             ;
; 19.720 ; 19.940       ; 0.220          ; High Pulse Width ; pll_25mhz_inst|altpll_component|auto_generated|pll1|clk[0] ; Rise       ; pic_rgb_gen:pic_rgb_gen_inst|prbs32_to_8:prbs32_to_8_inst|lfsr_reg[14]             ;
; 19.720 ; 19.940       ; 0.220          ; High Pulse Width ; pll_25mhz_inst|altpll_component|auto_generated|pll1|clk[0] ; Rise       ; pic_rgb_gen:pic_rgb_gen_inst|prbs32_to_8:prbs32_to_8_inst|lfsr_reg[15]             ;
; 19.720 ; 19.940       ; 0.220          ; High Pulse Width ; pll_25mhz_inst|altpll_component|auto_generated|pll1|clk[0] ; Rise       ; pic_rgb_gen:pic_rgb_gen_inst|prbs32_to_8:prbs32_to_8_inst|lfsr_reg[16]             ;
; 19.720 ; 19.940       ; 0.220          ; High Pulse Width ; pll_25mhz_inst|altpll_component|auto_generated|pll1|clk[0] ; Rise       ; pic_rgb_gen:pic_rgb_gen_inst|prbs32_to_8:prbs32_to_8_inst|lfsr_reg[17]             ;
; 19.720 ; 19.940       ; 0.220          ; High Pulse Width ; pll_25mhz_inst|altpll_component|auto_generated|pll1|clk[0] ; Rise       ; pic_rgb_gen:pic_rgb_gen_inst|prbs32_to_8:prbs32_to_8_inst|lfsr_reg[18]             ;
; 19.720 ; 19.940       ; 0.220          ; High Pulse Width ; pll_25mhz_inst|altpll_component|auto_generated|pll1|clk[0] ; Rise       ; pic_rgb_gen:pic_rgb_gen_inst|prbs32_to_8:prbs32_to_8_inst|lfsr_reg[19]             ;
; 19.720 ; 19.940       ; 0.220          ; High Pulse Width ; pll_25mhz_inst|altpll_component|auto_generated|pll1|clk[0] ; Rise       ; pic_rgb_gen:pic_rgb_gen_inst|prbs32_to_8:prbs32_to_8_inst|lfsr_reg[20]             ;
; 19.720 ; 19.940       ; 0.220          ; High Pulse Width ; pll_25mhz_inst|altpll_component|auto_generated|pll1|clk[0] ; Rise       ; pic_rgb_gen:pic_rgb_gen_inst|prbs32_to_8:prbs32_to_8_inst|lfsr_reg[21]             ;
; 19.720 ; 19.940       ; 0.220          ; High Pulse Width ; pll_25mhz_inst|altpll_component|auto_generated|pll1|clk[0] ; Rise       ; pic_rgb_gen:pic_rgb_gen_inst|prbs32_to_8:prbs32_to_8_inst|lfsr_reg[22]             ;
; 19.720 ; 19.940       ; 0.220          ; High Pulse Width ; pll_25mhz_inst|altpll_component|auto_generated|pll1|clk[0] ; Rise       ; pic_rgb_gen:pic_rgb_gen_inst|prbs32_to_8:prbs32_to_8_inst|lfsr_reg[3]              ;
; 19.720 ; 19.940       ; 0.220          ; High Pulse Width ; pll_25mhz_inst|altpll_component|auto_generated|pll1|clk[0] ; Rise       ; pic_rgb_gen:pic_rgb_gen_inst|prbs32_to_8:prbs32_to_8_inst|lfsr_reg[4]              ;
; 19.720 ; 19.940       ; 0.220          ; High Pulse Width ; pll_25mhz_inst|altpll_component|auto_generated|pll1|clk[0] ; Rise       ; pic_rgb_gen:pic_rgb_gen_inst|prbs32_to_8:prbs32_to_8_inst|lfsr_reg[5]              ;
; 19.720 ; 19.940       ; 0.220          ; High Pulse Width ; pll_25mhz_inst|altpll_component|auto_generated|pll1|clk[0] ; Rise       ; pic_rgb_gen:pic_rgb_gen_inst|prbs32_to_8:prbs32_to_8_inst|lfsr_reg[6]              ;
; 19.720 ; 19.940       ; 0.220          ; High Pulse Width ; pll_25mhz_inst|altpll_component|auto_generated|pll1|clk[0] ; Rise       ; pic_rgb_gen:pic_rgb_gen_inst|prbs32_to_8:prbs32_to_8_inst|lfsr_reg[7]              ;
; 19.720 ; 19.940       ; 0.220          ; High Pulse Width ; pll_25mhz_inst|altpll_component|auto_generated|pll1|clk[0] ; Rise       ; pic_rgb_gen:pic_rgb_gen_inst|prbs32_to_8:prbs32_to_8_inst|lfsr_reg[8]              ;
; 19.720 ; 19.940       ; 0.220          ; High Pulse Width ; pll_25mhz_inst|altpll_component|auto_generated|pll1|clk[0] ; Rise       ; pic_rgb_gen:pic_rgb_gen_inst|prbs32_to_8:prbs32_to_8_inst|lfsr_reg[9]              ;
; 19.720 ; 19.940       ; 0.220          ; High Pulse Width ; pll_25mhz_inst|altpll_component|auto_generated|pll1|clk[0] ; Rise       ; pic_rgb_gen:pic_rgb_gen_inst|pre_game                                              ;
; 19.720 ; 19.940       ; 0.220          ; High Pulse Width ; pll_25mhz_inst|altpll_component|auto_generated|pll1|clk[0] ; Rise       ; pic_rgb_gen:pic_rgb_gen_inst|pre_game_dly                                          ;
; 19.720 ; 19.940       ; 0.220          ; High Pulse Width ; pll_25mhz_inst|altpll_component|auto_generated|pll1|clk[0] ; Rise       ; pic_rgb_gen:pic_rgb_gen_inst|seed[1]                                               ;
; 19.720 ; 19.940       ; 0.220          ; High Pulse Width ; pll_25mhz_inst|altpll_component|auto_generated|pll1|clk[0] ; Rise       ; pic_rgb_gen:pic_rgb_gen_inst|state.ARBIT                                           ;
; 19.720 ; 19.940       ; 0.220          ; High Pulse Width ; pll_25mhz_inst|altpll_component|auto_generated|pll1|clk[0] ; Rise       ; pic_rgb_gen:pic_rgb_gen_inst|state.GENF                                            ;
+--------+--------------+----------------+------------------+------------------------------------------------------------+------------+------------------------------------------------------------------------------------+


+------------------------------------------------------------------------------------------------------------------+
; Setup Times                                                                                                      ;
+-----------+------------+-------+-------+------------+------------------------------------------------------------+
; Data Port ; Clock Port ; Rise  ; Fall  ; Clock Edge ; Clock Reference                                            ;
+-----------+------------+-------+-------+------------+------------------------------------------------------------+
; sys_rst_n ; sys_clk    ; 5.304 ; 5.588 ; Rise       ; pll_25mhz_inst|altpll_component|auto_generated|pll1|clk[0] ;
; inf_in    ; sys_clk    ; 2.155 ; 2.367 ; Rise       ; sys_clk                                                    ;
+-----------+------------+-------+-------+------------+------------------------------------------------------------+


+--------------------------------------------------------------------------------------------------------------------+
; Hold Times                                                                                                         ;
+-----------+------------+--------+--------+------------+------------------------------------------------------------+
; Data Port ; Clock Port ; Rise   ; Fall   ; Clock Edge ; Clock Reference                                            ;
+-----------+------------+--------+--------+------------+------------------------------------------------------------+
; sys_rst_n ; sys_clk    ; -3.577 ; -3.839 ; Rise       ; pll_25mhz_inst|altpll_component|auto_generated|pll1|clk[0] ;
; inf_in    ; sys_clk    ; -1.689 ; -1.878 ; Rise       ; sys_clk                                                    ;
+-----------+------------+--------+--------+------------+------------------------------------------------------------+


+--------------------------------------------------------------------------------------------------------------------+
; Clock to Output Times                                                                                              ;
+-----------+------------+--------+--------+------------+------------------------------------------------------------+
; Data Port ; Clock Port ; Rise   ; Fall   ; Clock Edge ; Clock Reference                                            ;
+-----------+------------+--------+--------+------------+------------------------------------------------------------+
; hsync     ; sys_clk    ; 7.242  ; 7.306  ; Rise       ; pll_25mhz_inst|altpll_component|auto_generated|pll1|clk[0] ;
; rgb[*]    ; sys_clk    ; 12.294 ; 11.704 ; Rise       ; pll_25mhz_inst|altpll_component|auto_generated|pll1|clk[0] ;
;  rgb[0]   ; sys_clk    ; 11.538 ; 11.036 ; Rise       ; pll_25mhz_inst|altpll_component|auto_generated|pll1|clk[0] ;
;  rgb[1]   ; sys_clk    ; 11.919 ; 11.385 ; Rise       ; pll_25mhz_inst|altpll_component|auto_generated|pll1|clk[0] ;
;  rgb[2]   ; sys_clk    ; 11.909 ; 11.375 ; Rise       ; pll_25mhz_inst|altpll_component|auto_generated|pll1|clk[0] ;
;  rgb[3]   ; sys_clk    ; 12.294 ; 11.704 ; Rise       ; pll_25mhz_inst|altpll_component|auto_generated|pll1|clk[0] ;
;  rgb[4]   ; sys_clk    ; 12.284 ; 11.694 ; Rise       ; pll_25mhz_inst|altpll_component|auto_generated|pll1|clk[0] ;
;  rgb[5]   ; sys_clk    ; 11.671 ; 11.139 ; Rise       ; pll_25mhz_inst|altpll_component|auto_generated|pll1|clk[0] ;
;  rgb[6]   ; sys_clk    ; 11.661 ; 11.129 ; Rise       ; pll_25mhz_inst|altpll_component|auto_generated|pll1|clk[0] ;
;  rgb[7]   ; sys_clk    ; 11.670 ; 11.134 ; Rise       ; pll_25mhz_inst|altpll_component|auto_generated|pll1|clk[0] ;
;  rgb[8]   ; sys_clk    ; 11.670 ; 11.134 ; Rise       ; pll_25mhz_inst|altpll_component|auto_generated|pll1|clk[0] ;
;  rgb[9]   ; sys_clk    ; 11.256 ; 10.777 ; Rise       ; pll_25mhz_inst|altpll_component|auto_generated|pll1|clk[0] ;
;  rgb[10]  ; sys_clk    ; 11.266 ; 10.787 ; Rise       ; pll_25mhz_inst|altpll_component|auto_generated|pll1|clk[0] ;
;  rgb[11]  ; sys_clk    ; 10.787 ; 10.326 ; Rise       ; pll_25mhz_inst|altpll_component|auto_generated|pll1|clk[0] ;
;  rgb[12]  ; sys_clk    ; 10.797 ; 10.336 ; Rise       ; pll_25mhz_inst|altpll_component|auto_generated|pll1|clk[0] ;
;  rgb[13]  ; sys_clk    ; 11.364 ; 10.826 ; Rise       ; pll_25mhz_inst|altpll_component|auto_generated|pll1|clk[0] ;
;  rgb[14]  ; sys_clk    ; 11.354 ; 10.816 ; Rise       ; pll_25mhz_inst|altpll_component|auto_generated|pll1|clk[0] ;
;  rgb[15]  ; sys_clk    ; 11.384 ; 10.846 ; Rise       ; pll_25mhz_inst|altpll_component|auto_generated|pll1|clk[0] ;
; vsync     ; sys_clk    ; 8.147  ; 8.287  ; Rise       ; pll_25mhz_inst|altpll_component|auto_generated|pll1|clk[0] ;
; ds        ; sys_clk    ; 8.198  ; 8.052  ; Rise       ; sys_clk                                                    ;
; led       ; sys_clk    ; 7.820  ; 7.978  ; Rise       ; sys_clk                                                    ;
; shcp      ; sys_clk    ; 7.422  ; 7.299  ; Rise       ; sys_clk                                                    ;
; stcp      ; sys_clk    ; 8.568  ; 8.339  ; Rise       ; sys_clk                                                    ;
+-----------+------------+--------+--------+------------+------------------------------------------------------------+


+------------------------------------------------------------------------------------------------------------------+
; Minimum Clock to Output Times                                                                                    ;
+-----------+------------+-------+-------+------------+------------------------------------------------------------+
; Data Port ; Clock Port ; Rise  ; Fall  ; Clock Edge ; Clock Reference                                            ;
+-----------+------------+-------+-------+------------+------------------------------------------------------------+
; hsync     ; sys_clk    ; 5.411 ; 5.653 ; Rise       ; pll_25mhz_inst|altpll_component|auto_generated|pll1|clk[0] ;
; rgb[*]    ; sys_clk    ; 4.901 ; 4.670 ; Rise       ; pll_25mhz_inst|altpll_component|auto_generated|pll1|clk[0] ;
;  rgb[0]   ; sys_clk    ; 5.351 ; 5.174 ; Rise       ; pll_25mhz_inst|altpll_component|auto_generated|pll1|clk[0] ;
;  rgb[1]   ; sys_clk    ; 5.717 ; 5.511 ; Rise       ; pll_25mhz_inst|altpll_component|auto_generated|pll1|clk[0] ;
;  rgb[2]   ; sys_clk    ; 5.707 ; 5.501 ; Rise       ; pll_25mhz_inst|altpll_component|auto_generated|pll1|clk[0] ;
;  rgb[3]   ; sys_clk    ; 6.076 ; 5.816 ; Rise       ; pll_25mhz_inst|altpll_component|auto_generated|pll1|clk[0] ;
;  rgb[4]   ; sys_clk    ; 6.066 ; 5.806 ; Rise       ; pll_25mhz_inst|altpll_component|auto_generated|pll1|clk[0] ;
;  rgb[5]   ; sys_clk    ; 5.478 ; 5.274 ; Rise       ; pll_25mhz_inst|altpll_component|auto_generated|pll1|clk[0] ;
;  rgb[6]   ; sys_clk    ; 5.468 ; 5.264 ; Rise       ; pll_25mhz_inst|altpll_component|auto_generated|pll1|clk[0] ;
;  rgb[7]   ; sys_clk    ; 5.477 ; 5.268 ; Rise       ; pll_25mhz_inst|altpll_component|auto_generated|pll1|clk[0] ;
;  rgb[8]   ; sys_clk    ; 5.477 ; 5.268 ; Rise       ; pll_25mhz_inst|altpll_component|auto_generated|pll1|clk[0] ;
;  rgb[9]   ; sys_clk    ; 5.080 ; 4.926 ; Rise       ; pll_25mhz_inst|altpll_component|auto_generated|pll1|clk[0] ;
;  rgb[10]  ; sys_clk    ; 5.090 ; 4.936 ; Rise       ; pll_25mhz_inst|altpll_component|auto_generated|pll1|clk[0] ;
;  rgb[11]  ; sys_clk    ; 4.901 ; 4.670 ; Rise       ; pll_25mhz_inst|altpll_component|auto_generated|pll1|clk[0] ;
;  rgb[12]  ; sys_clk    ; 4.911 ; 4.680 ; Rise       ; pll_25mhz_inst|altpll_component|auto_generated|pll1|clk[0] ;
;  rgb[13]  ; sys_clk    ; 5.455 ; 5.150 ; Rise       ; pll_25mhz_inst|altpll_component|auto_generated|pll1|clk[0] ;
;  rgb[14]  ; sys_clk    ; 5.445 ; 5.140 ; Rise       ; pll_25mhz_inst|altpll_component|auto_generated|pll1|clk[0] ;
;  rgb[15]  ; sys_clk    ; 5.475 ; 5.170 ; Rise       ; pll_25mhz_inst|altpll_component|auto_generated|pll1|clk[0] ;
; vsync     ; sys_clk    ; 5.987 ; 6.270 ; Rise       ; pll_25mhz_inst|altpll_component|auto_generated|pll1|clk[0] ;
; ds        ; sys_clk    ; 7.905 ; 7.764 ; Rise       ; sys_clk                                                    ;
; led       ; sys_clk    ; 7.544 ; 7.698 ; Rise       ; sys_clk                                                    ;
; shcp      ; sys_clk    ; 7.160 ; 7.040 ; Rise       ; sys_clk                                                    ;
; stcp      ; sys_clk    ; 8.265 ; 8.043 ; Rise       ; sys_clk                                                    ;
+-----------+------------+-------+-------+------------+------------------------------------------------------------+


+----------------------------------------------------+
; Propagation Delay                                  ;
+------------+-------------+----+-------+-------+----+
; Input Port ; Output Port ; RR ; RF    ; FR    ; FF ;
+------------+-------------+----+-------+-------+----+
; sys_rst_n  ; oe          ;    ; 6.080 ; 6.386 ;    ;
+------------+-------------+----+-------+-------+----+


+----------------------------------------------------+
; Minimum Propagation Delay                          ;
+------------+-------------+----+-------+-------+----+
; Input Port ; Output Port ; RR ; RF    ; FR    ; FF ;
+------------+-------------+----+-------+-------+----+
; sys_rst_n  ; oe          ;    ; 5.888 ; 6.187 ;    ;
+------------+-------------+----+-------+-------+----+


----------------------------------------------
; Slow 1200mV 85C Model Metastability Report ;
----------------------------------------------
No synchronizer chains to report.


+--------------------------------------------------------------------------------------------------+
; Slow 1200mV 0C Model Fmax Summary                                                                ;
+------------+-----------------+------------------------------------------------------------+------+
; Fmax       ; Restricted Fmax ; Clock Name                                                 ; Note ;
+------------+-----------------+------------------------------------------------------------+------+
; 51.83 MHz  ; 51.83 MHz       ; pll_25mhz_inst|altpll_component|auto_generated|pll1|clk[0] ;      ;
; 152.58 MHz ; 152.58 MHz      ; sys_clk                                                    ;      ;
+------------+-----------------+------------------------------------------------------------+------+
This panel reports FMAX for every clock in the design, regardless of the user-specified clock periods.  FMAX is only computed for paths where the source and destination registers or ports are driven by the same clock.  Paths of different clocks, including generated clocks, are ignored.  For paths between a clock and its inversion, FMAX is computed as if the rising and falling edges are scaled along with FMAX, such that the duty cycle (in terms of a percentage) is maintained. Altera recommends that you always use clock constraints and other slack reports for sign-off analysis.


+-------------------------------------------------------------------------------------+
; Slow 1200mV 0C Model Setup Summary                                                  ;
+------------------------------------------------------------+--------+---------------+
; Clock                                                      ; Slack  ; End Point TNS ;
+------------------------------------------------------------+--------+---------------+
; sys_clk                                                    ; 13.446 ; 0.000         ;
; pll_25mhz_inst|altpll_component|auto_generated|pll1|clk[0] ; 15.067 ; 0.000         ;
+------------------------------------------------------------+--------+---------------+


+------------------------------------------------------------------------------------+
; Slow 1200mV 0C Model Hold Summary                                                  ;
+------------------------------------------------------------+-------+---------------+
; Clock                                                      ; Slack ; End Point TNS ;
+------------------------------------------------------------+-------+---------------+
; pll_25mhz_inst|altpll_component|auto_generated|pll1|clk[0] ; 0.387 ; 0.000         ;
; sys_clk                                                    ; 0.400 ; 0.000         ;
+------------------------------------------------------------+-------+---------------+


-----------------------------------------
; Slow 1200mV 0C Model Recovery Summary ;
-----------------------------------------
No paths to report.


----------------------------------------
; Slow 1200mV 0C Model Removal Summary ;
----------------------------------------
No paths to report.


+-------------------------------------------------------------------------------------+
; Slow 1200mV 0C Model Minimum Pulse Width Summary                                    ;
+------------------------------------------------------------+--------+---------------+
; Clock                                                      ; Slack  ; End Point TNS ;
+------------------------------------------------------------+--------+---------------+
; sys_clk                                                    ; 9.770  ; 0.000         ;
; pll_25mhz_inst|altpll_component|auto_generated|pll1|clk[0] ; 19.716 ; 0.000         ;
+------------------------------------------------------------+--------+---------------+


+--------------------------------------------------------------------------------------------------------------------------------------------------------------------------------------------------------------------------------------------------------------------------+
; Slow 1200mV 0C Model Setup: 'sys_clk'                                                                                                                                                                                                                                    ;
+--------+-------------------------------------------------------------------------------------------------+-----------------------------------------------------------------------------------------+--------------+-------------+--------------+------------+------------+
; Slack  ; From Node                                                                                       ; To Node                                                                                 ; Launch Clock ; Latch Clock ; Relationship ; Clock Skew ; Data Delay ;
+--------+-------------------------------------------------------------------------------------------------+-----------------------------------------------------------------------------------------+--------------+-------------+--------------+------------+------------+
; 13.446 ; inf_rcv:inf_rcv_inst|led_ctrl:led_ctrl_inst|cnt_50ms[14]                                        ; inf_rcv:inf_rcv_inst|led_ctrl:led_ctrl_inst|cnt_50ms[1]                                 ; sys_clk      ; sys_clk     ; 20.000       ; -0.074     ; 6.482      ;
; 13.446 ; inf_rcv:inf_rcv_inst|led_ctrl:led_ctrl_inst|cnt_50ms[14]                                        ; inf_rcv:inf_rcv_inst|led_ctrl:led_ctrl_inst|cnt_50ms[2]                                 ; sys_clk      ; sys_clk     ; 20.000       ; -0.074     ; 6.482      ;
; 13.446 ; inf_rcv:inf_rcv_inst|led_ctrl:led_ctrl_inst|cnt_50ms[14]                                        ; inf_rcv:inf_rcv_inst|led_ctrl:led_ctrl_inst|cnt_50ms[3]                                 ; sys_clk      ; sys_clk     ; 20.000       ; -0.074     ; 6.482      ;
; 13.446 ; inf_rcv:inf_rcv_inst|led_ctrl:led_ctrl_inst|cnt_50ms[14]                                        ; inf_rcv:inf_rcv_inst|led_ctrl:led_ctrl_inst|cnt_50ms[4]                                 ; sys_clk      ; sys_clk     ; 20.000       ; -0.074     ; 6.482      ;
; 13.446 ; inf_rcv:inf_rcv_inst|led_ctrl:led_ctrl_inst|cnt_50ms[14]                                        ; inf_rcv:inf_rcv_inst|led_ctrl:led_ctrl_inst|cnt_50ms[5]                                 ; sys_clk      ; sys_clk     ; 20.000       ; -0.074     ; 6.482      ;
; 13.446 ; inf_rcv:inf_rcv_inst|led_ctrl:led_ctrl_inst|cnt_50ms[14]                                        ; inf_rcv:inf_rcv_inst|led_ctrl:led_ctrl_inst|cnt_50ms[6]                                 ; sys_clk      ; sys_clk     ; 20.000       ; -0.074     ; 6.482      ;
; 13.446 ; inf_rcv:inf_rcv_inst|led_ctrl:led_ctrl_inst|cnt_50ms[14]                                        ; inf_rcv:inf_rcv_inst|led_ctrl:led_ctrl_inst|cnt_50ms[7]                                 ; sys_clk      ; sys_clk     ; 20.000       ; -0.074     ; 6.482      ;
; 13.446 ; inf_rcv:inf_rcv_inst|led_ctrl:led_ctrl_inst|cnt_50ms[14]                                        ; inf_rcv:inf_rcv_inst|led_ctrl:led_ctrl_inst|cnt_50ms[8]                                 ; sys_clk      ; sys_clk     ; 20.000       ; -0.074     ; 6.482      ;
; 13.446 ; inf_rcv:inf_rcv_inst|led_ctrl:led_ctrl_inst|cnt_50ms[14]                                        ; inf_rcv:inf_rcv_inst|led_ctrl:led_ctrl_inst|cnt_50ms[9]                                 ; sys_clk      ; sys_clk     ; 20.000       ; -0.074     ; 6.482      ;
; 13.446 ; inf_rcv:inf_rcv_inst|led_ctrl:led_ctrl_inst|cnt_50ms[14]                                        ; inf_rcv:inf_rcv_inst|led_ctrl:led_ctrl_inst|cnt_50ms[10]                                ; sys_clk      ; sys_clk     ; 20.000       ; -0.074     ; 6.482      ;
; 13.446 ; inf_rcv:inf_rcv_inst|led_ctrl:led_ctrl_inst|cnt_50ms[14]                                        ; inf_rcv:inf_rcv_inst|led_ctrl:led_ctrl_inst|cnt_50ms[0]                                 ; sys_clk      ; sys_clk     ; 20.000       ; -0.074     ; 6.482      ;
; 13.448 ; inf_rcv:inf_rcv_inst|led_ctrl:led_ctrl_inst|cnt_50ms[15]                                        ; inf_rcv:inf_rcv_inst|led_ctrl:led_ctrl_inst|cnt_50ms[1]                                 ; sys_clk      ; sys_clk     ; 20.000       ; -0.074     ; 6.480      ;
; 13.448 ; inf_rcv:inf_rcv_inst|led_ctrl:led_ctrl_inst|cnt_50ms[15]                                        ; inf_rcv:inf_rcv_inst|led_ctrl:led_ctrl_inst|cnt_50ms[2]                                 ; sys_clk      ; sys_clk     ; 20.000       ; -0.074     ; 6.480      ;
; 13.448 ; inf_rcv:inf_rcv_inst|led_ctrl:led_ctrl_inst|cnt_50ms[15]                                        ; inf_rcv:inf_rcv_inst|led_ctrl:led_ctrl_inst|cnt_50ms[3]                                 ; sys_clk      ; sys_clk     ; 20.000       ; -0.074     ; 6.480      ;
; 13.448 ; inf_rcv:inf_rcv_inst|led_ctrl:led_ctrl_inst|cnt_50ms[15]                                        ; inf_rcv:inf_rcv_inst|led_ctrl:led_ctrl_inst|cnt_50ms[4]                                 ; sys_clk      ; sys_clk     ; 20.000       ; -0.074     ; 6.480      ;
; 13.448 ; inf_rcv:inf_rcv_inst|led_ctrl:led_ctrl_inst|cnt_50ms[15]                                        ; inf_rcv:inf_rcv_inst|led_ctrl:led_ctrl_inst|cnt_50ms[5]                                 ; sys_clk      ; sys_clk     ; 20.000       ; -0.074     ; 6.480      ;
; 13.448 ; inf_rcv:inf_rcv_inst|led_ctrl:led_ctrl_inst|cnt_50ms[15]                                        ; inf_rcv:inf_rcv_inst|led_ctrl:led_ctrl_inst|cnt_50ms[6]                                 ; sys_clk      ; sys_clk     ; 20.000       ; -0.074     ; 6.480      ;
; 13.448 ; inf_rcv:inf_rcv_inst|led_ctrl:led_ctrl_inst|cnt_50ms[15]                                        ; inf_rcv:inf_rcv_inst|led_ctrl:led_ctrl_inst|cnt_50ms[7]                                 ; sys_clk      ; sys_clk     ; 20.000       ; -0.074     ; 6.480      ;
; 13.448 ; inf_rcv:inf_rcv_inst|led_ctrl:led_ctrl_inst|cnt_50ms[15]                                        ; inf_rcv:inf_rcv_inst|led_ctrl:led_ctrl_inst|cnt_50ms[8]                                 ; sys_clk      ; sys_clk     ; 20.000       ; -0.074     ; 6.480      ;
; 13.448 ; inf_rcv:inf_rcv_inst|led_ctrl:led_ctrl_inst|cnt_50ms[15]                                        ; inf_rcv:inf_rcv_inst|led_ctrl:led_ctrl_inst|cnt_50ms[9]                                 ; sys_clk      ; sys_clk     ; 20.000       ; -0.074     ; 6.480      ;
; 13.448 ; inf_rcv:inf_rcv_inst|led_ctrl:led_ctrl_inst|cnt_50ms[15]                                        ; inf_rcv:inf_rcv_inst|led_ctrl:led_ctrl_inst|cnt_50ms[10]                                ; sys_clk      ; sys_clk     ; 20.000       ; -0.074     ; 6.480      ;
; 13.448 ; inf_rcv:inf_rcv_inst|led_ctrl:led_ctrl_inst|cnt_50ms[15]                                        ; inf_rcv:inf_rcv_inst|led_ctrl:led_ctrl_inst|cnt_50ms[0]                                 ; sys_clk      ; sys_clk     ; 20.000       ; -0.074     ; 6.480      ;
; 13.526 ; inf_rcv:inf_rcv_inst|inf_rcv_decoder:inf_rcv_decoder_inst|cnt_data_bit[5]                       ; inf_rcv:inf_rcv_inst|inf_rcv_decoder:inf_rcv_decoder_inst|data[3]                       ; sys_clk      ; sys_clk     ; 20.000       ; -0.054     ; 6.422      ;
; 13.526 ; inf_rcv:inf_rcv_inst|inf_rcv_decoder:inf_rcv_decoder_inst|cnt_data_bit[5]                       ; inf_rcv:inf_rcv_inst|inf_rcv_decoder:inf_rcv_decoder_inst|data[2]                       ; sys_clk      ; sys_clk     ; 20.000       ; -0.054     ; 6.422      ;
; 13.526 ; inf_rcv:inf_rcv_inst|inf_rcv_decoder:inf_rcv_decoder_inst|cnt_data_bit[5]                       ; inf_rcv:inf_rcv_inst|inf_rcv_decoder:inf_rcv_decoder_inst|data[0]                       ; sys_clk      ; sys_clk     ; 20.000       ; -0.054     ; 6.422      ;
; 13.526 ; inf_rcv:inf_rcv_inst|inf_rcv_decoder:inf_rcv_decoder_inst|cnt_data_bit[5]                       ; inf_rcv:inf_rcv_inst|inf_rcv_decoder:inf_rcv_decoder_inst|data[1]                       ; sys_clk      ; sys_clk     ; 20.000       ; -0.054     ; 6.422      ;
; 13.526 ; inf_rcv:inf_rcv_inst|inf_rcv_decoder:inf_rcv_decoder_inst|cnt_data_bit[5]                       ; inf_rcv:inf_rcv_inst|inf_rcv_decoder:inf_rcv_decoder_inst|data[6]                       ; sys_clk      ; sys_clk     ; 20.000       ; -0.054     ; 6.422      ;
; 13.526 ; inf_rcv:inf_rcv_inst|inf_rcv_decoder:inf_rcv_decoder_inst|cnt_data_bit[5]                       ; inf_rcv:inf_rcv_inst|inf_rcv_decoder:inf_rcv_decoder_inst|data[7]                       ; sys_clk      ; sys_clk     ; 20.000       ; -0.054     ; 6.422      ;
; 13.526 ; inf_rcv:inf_rcv_inst|inf_rcv_decoder:inf_rcv_decoder_inst|cnt_data_bit[5]                       ; inf_rcv:inf_rcv_inst|inf_rcv_decoder:inf_rcv_decoder_inst|data[4]                       ; sys_clk      ; sys_clk     ; 20.000       ; -0.054     ; 6.422      ;
; 13.526 ; inf_rcv:inf_rcv_inst|inf_rcv_decoder:inf_rcv_decoder_inst|cnt_data_bit[5]                       ; inf_rcv:inf_rcv_inst|inf_rcv_decoder:inf_rcv_decoder_inst|data[5]                       ; sys_clk      ; sys_clk     ; 20.000       ; -0.054     ; 6.422      ;
; 13.591 ; inf_rcv:inf_rcv_inst|inf_rcv_decoder:inf_rcv_decoder_inst|cnt_data_bit[3]                       ; inf_rcv:inf_rcv_inst|inf_rcv_decoder:inf_rcv_decoder_inst|data[3]                       ; sys_clk      ; sys_clk     ; 20.000       ; -0.054     ; 6.357      ;
; 13.591 ; inf_rcv:inf_rcv_inst|inf_rcv_decoder:inf_rcv_decoder_inst|cnt_data_bit[3]                       ; inf_rcv:inf_rcv_inst|inf_rcv_decoder:inf_rcv_decoder_inst|data[2]                       ; sys_clk      ; sys_clk     ; 20.000       ; -0.054     ; 6.357      ;
; 13.591 ; inf_rcv:inf_rcv_inst|inf_rcv_decoder:inf_rcv_decoder_inst|cnt_data_bit[3]                       ; inf_rcv:inf_rcv_inst|inf_rcv_decoder:inf_rcv_decoder_inst|data[0]                       ; sys_clk      ; sys_clk     ; 20.000       ; -0.054     ; 6.357      ;
; 13.591 ; inf_rcv:inf_rcv_inst|inf_rcv_decoder:inf_rcv_decoder_inst|cnt_data_bit[3]                       ; inf_rcv:inf_rcv_inst|inf_rcv_decoder:inf_rcv_decoder_inst|data[1]                       ; sys_clk      ; sys_clk     ; 20.000       ; -0.054     ; 6.357      ;
; 13.591 ; inf_rcv:inf_rcv_inst|inf_rcv_decoder:inf_rcv_decoder_inst|cnt_data_bit[3]                       ; inf_rcv:inf_rcv_inst|inf_rcv_decoder:inf_rcv_decoder_inst|data[6]                       ; sys_clk      ; sys_clk     ; 20.000       ; -0.054     ; 6.357      ;
; 13.591 ; inf_rcv:inf_rcv_inst|inf_rcv_decoder:inf_rcv_decoder_inst|cnt_data_bit[3]                       ; inf_rcv:inf_rcv_inst|inf_rcv_decoder:inf_rcv_decoder_inst|data[7]                       ; sys_clk      ; sys_clk     ; 20.000       ; -0.054     ; 6.357      ;
; 13.591 ; inf_rcv:inf_rcv_inst|inf_rcv_decoder:inf_rcv_decoder_inst|cnt_data_bit[3]                       ; inf_rcv:inf_rcv_inst|inf_rcv_decoder:inf_rcv_decoder_inst|data[4]                       ; sys_clk      ; sys_clk     ; 20.000       ; -0.054     ; 6.357      ;
; 13.591 ; inf_rcv:inf_rcv_inst|inf_rcv_decoder:inf_rcv_decoder_inst|cnt_data_bit[3]                       ; inf_rcv:inf_rcv_inst|inf_rcv_decoder:inf_rcv_decoder_inst|data[5]                       ; sys_clk      ; sys_clk     ; 20.000       ; -0.054     ; 6.357      ;
; 13.618 ; inf_rcv:inf_rcv_inst|inf_rcv_decoder:inf_rcv_decoder_inst|cnt_data_bit[2]                       ; inf_rcv:inf_rcv_inst|inf_rcv_decoder:inf_rcv_decoder_inst|data[3]                       ; sys_clk      ; sys_clk     ; 20.000       ; -0.054     ; 6.330      ;
; 13.618 ; inf_rcv:inf_rcv_inst|inf_rcv_decoder:inf_rcv_decoder_inst|cnt_data_bit[2]                       ; inf_rcv:inf_rcv_inst|inf_rcv_decoder:inf_rcv_decoder_inst|data[2]                       ; sys_clk      ; sys_clk     ; 20.000       ; -0.054     ; 6.330      ;
; 13.618 ; inf_rcv:inf_rcv_inst|inf_rcv_decoder:inf_rcv_decoder_inst|cnt_data_bit[2]                       ; inf_rcv:inf_rcv_inst|inf_rcv_decoder:inf_rcv_decoder_inst|data[0]                       ; sys_clk      ; sys_clk     ; 20.000       ; -0.054     ; 6.330      ;
; 13.618 ; inf_rcv:inf_rcv_inst|inf_rcv_decoder:inf_rcv_decoder_inst|cnt_data_bit[2]                       ; inf_rcv:inf_rcv_inst|inf_rcv_decoder:inf_rcv_decoder_inst|data[1]                       ; sys_clk      ; sys_clk     ; 20.000       ; -0.054     ; 6.330      ;
; 13.618 ; inf_rcv:inf_rcv_inst|inf_rcv_decoder:inf_rcv_decoder_inst|cnt_data_bit[2]                       ; inf_rcv:inf_rcv_inst|inf_rcv_decoder:inf_rcv_decoder_inst|data[6]                       ; sys_clk      ; sys_clk     ; 20.000       ; -0.054     ; 6.330      ;
; 13.618 ; inf_rcv:inf_rcv_inst|inf_rcv_decoder:inf_rcv_decoder_inst|cnt_data_bit[2]                       ; inf_rcv:inf_rcv_inst|inf_rcv_decoder:inf_rcv_decoder_inst|data[7]                       ; sys_clk      ; sys_clk     ; 20.000       ; -0.054     ; 6.330      ;
; 13.618 ; inf_rcv:inf_rcv_inst|inf_rcv_decoder:inf_rcv_decoder_inst|cnt_data_bit[2]                       ; inf_rcv:inf_rcv_inst|inf_rcv_decoder:inf_rcv_decoder_inst|data[4]                       ; sys_clk      ; sys_clk     ; 20.000       ; -0.054     ; 6.330      ;
; 13.618 ; inf_rcv:inf_rcv_inst|inf_rcv_decoder:inf_rcv_decoder_inst|cnt_data_bit[2]                       ; inf_rcv:inf_rcv_inst|inf_rcv_decoder:inf_rcv_decoder_inst|data[5]                       ; sys_clk      ; sys_clk     ; 20.000       ; -0.054     ; 6.330      ;
; 13.622 ; inf_rcv:inf_rcv_inst|led_ctrl:led_ctrl_inst|cnt_50ms[13]                                        ; inf_rcv:inf_rcv_inst|led_ctrl:led_ctrl_inst|cnt_50ms[1]                                 ; sys_clk      ; sys_clk     ; 20.000       ; -0.074     ; 6.306      ;
; 13.622 ; inf_rcv:inf_rcv_inst|led_ctrl:led_ctrl_inst|cnt_50ms[13]                                        ; inf_rcv:inf_rcv_inst|led_ctrl:led_ctrl_inst|cnt_50ms[2]                                 ; sys_clk      ; sys_clk     ; 20.000       ; -0.074     ; 6.306      ;
; 13.622 ; inf_rcv:inf_rcv_inst|led_ctrl:led_ctrl_inst|cnt_50ms[13]                                        ; inf_rcv:inf_rcv_inst|led_ctrl:led_ctrl_inst|cnt_50ms[3]                                 ; sys_clk      ; sys_clk     ; 20.000       ; -0.074     ; 6.306      ;
; 13.622 ; inf_rcv:inf_rcv_inst|led_ctrl:led_ctrl_inst|cnt_50ms[13]                                        ; inf_rcv:inf_rcv_inst|led_ctrl:led_ctrl_inst|cnt_50ms[4]                                 ; sys_clk      ; sys_clk     ; 20.000       ; -0.074     ; 6.306      ;
; 13.622 ; inf_rcv:inf_rcv_inst|led_ctrl:led_ctrl_inst|cnt_50ms[13]                                        ; inf_rcv:inf_rcv_inst|led_ctrl:led_ctrl_inst|cnt_50ms[5]                                 ; sys_clk      ; sys_clk     ; 20.000       ; -0.074     ; 6.306      ;
; 13.622 ; inf_rcv:inf_rcv_inst|led_ctrl:led_ctrl_inst|cnt_50ms[13]                                        ; inf_rcv:inf_rcv_inst|led_ctrl:led_ctrl_inst|cnt_50ms[6]                                 ; sys_clk      ; sys_clk     ; 20.000       ; -0.074     ; 6.306      ;
; 13.622 ; inf_rcv:inf_rcv_inst|led_ctrl:led_ctrl_inst|cnt_50ms[13]                                        ; inf_rcv:inf_rcv_inst|led_ctrl:led_ctrl_inst|cnt_50ms[7]                                 ; sys_clk      ; sys_clk     ; 20.000       ; -0.074     ; 6.306      ;
; 13.622 ; inf_rcv:inf_rcv_inst|led_ctrl:led_ctrl_inst|cnt_50ms[13]                                        ; inf_rcv:inf_rcv_inst|led_ctrl:led_ctrl_inst|cnt_50ms[8]                                 ; sys_clk      ; sys_clk     ; 20.000       ; -0.074     ; 6.306      ;
; 13.622 ; inf_rcv:inf_rcv_inst|led_ctrl:led_ctrl_inst|cnt_50ms[13]                                        ; inf_rcv:inf_rcv_inst|led_ctrl:led_ctrl_inst|cnt_50ms[9]                                 ; sys_clk      ; sys_clk     ; 20.000       ; -0.074     ; 6.306      ;
; 13.622 ; inf_rcv:inf_rcv_inst|led_ctrl:led_ctrl_inst|cnt_50ms[13]                                        ; inf_rcv:inf_rcv_inst|led_ctrl:led_ctrl_inst|cnt_50ms[10]                                ; sys_clk      ; sys_clk     ; 20.000       ; -0.074     ; 6.306      ;
; 13.622 ; inf_rcv:inf_rcv_inst|led_ctrl:led_ctrl_inst|cnt_50ms[13]                                        ; inf_rcv:inf_rcv_inst|led_ctrl:led_ctrl_inst|cnt_50ms[0]                                 ; sys_clk      ; sys_clk     ; 20.000       ; -0.074     ; 6.306      ;
; 13.664 ; inf_rcv:inf_rcv_inst|led_ctrl:led_ctrl_inst|cnt_50ms[11]                                        ; inf_rcv:inf_rcv_inst|led_ctrl:led_ctrl_inst|cnt_50ms[1]                                 ; sys_clk      ; sys_clk     ; 20.000       ; -0.074     ; 6.264      ;
; 13.664 ; inf_rcv:inf_rcv_inst|led_ctrl:led_ctrl_inst|cnt_50ms[11]                                        ; inf_rcv:inf_rcv_inst|led_ctrl:led_ctrl_inst|cnt_50ms[2]                                 ; sys_clk      ; sys_clk     ; 20.000       ; -0.074     ; 6.264      ;
; 13.664 ; inf_rcv:inf_rcv_inst|led_ctrl:led_ctrl_inst|cnt_50ms[11]                                        ; inf_rcv:inf_rcv_inst|led_ctrl:led_ctrl_inst|cnt_50ms[3]                                 ; sys_clk      ; sys_clk     ; 20.000       ; -0.074     ; 6.264      ;
; 13.664 ; inf_rcv:inf_rcv_inst|led_ctrl:led_ctrl_inst|cnt_50ms[11]                                        ; inf_rcv:inf_rcv_inst|led_ctrl:led_ctrl_inst|cnt_50ms[4]                                 ; sys_clk      ; sys_clk     ; 20.000       ; -0.074     ; 6.264      ;
; 13.664 ; inf_rcv:inf_rcv_inst|led_ctrl:led_ctrl_inst|cnt_50ms[11]                                        ; inf_rcv:inf_rcv_inst|led_ctrl:led_ctrl_inst|cnt_50ms[5]                                 ; sys_clk      ; sys_clk     ; 20.000       ; -0.074     ; 6.264      ;
; 13.664 ; inf_rcv:inf_rcv_inst|led_ctrl:led_ctrl_inst|cnt_50ms[11]                                        ; inf_rcv:inf_rcv_inst|led_ctrl:led_ctrl_inst|cnt_50ms[6]                                 ; sys_clk      ; sys_clk     ; 20.000       ; -0.074     ; 6.264      ;
; 13.664 ; inf_rcv:inf_rcv_inst|led_ctrl:led_ctrl_inst|cnt_50ms[11]                                        ; inf_rcv:inf_rcv_inst|led_ctrl:led_ctrl_inst|cnt_50ms[7]                                 ; sys_clk      ; sys_clk     ; 20.000       ; -0.074     ; 6.264      ;
; 13.664 ; inf_rcv:inf_rcv_inst|led_ctrl:led_ctrl_inst|cnt_50ms[11]                                        ; inf_rcv:inf_rcv_inst|led_ctrl:led_ctrl_inst|cnt_50ms[8]                                 ; sys_clk      ; sys_clk     ; 20.000       ; -0.074     ; 6.264      ;
; 13.664 ; inf_rcv:inf_rcv_inst|led_ctrl:led_ctrl_inst|cnt_50ms[11]                                        ; inf_rcv:inf_rcv_inst|led_ctrl:led_ctrl_inst|cnt_50ms[9]                                 ; sys_clk      ; sys_clk     ; 20.000       ; -0.074     ; 6.264      ;
; 13.664 ; inf_rcv:inf_rcv_inst|led_ctrl:led_ctrl_inst|cnt_50ms[11]                                        ; inf_rcv:inf_rcv_inst|led_ctrl:led_ctrl_inst|cnt_50ms[10]                                ; sys_clk      ; sys_clk     ; 20.000       ; -0.074     ; 6.264      ;
; 13.664 ; inf_rcv:inf_rcv_inst|led_ctrl:led_ctrl_inst|cnt_50ms[11]                                        ; inf_rcv:inf_rcv_inst|led_ctrl:led_ctrl_inst|cnt_50ms[0]                                 ; sys_clk      ; sys_clk     ; 20.000       ; -0.074     ; 6.264      ;
; 13.758 ; inf_rcv:inf_rcv_inst|led_ctrl:led_ctrl_inst|cnt_50ms[12]                                        ; inf_rcv:inf_rcv_inst|led_ctrl:led_ctrl_inst|cnt_50ms[1]                                 ; sys_clk      ; sys_clk     ; 20.000       ; -0.074     ; 6.170      ;
; 13.758 ; inf_rcv:inf_rcv_inst|led_ctrl:led_ctrl_inst|cnt_50ms[12]                                        ; inf_rcv:inf_rcv_inst|led_ctrl:led_ctrl_inst|cnt_50ms[2]                                 ; sys_clk      ; sys_clk     ; 20.000       ; -0.074     ; 6.170      ;
; 13.758 ; inf_rcv:inf_rcv_inst|led_ctrl:led_ctrl_inst|cnt_50ms[12]                                        ; inf_rcv:inf_rcv_inst|led_ctrl:led_ctrl_inst|cnt_50ms[3]                                 ; sys_clk      ; sys_clk     ; 20.000       ; -0.074     ; 6.170      ;
; 13.758 ; inf_rcv:inf_rcv_inst|led_ctrl:led_ctrl_inst|cnt_50ms[12]                                        ; inf_rcv:inf_rcv_inst|led_ctrl:led_ctrl_inst|cnt_50ms[4]                                 ; sys_clk      ; sys_clk     ; 20.000       ; -0.074     ; 6.170      ;
; 13.758 ; inf_rcv:inf_rcv_inst|led_ctrl:led_ctrl_inst|cnt_50ms[12]                                        ; inf_rcv:inf_rcv_inst|led_ctrl:led_ctrl_inst|cnt_50ms[5]                                 ; sys_clk      ; sys_clk     ; 20.000       ; -0.074     ; 6.170      ;
; 13.758 ; inf_rcv:inf_rcv_inst|led_ctrl:led_ctrl_inst|cnt_50ms[12]                                        ; inf_rcv:inf_rcv_inst|led_ctrl:led_ctrl_inst|cnt_50ms[6]                                 ; sys_clk      ; sys_clk     ; 20.000       ; -0.074     ; 6.170      ;
; 13.758 ; inf_rcv:inf_rcv_inst|led_ctrl:led_ctrl_inst|cnt_50ms[12]                                        ; inf_rcv:inf_rcv_inst|led_ctrl:led_ctrl_inst|cnt_50ms[7]                                 ; sys_clk      ; sys_clk     ; 20.000       ; -0.074     ; 6.170      ;
; 13.758 ; inf_rcv:inf_rcv_inst|led_ctrl:led_ctrl_inst|cnt_50ms[12]                                        ; inf_rcv:inf_rcv_inst|led_ctrl:led_ctrl_inst|cnt_50ms[8]                                 ; sys_clk      ; sys_clk     ; 20.000       ; -0.074     ; 6.170      ;
; 13.758 ; inf_rcv:inf_rcv_inst|led_ctrl:led_ctrl_inst|cnt_50ms[12]                                        ; inf_rcv:inf_rcv_inst|led_ctrl:led_ctrl_inst|cnt_50ms[9]                                 ; sys_clk      ; sys_clk     ; 20.000       ; -0.074     ; 6.170      ;
; 13.758 ; inf_rcv:inf_rcv_inst|led_ctrl:led_ctrl_inst|cnt_50ms[12]                                        ; inf_rcv:inf_rcv_inst|led_ctrl:led_ctrl_inst|cnt_50ms[10]                                ; sys_clk      ; sys_clk     ; 20.000       ; -0.074     ; 6.170      ;
; 13.758 ; inf_rcv:inf_rcv_inst|led_ctrl:led_ctrl_inst|cnt_50ms[12]                                        ; inf_rcv:inf_rcv_inst|led_ctrl:led_ctrl_inst|cnt_50ms[0]                                 ; sys_clk      ; sys_clk     ; 20.000       ; -0.074     ; 6.170      ;
; 13.780 ; inf_rcv:inf_rcv_inst|inf_rcv_decoder:inf_rcv_decoder_inst|cnt_data_bit[4]                       ; inf_rcv:inf_rcv_inst|inf_rcv_decoder:inf_rcv_decoder_inst|data[3]                       ; sys_clk      ; sys_clk     ; 20.000       ; -0.054     ; 6.168      ;
; 13.780 ; inf_rcv:inf_rcv_inst|inf_rcv_decoder:inf_rcv_decoder_inst|cnt_data_bit[4]                       ; inf_rcv:inf_rcv_inst|inf_rcv_decoder:inf_rcv_decoder_inst|data[2]                       ; sys_clk      ; sys_clk     ; 20.000       ; -0.054     ; 6.168      ;
; 13.780 ; inf_rcv:inf_rcv_inst|inf_rcv_decoder:inf_rcv_decoder_inst|cnt_data_bit[4]                       ; inf_rcv:inf_rcv_inst|inf_rcv_decoder:inf_rcv_decoder_inst|data[0]                       ; sys_clk      ; sys_clk     ; 20.000       ; -0.054     ; 6.168      ;
; 13.780 ; inf_rcv:inf_rcv_inst|inf_rcv_decoder:inf_rcv_decoder_inst|cnt_data_bit[4]                       ; inf_rcv:inf_rcv_inst|inf_rcv_decoder:inf_rcv_decoder_inst|data[1]                       ; sys_clk      ; sys_clk     ; 20.000       ; -0.054     ; 6.168      ;
; 13.780 ; inf_rcv:inf_rcv_inst|inf_rcv_decoder:inf_rcv_decoder_inst|cnt_data_bit[4]                       ; inf_rcv:inf_rcv_inst|inf_rcv_decoder:inf_rcv_decoder_inst|data[6]                       ; sys_clk      ; sys_clk     ; 20.000       ; -0.054     ; 6.168      ;
; 13.780 ; inf_rcv:inf_rcv_inst|inf_rcv_decoder:inf_rcv_decoder_inst|cnt_data_bit[4]                       ; inf_rcv:inf_rcv_inst|inf_rcv_decoder:inf_rcv_decoder_inst|data[7]                       ; sys_clk      ; sys_clk     ; 20.000       ; -0.054     ; 6.168      ;
; 13.780 ; inf_rcv:inf_rcv_inst|inf_rcv_decoder:inf_rcv_decoder_inst|cnt_data_bit[4]                       ; inf_rcv:inf_rcv_inst|inf_rcv_decoder:inf_rcv_decoder_inst|data[4]                       ; sys_clk      ; sys_clk     ; 20.000       ; -0.054     ; 6.168      ;
; 13.780 ; inf_rcv:inf_rcv_inst|inf_rcv_decoder:inf_rcv_decoder_inst|cnt_data_bit[4]                       ; inf_rcv:inf_rcv_inst|inf_rcv_decoder:inf_rcv_decoder_inst|data[5]                       ; sys_clk      ; sys_clk     ; 20.000       ; -0.054     ; 6.168      ;
; 13.850 ; inf_rcv:inf_rcv_inst|seg_595_dynamic:seg_595_dynamic_inst|hc595_ctrl:hc595_ctrl_inst|cnt_bit[0] ; inf_rcv:inf_rcv_inst|seg_595_dynamic:seg_595_dynamic_inst|hc595_ctrl:hc595_ctrl_inst|ds ; sys_clk      ; sys_clk     ; 20.000       ; -0.061     ; 6.091      ;
; 13.917 ; inf_rcv:inf_rcv_inst|seg_595_dynamic:seg_595_dynamic_inst|hc595_ctrl:hc595_ctrl_inst|cnt_bit[3] ; inf_rcv:inf_rcv_inst|seg_595_dynamic:seg_595_dynamic_inst|hc595_ctrl:hc595_ctrl_inst|ds ; sys_clk      ; sys_clk     ; 20.000       ; -0.061     ; 6.024      ;
; 13.989 ; inf_rcv:inf_rcv_inst|led_ctrl:led_ctrl_inst|cnt_50ms[14]                                        ; inf_rcv:inf_rcv_inst|led_ctrl:led_ctrl_inst|cnt_50ms[11]                                ; sys_clk      ; sys_clk     ; 20.000       ; -0.072     ; 5.941      ;
; 13.989 ; inf_rcv:inf_rcv_inst|led_ctrl:led_ctrl_inst|cnt_50ms[14]                                        ; inf_rcv:inf_rcv_inst|led_ctrl:led_ctrl_inst|cnt_50ms[12]                                ; sys_clk      ; sys_clk     ; 20.000       ; -0.072     ; 5.941      ;
; 13.989 ; inf_rcv:inf_rcv_inst|led_ctrl:led_ctrl_inst|cnt_50ms[14]                                        ; inf_rcv:inf_rcv_inst|led_ctrl:led_ctrl_inst|cnt_50ms[13]                                ; sys_clk      ; sys_clk     ; 20.000       ; -0.072     ; 5.941      ;
; 13.989 ; inf_rcv:inf_rcv_inst|led_ctrl:led_ctrl_inst|cnt_50ms[14]                                        ; inf_rcv:inf_rcv_inst|led_ctrl:led_ctrl_inst|cnt_50ms[14]                                ; sys_clk      ; sys_clk     ; 20.000       ; -0.072     ; 5.941      ;
; 13.989 ; inf_rcv:inf_rcv_inst|led_ctrl:led_ctrl_inst|cnt_50ms[14]                                        ; inf_rcv:inf_rcv_inst|led_ctrl:led_ctrl_inst|cnt_50ms[15]                                ; sys_clk      ; sys_clk     ; 20.000       ; -0.072     ; 5.941      ;
; 13.989 ; inf_rcv:inf_rcv_inst|led_ctrl:led_ctrl_inst|cnt_50ms[14]                                        ; inf_rcv:inf_rcv_inst|led_ctrl:led_ctrl_inst|cnt_50ms[16]                                ; sys_clk      ; sys_clk     ; 20.000       ; -0.072     ; 5.941      ;
; 13.989 ; inf_rcv:inf_rcv_inst|led_ctrl:led_ctrl_inst|cnt_50ms[14]                                        ; inf_rcv:inf_rcv_inst|led_ctrl:led_ctrl_inst|cnt_50ms[17]                                ; sys_clk      ; sys_clk     ; 20.000       ; -0.072     ; 5.941      ;
; 13.989 ; inf_rcv:inf_rcv_inst|led_ctrl:led_ctrl_inst|cnt_50ms[14]                                        ; inf_rcv:inf_rcv_inst|led_ctrl:led_ctrl_inst|cnt_50ms[18]                                ; sys_clk      ; sys_clk     ; 20.000       ; -0.072     ; 5.941      ;
; 13.989 ; inf_rcv:inf_rcv_inst|led_ctrl:led_ctrl_inst|cnt_50ms[14]                                        ; inf_rcv:inf_rcv_inst|led_ctrl:led_ctrl_inst|cnt_50ms[19]                                ; sys_clk      ; sys_clk     ; 20.000       ; -0.072     ; 5.941      ;
; 13.989 ; inf_rcv:inf_rcv_inst|led_ctrl:led_ctrl_inst|cnt_50ms[14]                                        ; inf_rcv:inf_rcv_inst|led_ctrl:led_ctrl_inst|cnt_50ms[20]                                ; sys_clk      ; sys_clk     ; 20.000       ; -0.072     ; 5.941      ;
; 13.989 ; inf_rcv:inf_rcv_inst|led_ctrl:led_ctrl_inst|cnt_50ms[14]                                        ; inf_rcv:inf_rcv_inst|led_ctrl:led_ctrl_inst|cnt_50ms[21]                                ; sys_clk      ; sys_clk     ; 20.000       ; -0.072     ; 5.941      ;
+--------+-------------------------------------------------------------------------------------------------+-----------------------------------------------------------------------------------------+--------------+-------------+--------------+------------+------------+


+------------------------------------------------------------------------------------------------------------------------------------------------------------------------------------------------------------------------------------------------------------------------------------------------------------------------------------+
; Slow 1200mV 0C Model Setup: 'pll_25mhz_inst|altpll_component|auto_generated|pll1|clk[0]'                                                                                                                                                                                                                                           ;
+--------+-------------------------------------------------------------------+------------------------------------------------------------------------------------+------------------------------------------------------------+------------------------------------------------------------+--------------+------------+------------+
; Slack  ; From Node                                                         ; To Node                                                                            ; Launch Clock                                               ; Latch Clock                                                ; Relationship ; Clock Skew ; Data Delay ;
+--------+-------------------------------------------------------------------+------------------------------------------------------------------------------------+------------------------------------------------------------+------------------------------------------------------------+--------------+------------+------------+
; 15.067 ; inf_rcv:inf_rcv_inst|inf_rcv_decoder:inf_rcv_decoder_inst|data[5] ; pic_rgb_gen:pic_rgb_gen_inst|direct_sig_ctrl:direct_sig_ctrl_inst|direct_reg.RIGHT ; sys_clk                                                    ; pll_25mhz_inst|altpll_component|auto_generated|pll1|clk[0] ; 20.000       ; -2.294     ; 2.591      ;
; 15.068 ; inf_rcv:inf_rcv_inst|inf_rcv_decoder:inf_rcv_decoder_inst|data[4] ; pic_rgb_gen:pic_rgb_gen_inst|direct_sig_ctrl:direct_sig_ctrl_inst|direct_reg.RIGHT ; sys_clk                                                    ; pll_25mhz_inst|altpll_component|auto_generated|pll1|clk[0] ; 20.000       ; -2.294     ; 2.590      ;
; 15.069 ; inf_rcv:inf_rcv_inst|inf_rcv_decoder:inf_rcv_decoder_inst|data[5] ; pic_rgb_gen:pic_rgb_gen_inst|direct_sig_ctrl:direct_sig_ctrl_inst|direct_reg.LEFT  ; sys_clk                                                    ; pll_25mhz_inst|altpll_component|auto_generated|pll1|clk[0] ; 20.000       ; -2.294     ; 2.589      ;
; 15.070 ; inf_rcv:inf_rcv_inst|inf_rcv_decoder:inf_rcv_decoder_inst|data[4] ; pic_rgb_gen:pic_rgb_gen_inst|direct_sig_ctrl:direct_sig_ctrl_inst|direct_reg.LEFT  ; sys_clk                                                    ; pll_25mhz_inst|altpll_component|auto_generated|pll1|clk[0] ; 20.000       ; -2.294     ; 2.588      ;
; 15.135 ; inf_rcv:inf_rcv_inst|inf_rcv_decoder:inf_rcv_decoder_inst|data[5] ; pic_rgb_gen:pic_rgb_gen_inst|direct_sig_ctrl:direct_sig_ctrl_inst|direct_reg.DOWN  ; sys_clk                                                    ; pll_25mhz_inst|altpll_component|auto_generated|pll1|clk[0] ; 20.000       ; -2.294     ; 2.523      ;
; 15.142 ; inf_rcv:inf_rcv_inst|inf_rcv_decoder:inf_rcv_decoder_inst|data[4] ; pic_rgb_gen:pic_rgb_gen_inst|direct_sig_ctrl:direct_sig_ctrl_inst|direct_reg.DOWN  ; sys_clk                                                    ; pll_25mhz_inst|altpll_component|auto_generated|pll1|clk[0] ; 20.000       ; -2.294     ; 2.516      ;
; 15.269 ; inf_rcv:inf_rcv_inst|inf_rcv_decoder:inf_rcv_decoder_inst|data[5] ; pic_rgb_gen:pic_rgb_gen_inst|direct_sig_ctrl:direct_sig_ctrl_inst|direct_reg.UP    ; sys_clk                                                    ; pll_25mhz_inst|altpll_component|auto_generated|pll1|clk[0] ; 20.000       ; -2.294     ; 2.389      ;
; 15.270 ; inf_rcv:inf_rcv_inst|inf_rcv_decoder:inf_rcv_decoder_inst|data[4] ; pic_rgb_gen:pic_rgb_gen_inst|direct_sig_ctrl:direct_sig_ctrl_inst|direct_reg.UP    ; sys_clk                                                    ; pll_25mhz_inst|altpll_component|auto_generated|pll1|clk[0] ; 20.000       ; -2.294     ; 2.388      ;
; 15.410 ; inf_rcv:inf_rcv_inst|inf_rcv_decoder:inf_rcv_decoder_inst|data[6] ; pic_rgb_gen:pic_rgb_gen_inst|direct_sig_ctrl:direct_sig_ctrl_inst|direct_reg.RIGHT ; sys_clk                                                    ; pll_25mhz_inst|altpll_component|auto_generated|pll1|clk[0] ; 20.000       ; -2.294     ; 2.248      ;
; 15.411 ; inf_rcv:inf_rcv_inst|inf_rcv_decoder:inf_rcv_decoder_inst|data[6] ; pic_rgb_gen:pic_rgb_gen_inst|direct_sig_ctrl:direct_sig_ctrl_inst|direct_reg.LEFT  ; sys_clk                                                    ; pll_25mhz_inst|altpll_component|auto_generated|pll1|clk[0] ; 20.000       ; -2.294     ; 2.247      ;
; 15.432 ; inf_rcv:inf_rcv_inst|inf_rcv_decoder:inf_rcv_decoder_inst|data[7] ; pic_rgb_gen:pic_rgb_gen_inst|direct_sig_ctrl:direct_sig_ctrl_inst|direct_reg.RIGHT ; sys_clk                                                    ; pll_25mhz_inst|altpll_component|auto_generated|pll1|clk[0] ; 20.000       ; -2.294     ; 2.226      ;
; 15.434 ; inf_rcv:inf_rcv_inst|inf_rcv_decoder:inf_rcv_decoder_inst|data[7] ; pic_rgb_gen:pic_rgb_gen_inst|direct_sig_ctrl:direct_sig_ctrl_inst|direct_reg.LEFT  ; sys_clk                                                    ; pll_25mhz_inst|altpll_component|auto_generated|pll1|clk[0] ; 20.000       ; -2.294     ; 2.224      ;
; 15.439 ; inf_rcv:inf_rcv_inst|inf_rcv_decoder:inf_rcv_decoder_inst|data[6] ; pic_rgb_gen:pic_rgb_gen_inst|direct_sig_ctrl:direct_sig_ctrl_inst|direct_reg.DOWN  ; sys_clk                                                    ; pll_25mhz_inst|altpll_component|auto_generated|pll1|clk[0] ; 20.000       ; -2.294     ; 2.219      ;
; 15.526 ; inf_rcv:inf_rcv_inst|inf_rcv_decoder:inf_rcv_decoder_inst|data[7] ; pic_rgb_gen:pic_rgb_gen_inst|direct_sig_ctrl:direct_sig_ctrl_inst|direct_reg.DOWN  ; sys_clk                                                    ; pll_25mhz_inst|altpll_component|auto_generated|pll1|clk[0] ; 20.000       ; -2.294     ; 2.132      ;
; 15.598 ; inf_rcv:inf_rcv_inst|inf_rcv_decoder:inf_rcv_decoder_inst|data[6] ; pic_rgb_gen:pic_rgb_gen_inst|direct_sig_ctrl:direct_sig_ctrl_inst|direct_reg.UP    ; sys_clk                                                    ; pll_25mhz_inst|altpll_component|auto_generated|pll1|clk[0] ; 20.000       ; -2.294     ; 2.060      ;
; 15.634 ; inf_rcv:inf_rcv_inst|inf_rcv_decoder:inf_rcv_decoder_inst|data[7] ; pic_rgb_gen:pic_rgb_gen_inst|direct_sig_ctrl:direct_sig_ctrl_inst|direct_reg.UP    ; sys_clk                                                    ; pll_25mhz_inst|altpll_component|auto_generated|pll1|clk[0] ; 20.000       ; -2.294     ; 2.024      ;
; 15.721 ; inf_rcv:inf_rcv_inst|inf_rcv_decoder:inf_rcv_decoder_inst|data[1] ; pic_rgb_gen:pic_rgb_gen_inst|direct_sig_ctrl:direct_sig_ctrl_inst|direct_reg.RIGHT ; sys_clk                                                    ; pll_25mhz_inst|altpll_component|auto_generated|pll1|clk[0] ; 20.000       ; -2.294     ; 1.937      ;
; 15.723 ; inf_rcv:inf_rcv_inst|inf_rcv_decoder:inf_rcv_decoder_inst|data[1] ; pic_rgb_gen:pic_rgb_gen_inst|direct_sig_ctrl:direct_sig_ctrl_inst|direct_reg.UP    ; sys_clk                                                    ; pll_25mhz_inst|altpll_component|auto_generated|pll1|clk[0] ; 20.000       ; -2.294     ; 1.935      ;
; 16.113 ; inf_rcv:inf_rcv_inst|inf_rcv_decoder:inf_rcv_decoder_inst|data[0] ; pic_rgb_gen:pic_rgb_gen_inst|direct_sig_ctrl:direct_sig_ctrl_inst|direct_reg.RIGHT ; sys_clk                                                    ; pll_25mhz_inst|altpll_component|auto_generated|pll1|clk[0] ; 20.000       ; -2.294     ; 1.545      ;
; 16.114 ; inf_rcv:inf_rcv_inst|inf_rcv_decoder:inf_rcv_decoder_inst|data[0] ; pic_rgb_gen:pic_rgb_gen_inst|direct_sig_ctrl:direct_sig_ctrl_inst|direct_reg.LEFT  ; sys_clk                                                    ; pll_25mhz_inst|altpll_component|auto_generated|pll1|clk[0] ; 20.000       ; -2.294     ; 1.544      ;
; 16.142 ; inf_rcv:inf_rcv_inst|inf_rcv_decoder:inf_rcv_decoder_inst|data[0] ; pic_rgb_gen:pic_rgb_gen_inst|direct_sig_ctrl:direct_sig_ctrl_inst|direct_reg.DOWN  ; sys_clk                                                    ; pll_25mhz_inst|altpll_component|auto_generated|pll1|clk[0] ; 20.000       ; -2.294     ; 1.516      ;
; 16.155 ; inf_rcv:inf_rcv_inst|inf_rcv_decoder:inf_rcv_decoder_inst|data[1] ; pic_rgb_gen:pic_rgb_gen_inst|direct_sig_ctrl:direct_sig_ctrl_inst|direct_reg.LEFT  ; sys_clk                                                    ; pll_25mhz_inst|altpll_component|auto_generated|pll1|clk[0] ; 20.000       ; -2.294     ; 1.503      ;
; 16.247 ; inf_rcv:inf_rcv_inst|inf_rcv_decoder:inf_rcv_decoder_inst|data[1] ; pic_rgb_gen:pic_rgb_gen_inst|direct_sig_ctrl:direct_sig_ctrl_inst|direct_reg.DOWN  ; sys_clk                                                    ; pll_25mhz_inst|altpll_component|auto_generated|pll1|clk[0] ; 20.000       ; -2.294     ; 1.411      ;
; 16.271 ; inf_rcv:inf_rcv_inst|inf_rcv_decoder:inf_rcv_decoder_inst|data[0] ; pic_rgb_gen:pic_rgb_gen_inst|direct_sig_ctrl:direct_sig_ctrl_inst|direct_reg.UP    ; sys_clk                                                    ; pll_25mhz_inst|altpll_component|auto_generated|pll1|clk[0] ; 20.000       ; -2.294     ; 1.387      ;
; 16.351 ; inf_rcv:inf_rcv_inst|inf_rcv_decoder:inf_rcv_decoder_inst|data[3] ; pic_rgb_gen:pic_rgb_gen_inst|direct_sig_ctrl:direct_sig_ctrl_inst|direct_reg.RIGHT ; sys_clk                                                    ; pll_25mhz_inst|altpll_component|auto_generated|pll1|clk[0] ; 20.000       ; -2.294     ; 1.307      ;
; 16.353 ; inf_rcv:inf_rcv_inst|inf_rcv_decoder:inf_rcv_decoder_inst|data[3] ; pic_rgb_gen:pic_rgb_gen_inst|direct_sig_ctrl:direct_sig_ctrl_inst|direct_reg.UP    ; sys_clk                                                    ; pll_25mhz_inst|altpll_component|auto_generated|pll1|clk[0] ; 20.000       ; -2.294     ; 1.305      ;
; 16.458 ; inf_rcv:inf_rcv_inst|inf_rcv_decoder:inf_rcv_decoder_inst|data[2] ; pic_rgb_gen:pic_rgb_gen_inst|direct_sig_ctrl:direct_sig_ctrl_inst|direct_reg.LEFT  ; sys_clk                                                    ; pll_25mhz_inst|altpll_component|auto_generated|pll1|clk[0] ; 20.000       ; -2.294     ; 1.200      ;
; 16.462 ; inf_rcv:inf_rcv_inst|inf_rcv_decoder:inf_rcv_decoder_inst|data[2] ; pic_rgb_gen:pic_rgb_gen_inst|direct_sig_ctrl:direct_sig_ctrl_inst|direct_reg.RIGHT ; sys_clk                                                    ; pll_25mhz_inst|altpll_component|auto_generated|pll1|clk[0] ; 20.000       ; -2.294     ; 1.196      ;
; 16.515 ; inf_rcv:inf_rcv_inst|inf_rcv_decoder:inf_rcv_decoder_inst|data[2] ; pic_rgb_gen:pic_rgb_gen_inst|direct_sig_ctrl:direct_sig_ctrl_inst|direct_reg.DOWN  ; sys_clk                                                    ; pll_25mhz_inst|altpll_component|auto_generated|pll1|clk[0] ; 20.000       ; -2.294     ; 1.143      ;
; 16.650 ; inf_rcv:inf_rcv_inst|inf_rcv_decoder:inf_rcv_decoder_inst|data[3] ; pic_rgb_gen:pic_rgb_gen_inst|direct_sig_ctrl:direct_sig_ctrl_inst|direct_reg.DOWN  ; sys_clk                                                    ; pll_25mhz_inst|altpll_component|auto_generated|pll1|clk[0] ; 20.000       ; -2.294     ; 1.008      ;
; 16.660 ; inf_rcv:inf_rcv_inst|inf_rcv_decoder:inf_rcv_decoder_inst|data[3] ; pic_rgb_gen:pic_rgb_gen_inst|direct_sig_ctrl:direct_sig_ctrl_inst|direct_reg.LEFT  ; sys_clk                                                    ; pll_25mhz_inst|altpll_component|auto_generated|pll1|clk[0] ; 20.000       ; -2.294     ; 0.998      ;
; 16.785 ; inf_rcv:inf_rcv_inst|inf_rcv_decoder:inf_rcv_decoder_inst|data[2] ; pic_rgb_gen:pic_rgb_gen_inst|direct_sig_ctrl:direct_sig_ctrl_inst|direct_reg.UP    ; sys_clk                                                    ; pll_25mhz_inst|altpll_component|auto_generated|pll1|clk[0] ; 20.000       ; -2.294     ; 0.873      ;
; 20.706 ; vga_ctrl:vga_ctrl_inst|cnt_h[7]                                   ; pic_rgb_gen:pic_rgb_gen_inst|address_b[4]                                          ; pll_25mhz_inst|altpll_component|auto_generated|pll1|clk[0] ; pll_25mhz_inst|altpll_component|auto_generated|pll1|clk[0] ; 40.000       ; -0.087     ; 19.209     ;
; 20.862 ; vga_ctrl:vga_ctrl_inst|cnt_h[6]                                   ; pic_rgb_gen:pic_rgb_gen_inst|address_b[4]                                          ; pll_25mhz_inst|altpll_component|auto_generated|pll1|clk[0] ; pll_25mhz_inst|altpll_component|auto_generated|pll1|clk[0] ; 40.000       ; -0.087     ; 19.053     ;
; 20.988 ; vga_ctrl:vga_ctrl_inst|cnt_v[5]                                   ; pic_rgb_gen:pic_rgb_gen_inst|address_b[4]                                          ; pll_25mhz_inst|altpll_component|auto_generated|pll1|clk[0] ; pll_25mhz_inst|altpll_component|auto_generated|pll1|clk[0] ; 40.000       ; -0.077     ; 18.937     ;
; 21.062 ; vga_ctrl:vga_ctrl_inst|cnt_h[4]                                   ; pic_rgb_gen:pic_rgb_gen_inst|address_b[4]                                          ; pll_25mhz_inst|altpll_component|auto_generated|pll1|clk[0] ; pll_25mhz_inst|altpll_component|auto_generated|pll1|clk[0] ; 40.000       ; -0.087     ; 18.853     ;
; 21.151 ; vga_ctrl:vga_ctrl_inst|cnt_h[2]                                   ; pic_rgb_gen:pic_rgb_gen_inst|address_b[4]                                          ; pll_25mhz_inst|altpll_component|auto_generated|pll1|clk[0] ; pll_25mhz_inst|altpll_component|auto_generated|pll1|clk[0] ; 40.000       ; -0.087     ; 18.764     ;
; 21.163 ; vga_ctrl:vga_ctrl_inst|cnt_v[7]                                   ; pic_rgb_gen:pic_rgb_gen_inst|address_b[4]                                          ; pll_25mhz_inst|altpll_component|auto_generated|pll1|clk[0] ; pll_25mhz_inst|altpll_component|auto_generated|pll1|clk[0] ; 40.000       ; -0.077     ; 18.762     ;
; 21.184 ; vga_ctrl:vga_ctrl_inst|cnt_h[5]                                   ; pic_rgb_gen:pic_rgb_gen_inst|address_b[4]                                          ; pll_25mhz_inst|altpll_component|auto_generated|pll1|clk[0] ; pll_25mhz_inst|altpll_component|auto_generated|pll1|clk[0] ; 40.000       ; -0.087     ; 18.731     ;
; 21.329 ; vga_ctrl:vga_ctrl_inst|cnt_v[8]                                   ; pic_rgb_gen:pic_rgb_gen_inst|address_b[4]                                          ; pll_25mhz_inst|altpll_component|auto_generated|pll1|clk[0] ; pll_25mhz_inst|altpll_component|auto_generated|pll1|clk[0] ; 40.000       ; -0.077     ; 18.596     ;
; 21.381 ; vga_ctrl:vga_ctrl_inst|cnt_h[0]                                   ; pic_rgb_gen:pic_rgb_gen_inst|address_b[4]                                          ; pll_25mhz_inst|altpll_component|auto_generated|pll1|clk[0] ; pll_25mhz_inst|altpll_component|auto_generated|pll1|clk[0] ; 40.000       ; -0.087     ; 18.534     ;
; 21.393 ; vga_ctrl:vga_ctrl_inst|cnt_v[1]                                   ; pic_rgb_gen:pic_rgb_gen_inst|address_b[4]                                          ; pll_25mhz_inst|altpll_component|auto_generated|pll1|clk[0] ; pll_25mhz_inst|altpll_component|auto_generated|pll1|clk[0] ; 40.000       ; -0.077     ; 18.532     ;
; 21.453 ; vga_ctrl:vga_ctrl_inst|cnt_v[6]                                   ; pic_rgb_gen:pic_rgb_gen_inst|address_b[4]                                          ; pll_25mhz_inst|altpll_component|auto_generated|pll1|clk[0] ; pll_25mhz_inst|altpll_component|auto_generated|pll1|clk[0] ; 40.000       ; -0.077     ; 18.472     ;
; 21.480 ; vga_ctrl:vga_ctrl_inst|cnt_h[1]                                   ; pic_rgb_gen:pic_rgb_gen_inst|address_b[4]                                          ; pll_25mhz_inst|altpll_component|auto_generated|pll1|clk[0] ; pll_25mhz_inst|altpll_component|auto_generated|pll1|clk[0] ; 40.000       ; -0.087     ; 18.435     ;
; 21.495 ; vga_ctrl:vga_ctrl_inst|cnt_v[4]                                   ; pic_rgb_gen:pic_rgb_gen_inst|address_b[4]                                          ; pll_25mhz_inst|altpll_component|auto_generated|pll1|clk[0] ; pll_25mhz_inst|altpll_component|auto_generated|pll1|clk[0] ; 40.000       ; -0.076     ; 18.431     ;
; 21.498 ; vga_ctrl:vga_ctrl_inst|cnt_v[3]                                   ; pic_rgb_gen:pic_rgb_gen_inst|address_b[4]                                          ; pll_25mhz_inst|altpll_component|auto_generated|pll1|clk[0] ; pll_25mhz_inst|altpll_component|auto_generated|pll1|clk[0] ; 40.000       ; -0.076     ; 18.428     ;
; 21.513 ; vga_ctrl:vga_ctrl_inst|cnt_v[2]                                   ; pic_rgb_gen:pic_rgb_gen_inst|address_b[4]                                          ; pll_25mhz_inst|altpll_component|auto_generated|pll1|clk[0] ; pll_25mhz_inst|altpll_component|auto_generated|pll1|clk[0] ; 40.000       ; -0.077     ; 18.412     ;
; 21.579 ; vga_ctrl:vga_ctrl_inst|cnt_v[0]                                   ; pic_rgb_gen:pic_rgb_gen_inst|address_b[4]                                          ; pll_25mhz_inst|altpll_component|auto_generated|pll1|clk[0] ; pll_25mhz_inst|altpll_component|auto_generated|pll1|clk[0] ; 40.000       ; -0.076     ; 18.347     ;
; 21.591 ; vga_ctrl:vga_ctrl_inst|cnt_h[3]                                   ; pic_rgb_gen:pic_rgb_gen_inst|address_b[4]                                          ; pll_25mhz_inst|altpll_component|auto_generated|pll1|clk[0] ; pll_25mhz_inst|altpll_component|auto_generated|pll1|clk[0] ; 40.000       ; -0.087     ; 18.324     ;
; 22.035 ; vga_ctrl:vga_ctrl_inst|cnt_v[9]                                   ; pic_rgb_gen:pic_rgb_gen_inst|address_b[4]                                          ; pll_25mhz_inst|altpll_component|auto_generated|pll1|clk[0] ; pll_25mhz_inst|altpll_component|auto_generated|pll1|clk[0] ; 40.000       ; -0.077     ; 17.890     ;
; 22.163 ; vga_ctrl:vga_ctrl_inst|cnt_h[9]                                   ; pic_rgb_gen:pic_rgb_gen_inst|address_b[4]                                          ; pll_25mhz_inst|altpll_component|auto_generated|pll1|clk[0] ; pll_25mhz_inst|altpll_component|auto_generated|pll1|clk[0] ; 40.000       ; -0.077     ; 17.762     ;
; 22.334 ; vga_ctrl:vga_ctrl_inst|cnt_h[8]                                   ; pic_rgb_gen:pic_rgb_gen_inst|address_b[4]                                          ; pll_25mhz_inst|altpll_component|auto_generated|pll1|clk[0] ; pll_25mhz_inst|altpll_component|auto_generated|pll1|clk[0] ; 40.000       ; -0.077     ; 17.591     ;
; 22.447 ; vga_ctrl:vga_ctrl_inst|cnt_h[7]                                   ; pic_rgb_gen:pic_rgb_gen_inst|address_b[0]                                          ; pll_25mhz_inst|altpll_component|auto_generated|pll1|clk[0] ; pll_25mhz_inst|altpll_component|auto_generated|pll1|clk[0] ; 40.000       ; -0.076     ; 17.479     ;
; 22.603 ; vga_ctrl:vga_ctrl_inst|cnt_h[6]                                   ; pic_rgb_gen:pic_rgb_gen_inst|address_b[0]                                          ; pll_25mhz_inst|altpll_component|auto_generated|pll1|clk[0] ; pll_25mhz_inst|altpll_component|auto_generated|pll1|clk[0] ; 40.000       ; -0.076     ; 17.323     ;
; 22.803 ; vga_ctrl:vga_ctrl_inst|cnt_h[4]                                   ; pic_rgb_gen:pic_rgb_gen_inst|address_b[0]                                          ; pll_25mhz_inst|altpll_component|auto_generated|pll1|clk[0] ; pll_25mhz_inst|altpll_component|auto_generated|pll1|clk[0] ; 40.000       ; -0.076     ; 17.123     ;
; 22.880 ; vga_ctrl:vga_ctrl_inst|cnt_h[7]                                   ; pic_rgb_gen:pic_rgb_gen_inst|address_b[5]                                          ; pll_25mhz_inst|altpll_component|auto_generated|pll1|clk[0] ; pll_25mhz_inst|altpll_component|auto_generated|pll1|clk[0] ; 40.000       ; -0.095     ; 17.027     ;
; 22.892 ; vga_ctrl:vga_ctrl_inst|cnt_h[2]                                   ; pic_rgb_gen:pic_rgb_gen_inst|address_b[0]                                          ; pll_25mhz_inst|altpll_component|auto_generated|pll1|clk[0] ; pll_25mhz_inst|altpll_component|auto_generated|pll1|clk[0] ; 40.000       ; -0.076     ; 17.034     ;
; 22.901 ; vga_ctrl:vga_ctrl_inst|cnt_v[5]                                   ; pic_rgb_gen:pic_rgb_gen_inst|address_b[0]                                          ; pll_25mhz_inst|altpll_component|auto_generated|pll1|clk[0] ; pll_25mhz_inst|altpll_component|auto_generated|pll1|clk[0] ; 40.000       ; -0.066     ; 17.035     ;
; 22.925 ; vga_ctrl:vga_ctrl_inst|cnt_h[5]                                   ; pic_rgb_gen:pic_rgb_gen_inst|address_b[0]                                          ; pll_25mhz_inst|altpll_component|auto_generated|pll1|clk[0] ; pll_25mhz_inst|altpll_component|auto_generated|pll1|clk[0] ; 40.000       ; -0.076     ; 17.001     ;
; 23.036 ; vga_ctrl:vga_ctrl_inst|cnt_h[6]                                   ; pic_rgb_gen:pic_rgb_gen_inst|address_b[5]                                          ; pll_25mhz_inst|altpll_component|auto_generated|pll1|clk[0] ; pll_25mhz_inst|altpll_component|auto_generated|pll1|clk[0] ; 40.000       ; -0.095     ; 16.871     ;
; 23.076 ; vga_ctrl:vga_ctrl_inst|cnt_v[7]                                   ; pic_rgb_gen:pic_rgb_gen_inst|address_b[0]                                          ; pll_25mhz_inst|altpll_component|auto_generated|pll1|clk[0] ; pll_25mhz_inst|altpll_component|auto_generated|pll1|clk[0] ; 40.000       ; -0.066     ; 16.860     ;
; 23.081 ; vga_ctrl:vga_ctrl_inst|cnt_v[5]                                   ; pic_rgb_gen:pic_rgb_gen_inst|address_b[5]                                          ; pll_25mhz_inst|altpll_component|auto_generated|pll1|clk[0] ; pll_25mhz_inst|altpll_component|auto_generated|pll1|clk[0] ; 40.000       ; -0.085     ; 16.836     ;
; 23.131 ; vga_ctrl:vga_ctrl_inst|cnt_h[0]                                   ; pic_rgb_gen:pic_rgb_gen_inst|address_b[0]                                          ; pll_25mhz_inst|altpll_component|auto_generated|pll1|clk[0] ; pll_25mhz_inst|altpll_component|auto_generated|pll1|clk[0] ; 40.000       ; -0.076     ; 16.795     ;
; 23.221 ; vga_ctrl:vga_ctrl_inst|cnt_h[1]                                   ; pic_rgb_gen:pic_rgb_gen_inst|address_b[0]                                          ; pll_25mhz_inst|altpll_component|auto_generated|pll1|clk[0] ; pll_25mhz_inst|altpll_component|auto_generated|pll1|clk[0] ; 40.000       ; -0.076     ; 16.705     ;
; 23.224 ; vga_ctrl:vga_ctrl_inst|cnt_v[1]                                   ; pic_rgb_gen:pic_rgb_gen_inst|address_b[0]                                          ; pll_25mhz_inst|altpll_component|auto_generated|pll1|clk[0] ; pll_25mhz_inst|altpll_component|auto_generated|pll1|clk[0] ; 40.000       ; -0.066     ; 16.712     ;
; 23.236 ; vga_ctrl:vga_ctrl_inst|cnt_h[4]                                   ; pic_rgb_gen:pic_rgb_gen_inst|address_b[5]                                          ; pll_25mhz_inst|altpll_component|auto_generated|pll1|clk[0] ; pll_25mhz_inst|altpll_component|auto_generated|pll1|clk[0] ; 40.000       ; -0.095     ; 16.671     ;
; 23.236 ; vga_ctrl:vga_ctrl_inst|cnt_v[4]                                   ; pic_rgb_gen:pic_rgb_gen_inst|address_b[0]                                          ; pll_25mhz_inst|altpll_component|auto_generated|pll1|clk[0] ; pll_25mhz_inst|altpll_component|auto_generated|pll1|clk[0] ; 40.000       ; -0.065     ; 16.701     ;
; 23.242 ; vga_ctrl:vga_ctrl_inst|cnt_v[8]                                   ; pic_rgb_gen:pic_rgb_gen_inst|address_b[0]                                          ; pll_25mhz_inst|altpll_component|auto_generated|pll1|clk[0] ; pll_25mhz_inst|altpll_component|auto_generated|pll1|clk[0] ; 40.000       ; -0.066     ; 16.694     ;
; 23.254 ; vga_ctrl:vga_ctrl_inst|cnt_v[2]                                   ; pic_rgb_gen:pic_rgb_gen_inst|address_b[0]                                          ; pll_25mhz_inst|altpll_component|auto_generated|pll1|clk[0] ; pll_25mhz_inst|altpll_component|auto_generated|pll1|clk[0] ; 40.000       ; -0.066     ; 16.682     ;
; 23.256 ; vga_ctrl:vga_ctrl_inst|cnt_v[7]                                   ; pic_rgb_gen:pic_rgb_gen_inst|address_b[5]                                          ; pll_25mhz_inst|altpll_component|auto_generated|pll1|clk[0] ; pll_25mhz_inst|altpll_component|auto_generated|pll1|clk[0] ; 40.000       ; -0.085     ; 16.661     ;
; 23.325 ; vga_ctrl:vga_ctrl_inst|cnt_h[2]                                   ; pic_rgb_gen:pic_rgb_gen_inst|address_b[5]                                          ; pll_25mhz_inst|altpll_component|auto_generated|pll1|clk[0] ; pll_25mhz_inst|altpll_component|auto_generated|pll1|clk[0] ; 40.000       ; -0.095     ; 16.582     ;
; 23.332 ; vga_ctrl:vga_ctrl_inst|cnt_h[3]                                   ; pic_rgb_gen:pic_rgb_gen_inst|address_b[0]                                          ; pll_25mhz_inst|altpll_component|auto_generated|pll1|clk[0] ; pll_25mhz_inst|altpll_component|auto_generated|pll1|clk[0] ; 40.000       ; -0.076     ; 16.594     ;
; 23.358 ; vga_ctrl:vga_ctrl_inst|cnt_h[5]                                   ; pic_rgb_gen:pic_rgb_gen_inst|address_b[5]                                          ; pll_25mhz_inst|altpll_component|auto_generated|pll1|clk[0] ; pll_25mhz_inst|altpll_component|auto_generated|pll1|clk[0] ; 40.000       ; -0.095     ; 16.549     ;
; 23.366 ; vga_ctrl:vga_ctrl_inst|cnt_v[6]                                   ; pic_rgb_gen:pic_rgb_gen_inst|address_b[0]                                          ; pll_25mhz_inst|altpll_component|auto_generated|pll1|clk[0] ; pll_25mhz_inst|altpll_component|auto_generated|pll1|clk[0] ; 40.000       ; -0.066     ; 16.570     ;
; 23.411 ; vga_ctrl:vga_ctrl_inst|cnt_v[3]                                   ; pic_rgb_gen:pic_rgb_gen_inst|address_b[0]                                          ; pll_25mhz_inst|altpll_component|auto_generated|pll1|clk[0] ; pll_25mhz_inst|altpll_component|auto_generated|pll1|clk[0] ; 40.000       ; -0.065     ; 16.526     ;
; 23.422 ; vga_ctrl:vga_ctrl_inst|cnt_v[8]                                   ; pic_rgb_gen:pic_rgb_gen_inst|address_b[5]                                          ; pll_25mhz_inst|altpll_component|auto_generated|pll1|clk[0] ; pll_25mhz_inst|altpll_component|auto_generated|pll1|clk[0] ; 40.000       ; -0.085     ; 16.495     ;
; 23.474 ; vga_ctrl:vga_ctrl_inst|cnt_h[0]                                   ; pic_rgb_gen:pic_rgb_gen_inst|address_b[5]                                          ; pll_25mhz_inst|altpll_component|auto_generated|pll1|clk[0] ; pll_25mhz_inst|altpll_component|auto_generated|pll1|clk[0] ; 40.000       ; -0.095     ; 16.433     ;
; 23.486 ; vga_ctrl:vga_ctrl_inst|cnt_v[1]                                   ; pic_rgb_gen:pic_rgb_gen_inst|address_b[5]                                          ; pll_25mhz_inst|altpll_component|auto_generated|pll1|clk[0] ; pll_25mhz_inst|altpll_component|auto_generated|pll1|clk[0] ; 40.000       ; -0.085     ; 16.431     ;
; 23.492 ; vga_ctrl:vga_ctrl_inst|cnt_v[0]                                   ; pic_rgb_gen:pic_rgb_gen_inst|address_b[0]                                          ; pll_25mhz_inst|altpll_component|auto_generated|pll1|clk[0] ; pll_25mhz_inst|altpll_component|auto_generated|pll1|clk[0] ; 40.000       ; -0.065     ; 16.445     ;
; 23.546 ; vga_ctrl:vga_ctrl_inst|cnt_v[6]                                   ; pic_rgb_gen:pic_rgb_gen_inst|address_b[5]                                          ; pll_25mhz_inst|altpll_component|auto_generated|pll1|clk[0] ; pll_25mhz_inst|altpll_component|auto_generated|pll1|clk[0] ; 40.000       ; -0.085     ; 16.371     ;
; 23.574 ; vga_ctrl:vga_ctrl_inst|cnt_h[1]                                   ; pic_rgb_gen:pic_rgb_gen_inst|address_b[5]                                          ; pll_25mhz_inst|altpll_component|auto_generated|pll1|clk[0] ; pll_25mhz_inst|altpll_component|auto_generated|pll1|clk[0] ; 40.000       ; -0.095     ; 16.333     ;
; 23.591 ; vga_ctrl:vga_ctrl_inst|cnt_v[3]                                   ; pic_rgb_gen:pic_rgb_gen_inst|address_b[5]                                          ; pll_25mhz_inst|altpll_component|auto_generated|pll1|clk[0] ; pll_25mhz_inst|altpll_component|auto_generated|pll1|clk[0] ; 40.000       ; -0.084     ; 16.327     ;
; 23.659 ; vga_ctrl:vga_ctrl_inst|cnt_v[2]                                   ; pic_rgb_gen:pic_rgb_gen_inst|address_b[5]                                          ; pll_25mhz_inst|altpll_component|auto_generated|pll1|clk[0] ; pll_25mhz_inst|altpll_component|auto_generated|pll1|clk[0] ; 40.000       ; -0.085     ; 16.258     ;
; 23.669 ; vga_ctrl:vga_ctrl_inst|cnt_v[4]                                   ; pic_rgb_gen:pic_rgb_gen_inst|address_b[5]                                          ; pll_25mhz_inst|altpll_component|auto_generated|pll1|clk[0] ; pll_25mhz_inst|altpll_component|auto_generated|pll1|clk[0] ; 40.000       ; -0.084     ; 16.249     ;
; 23.672 ; vga_ctrl:vga_ctrl_inst|cnt_v[0]                                   ; pic_rgb_gen:pic_rgb_gen_inst|address_b[5]                                          ; pll_25mhz_inst|altpll_component|auto_generated|pll1|clk[0] ; pll_25mhz_inst|altpll_component|auto_generated|pll1|clk[0] ; 40.000       ; -0.084     ; 16.246     ;
; 23.720 ; vga_ctrl:vga_ctrl_inst|cnt_h[3]                                   ; pic_rgb_gen:pic_rgb_gen_inst|address_b[5]                                          ; pll_25mhz_inst|altpll_component|auto_generated|pll1|clk[0] ; pll_25mhz_inst|altpll_component|auto_generated|pll1|clk[0] ; 40.000       ; -0.095     ; 16.187     ;
; 23.789 ; vga_ctrl:vga_ctrl_inst|cnt_v[9]                                   ; pic_rgb_gen:pic_rgb_gen_inst|address_b[0]                                          ; pll_25mhz_inst|altpll_component|auto_generated|pll1|clk[0] ; pll_25mhz_inst|altpll_component|auto_generated|pll1|clk[0] ; 40.000       ; -0.066     ; 16.147     ;
; 24.072 ; vga_ctrl:vga_ctrl_inst|cnt_h[9]                                   ; pic_rgb_gen:pic_rgb_gen_inst|address_b[0]                                          ; pll_25mhz_inst|altpll_component|auto_generated|pll1|clk[0] ; pll_25mhz_inst|altpll_component|auto_generated|pll1|clk[0] ; 40.000       ; -0.066     ; 15.864     ;
; 24.128 ; vga_ctrl:vga_ctrl_inst|cnt_v[9]                                   ; pic_rgb_gen:pic_rgb_gen_inst|address_b[5]                                          ; pll_25mhz_inst|altpll_component|auto_generated|pll1|clk[0] ; pll_25mhz_inst|altpll_component|auto_generated|pll1|clk[0] ; 40.000       ; -0.085     ; 15.789     ;
; 24.206 ; vga_ctrl:vga_ctrl_inst|cnt_h[8]                                   ; pic_rgb_gen:pic_rgb_gen_inst|address_b[0]                                          ; pll_25mhz_inst|altpll_component|auto_generated|pll1|clk[0] ; pll_25mhz_inst|altpll_component|auto_generated|pll1|clk[0] ; 40.000       ; -0.066     ; 15.730     ;
; 24.256 ; vga_ctrl:vga_ctrl_inst|cnt_h[9]                                   ; pic_rgb_gen:pic_rgb_gen_inst|address_b[5]                                          ; pll_25mhz_inst|altpll_component|auto_generated|pll1|clk[0] ; pll_25mhz_inst|altpll_component|auto_generated|pll1|clk[0] ; 40.000       ; -0.085     ; 15.661     ;
; 24.427 ; vga_ctrl:vga_ctrl_inst|cnt_h[8]                                   ; pic_rgb_gen:pic_rgb_gen_inst|address_b[5]                                          ; pll_25mhz_inst|altpll_component|auto_generated|pll1|clk[0] ; pll_25mhz_inst|altpll_component|auto_generated|pll1|clk[0] ; 40.000       ; -0.085     ; 15.490     ;
; 24.611 ; vga_ctrl:vga_ctrl_inst|cnt_h[7]                                   ; pic_rgb_gen:pic_rgb_gen_inst|address_b[1]                                          ; pll_25mhz_inst|altpll_component|auto_generated|pll1|clk[0] ; pll_25mhz_inst|altpll_component|auto_generated|pll1|clk[0] ; 40.000       ; -0.080     ; 15.311     ;
; 24.767 ; vga_ctrl:vga_ctrl_inst|cnt_h[6]                                   ; pic_rgb_gen:pic_rgb_gen_inst|address_b[1]                                          ; pll_25mhz_inst|altpll_component|auto_generated|pll1|clk[0] ; pll_25mhz_inst|altpll_component|auto_generated|pll1|clk[0] ; 40.000       ; -0.080     ; 15.155     ;
; 24.967 ; vga_ctrl:vga_ctrl_inst|cnt_h[4]                                   ; pic_rgb_gen:pic_rgb_gen_inst|address_b[1]                                          ; pll_25mhz_inst|altpll_component|auto_generated|pll1|clk[0] ; pll_25mhz_inst|altpll_component|auto_generated|pll1|clk[0] ; 40.000       ; -0.080     ; 14.955     ;
; 25.032 ; vga_ctrl:vga_ctrl_inst|cnt_v[5]                                   ; pic_rgb_gen:pic_rgb_gen_inst|address_b[1]                                          ; pll_25mhz_inst|altpll_component|auto_generated|pll1|clk[0] ; pll_25mhz_inst|altpll_component|auto_generated|pll1|clk[0] ; 40.000       ; -0.070     ; 14.900     ;
; 25.056 ; vga_ctrl:vga_ctrl_inst|cnt_h[2]                                   ; pic_rgb_gen:pic_rgb_gen_inst|address_b[1]                                          ; pll_25mhz_inst|altpll_component|auto_generated|pll1|clk[0] ; pll_25mhz_inst|altpll_component|auto_generated|pll1|clk[0] ; 40.000       ; -0.080     ; 14.866     ;
; 25.089 ; vga_ctrl:vga_ctrl_inst|cnt_h[5]                                   ; pic_rgb_gen:pic_rgb_gen_inst|address_b[1]                                          ; pll_25mhz_inst|altpll_component|auto_generated|pll1|clk[0] ; pll_25mhz_inst|altpll_component|auto_generated|pll1|clk[0] ; 40.000       ; -0.080     ; 14.833     ;
; 25.207 ; vga_ctrl:vga_ctrl_inst|cnt_v[7]                                   ; pic_rgb_gen:pic_rgb_gen_inst|address_b[1]                                          ; pll_25mhz_inst|altpll_component|auto_generated|pll1|clk[0] ; pll_25mhz_inst|altpll_component|auto_generated|pll1|clk[0] ; 40.000       ; -0.070     ; 14.725     ;
; 25.235 ; vga_ctrl:vga_ctrl_inst|cnt_h[7]                                   ; pic_rgb_gen:pic_rgb_gen_inst|address_b[6]                                          ; pll_25mhz_inst|altpll_component|auto_generated|pll1|clk[0] ; pll_25mhz_inst|altpll_component|auto_generated|pll1|clk[0] ; 40.000       ; -0.095     ; 14.672     ;
+--------+-------------------------------------------------------------------+------------------------------------------------------------------------------------+------------------------------------------------------------+------------------------------------------------------------+--------------+------------+------------+


+----------------------------------------------------------------------------------------------------------------------------------------------------------------------------------------------------------------------------------------------------------------------------------------------------------------------------------------------------------------------------------------------------------------------------------------------------------------------------------------------------------------------------------------------------------------------+
; Slow 1200mV 0C Model Hold: 'pll_25mhz_inst|altpll_component|auto_generated|pll1|clk[0]'                                                                                                                                                                                                                                                                                                                                                                                                                                                                              ;
+-------+--------------------------------------------------------------------------------------------------------------------------------------------------------------------------+----------------------------------------------------------------------------------------------------------------------------------------------------------------------------------------------------------------+------------------------------------------------------------+------------------------------------------------------------+--------------+------------+------------+
; Slack ; From Node                                                                                                                                                                ; To Node                                                                                                                                                                                                        ; Launch Clock                                               ; Latch Clock                                                ; Relationship ; Clock Skew ; Data Delay ;
+-------+--------------------------------------------------------------------------------------------------------------------------------------------------------------------------+----------------------------------------------------------------------------------------------------------------------------------------------------------------------------------------------------------------+------------------------------------------------------------+------------------------------------------------------------+--------------+------------+------------+
; 0.387 ; pic_rgb_gen:pic_rgb_gen_inst|pi_data[2]                                                                                                                                  ; pic_rgb_gen:pic_rgb_gen_inst|fifo_256x8:fifo_256x8_inst|scfifo:scfifo_component|scfifo_ov21:auto_generated|a_dpfifo_v531:dpfifo|dpram_4711:FIFOram|altsyncram_q0k1:altsyncram1|ram_block2a0~porta_datain_reg0  ; pll_25mhz_inst|altpll_component|auto_generated|pll1|clk[0] ; pll_25mhz_inst|altpll_component|auto_generated|pll1|clk[0] ; 0.000        ; 0.431      ; 1.048      ;
; 0.387 ; pic_rgb_gen:pic_rgb_gen_inst|pi_data[3]                                                                                                                                  ; pic_rgb_gen:pic_rgb_gen_inst|fifo_256x8:fifo_256x8_inst|scfifo:scfifo_component|scfifo_ov21:auto_generated|a_dpfifo_v531:dpfifo|dpram_4711:FIFOram|altsyncram_q0k1:altsyncram1|ram_block2a0~porta_datain_reg0  ; pll_25mhz_inst|altpll_component|auto_generated|pll1|clk[0] ; pll_25mhz_inst|altpll_component|auto_generated|pll1|clk[0] ; 0.000        ; 0.431      ; 1.048      ;
; 0.388 ; pic_rgb_gen:pic_rgb_gen_inst|pi_data[0]                                                                                                                                  ; pic_rgb_gen:pic_rgb_gen_inst|fifo_256x8:fifo_256x8_inst|scfifo:scfifo_component|scfifo_ov21:auto_generated|a_dpfifo_v531:dpfifo|dpram_4711:FIFOram|altsyncram_q0k1:altsyncram1|ram_block2a0~porta_datain_reg0  ; pll_25mhz_inst|altpll_component|auto_generated|pll1|clk[0] ; pll_25mhz_inst|altpll_component|auto_generated|pll1|clk[0] ; 0.000        ; 0.431      ; 1.049      ;
; 0.389 ; pic_rgb_gen:pic_rgb_gen_inst|pi_data[5]                                                                                                                                  ; pic_rgb_gen:pic_rgb_gen_inst|fifo_256x8:fifo_256x8_inst|scfifo:scfifo_component|scfifo_ov21:auto_generated|a_dpfifo_v531:dpfifo|dpram_4711:FIFOram|altsyncram_q0k1:altsyncram1|ram_block2a0~porta_datain_reg0  ; pll_25mhz_inst|altpll_component|auto_generated|pll1|clk[0] ; pll_25mhz_inst|altpll_component|auto_generated|pll1|clk[0] ; 0.000        ; 0.431      ; 1.050      ;
; 0.401 ; vga_ctrl:vga_ctrl_inst|cnt_v[1]                                                                                                                                          ; vga_ctrl:vga_ctrl_inst|cnt_v[1]                                                                                                                                                                                ; pll_25mhz_inst|altpll_component|auto_generated|pll1|clk[0] ; pll_25mhz_inst|altpll_component|auto_generated|pll1|clk[0] ; 0.000        ; 0.073      ; 0.669      ;
; 0.401 ; vga_ctrl:vga_ctrl_inst|cnt_v[2]                                                                                                                                          ; vga_ctrl:vga_ctrl_inst|cnt_v[2]                                                                                                                                                                                ; pll_25mhz_inst|altpll_component|auto_generated|pll1|clk[0] ; pll_25mhz_inst|altpll_component|auto_generated|pll1|clk[0] ; 0.000        ; 0.073      ; 0.669      ;
; 0.401 ; vga_ctrl:vga_ctrl_inst|cnt_v[3]                                                                                                                                          ; vga_ctrl:vga_ctrl_inst|cnt_v[3]                                                                                                                                                                                ; pll_25mhz_inst|altpll_component|auto_generated|pll1|clk[0] ; pll_25mhz_inst|altpll_component|auto_generated|pll1|clk[0] ; 0.000        ; 0.073      ; 0.669      ;
; 0.401 ; vga_ctrl:vga_ctrl_inst|cnt_v[4]                                                                                                                                          ; vga_ctrl:vga_ctrl_inst|cnt_v[4]                                                                                                                                                                                ; pll_25mhz_inst|altpll_component|auto_generated|pll1|clk[0] ; pll_25mhz_inst|altpll_component|auto_generated|pll1|clk[0] ; 0.000        ; 0.073      ; 0.669      ;
; 0.401 ; vga_ctrl:vga_ctrl_inst|cnt_v[5]                                                                                                                                          ; vga_ctrl:vga_ctrl_inst|cnt_v[5]                                                                                                                                                                                ; pll_25mhz_inst|altpll_component|auto_generated|pll1|clk[0] ; pll_25mhz_inst|altpll_component|auto_generated|pll1|clk[0] ; 0.000        ; 0.073      ; 0.669      ;
; 0.401 ; vga_ctrl:vga_ctrl_inst|cnt_v[6]                                                                                                                                          ; vga_ctrl:vga_ctrl_inst|cnt_v[6]                                                                                                                                                                                ; pll_25mhz_inst|altpll_component|auto_generated|pll1|clk[0] ; pll_25mhz_inst|altpll_component|auto_generated|pll1|clk[0] ; 0.000        ; 0.073      ; 0.669      ;
; 0.401 ; vga_ctrl:vga_ctrl_inst|cnt_v[7]                                                                                                                                          ; vga_ctrl:vga_ctrl_inst|cnt_v[7]                                                                                                                                                                                ; pll_25mhz_inst|altpll_component|auto_generated|pll1|clk[0] ; pll_25mhz_inst|altpll_component|auto_generated|pll1|clk[0] ; 0.000        ; 0.073      ; 0.669      ;
; 0.401 ; vga_ctrl:vga_ctrl_inst|cnt_v[8]                                                                                                                                          ; vga_ctrl:vga_ctrl_inst|cnt_v[8]                                                                                                                                                                                ; pll_25mhz_inst|altpll_component|auto_generated|pll1|clk[0] ; pll_25mhz_inst|altpll_component|auto_generated|pll1|clk[0] ; 0.000        ; 0.073      ; 0.669      ;
; 0.401 ; vga_ctrl:vga_ctrl_inst|cnt_v[9]                                                                                                                                          ; vga_ctrl:vga_ctrl_inst|cnt_v[9]                                                                                                                                                                                ; pll_25mhz_inst|altpll_component|auto_generated|pll1|clk[0] ; pll_25mhz_inst|altpll_component|auto_generated|pll1|clk[0] ; 0.000        ; 0.073      ; 0.669      ;
; 0.401 ; vga_ctrl:vga_ctrl_inst|cnt_v[0]                                                                                                                                          ; vga_ctrl:vga_ctrl_inst|cnt_v[0]                                                                                                                                                                                ; pll_25mhz_inst|altpll_component|auto_generated|pll1|clk[0] ; pll_25mhz_inst|altpll_component|auto_generated|pll1|clk[0] ; 0.000        ; 0.073      ; 0.669      ;
; 0.401 ; pic_rgb_gen:pic_rgb_gen_inst|fifo_256x8:fifo_256x8_inst|scfifo:scfifo_component|scfifo_ov21:auto_generated|a_dpfifo_v531:dpfifo|a_fefifo_18e:fifo_state|b_full           ; pic_rgb_gen:pic_rgb_gen_inst|fifo_256x8:fifo_256x8_inst|scfifo:scfifo_component|scfifo_ov21:auto_generated|a_dpfifo_v531:dpfifo|a_fefifo_18e:fifo_state|b_full                                                 ; pll_25mhz_inst|altpll_component|auto_generated|pll1|clk[0] ; pll_25mhz_inst|altpll_component|auto_generated|pll1|clk[0] ; 0.000        ; 0.073      ; 0.669      ;
; 0.402 ; pic_rgb_gen:pic_rgb_gen_inst|pre_game                                                                                                                                    ; pic_rgb_gen:pic_rgb_gen_inst|pre_game                                                                                                                                                                          ; pll_25mhz_inst|altpll_component|auto_generated|pll1|clk[0] ; pll_25mhz_inst|altpll_component|auto_generated|pll1|clk[0] ; 0.000        ; 0.072      ; 0.669      ;
; 0.402 ; pic_rgb_gen:pic_rgb_gen_inst|state.IDLE                                                                                                                                  ; pic_rgb_gen:pic_rgb_gen_inst|state.IDLE                                                                                                                                                                        ; pll_25mhz_inst|altpll_component|auto_generated|pll1|clk[0] ; pll_25mhz_inst|altpll_component|auto_generated|pll1|clk[0] ; 0.000        ; 0.072      ; 0.669      ;
; 0.402 ; pic_rgb_gen:pic_rgb_gen_inst|state.GENF                                                                                                                                  ; pic_rgb_gen:pic_rgb_gen_inst|state.GENF                                                                                                                                                                        ; pll_25mhz_inst|altpll_component|auto_generated|pll1|clk[0] ; pll_25mhz_inst|altpll_component|auto_generated|pll1|clk[0] ; 0.000        ; 0.072      ; 0.669      ;
; 0.402 ; pic_rgb_gen:pic_rgb_gen_inst|death                                                                                                                                       ; pic_rgb_gen:pic_rgb_gen_inst|death                                                                                                                                                                             ; pll_25mhz_inst|altpll_component|auto_generated|pll1|clk[0] ; pll_25mhz_inst|altpll_component|auto_generated|pll1|clk[0] ; 0.000        ; 0.072      ; 0.669      ;
; 0.402 ; pic_rgb_gen:pic_rgb_gen_inst|prbs32_to_8:prbs32_to_8_inst|lfsr_reg[0]                                                                                                    ; pic_rgb_gen:pic_rgb_gen_inst|prbs32_to_8:prbs32_to_8_inst|lfsr_reg[0]                                                                                                                                          ; pll_25mhz_inst|altpll_component|auto_generated|pll1|clk[0] ; pll_25mhz_inst|altpll_component|auto_generated|pll1|clk[0] ; 0.000        ; 0.072      ; 0.669      ;
; 0.402 ; pic_rgb_gen:pic_rgb_gen_inst|new_head_y[0]                                                                                                                               ; pic_rgb_gen:pic_rgb_gen_inst|new_head_y[0]                                                                                                                                                                     ; pll_25mhz_inst|altpll_component|auto_generated|pll1|clk[0] ; pll_25mhz_inst|altpll_component|auto_generated|pll1|clk[0] ; 0.000        ; 0.072      ; 0.669      ;
; 0.402 ; pic_rgb_gen:pic_rgb_gen_inst|new_head_x[0]                                                                                                                               ; pic_rgb_gen:pic_rgb_gen_inst|new_head_x[0]                                                                                                                                                                     ; pll_25mhz_inst|altpll_component|auto_generated|pll1|clk[0] ; pll_25mhz_inst|altpll_component|auto_generated|pll1|clk[0] ; 0.000        ; 0.072      ; 0.669      ;
; 0.409 ; pic_rgb_gen:pic_rgb_gen_inst|address_b[0]                                                                                                                                ; pic_rgb_gen:pic_rgb_gen_inst|ram_256x2:ram_256x2_inst|altsyncram:altsyncram_component|altsyncram_qbh2:auto_generated|ram_block1a0~portb_address_reg0                                                           ; pll_25mhz_inst|altpll_component|auto_generated|pll1|clk[0] ; pll_25mhz_inst|altpll_component|auto_generated|pll1|clk[0] ; 0.000        ; 0.415      ; 1.054      ;
; 0.410 ; pic_rgb_gen:pic_rgb_gen_inst|fifo_256x8:fifo_256x8_inst|scfifo:scfifo_component|scfifo_ov21:auto_generated|a_dpfifo_v531:dpfifo|cntr_3ob:wr_ptr|counter_reg_bit[0]       ; pic_rgb_gen:pic_rgb_gen_inst|fifo_256x8:fifo_256x8_inst|scfifo:scfifo_component|scfifo_ov21:auto_generated|a_dpfifo_v531:dpfifo|dpram_4711:FIFOram|altsyncram_q0k1:altsyncram1|ram_block2a0~porta_address_reg0 ; pll_25mhz_inst|altpll_component|auto_generated|pll1|clk[0] ; pll_25mhz_inst|altpll_component|auto_generated|pll1|clk[0] ; 0.000        ; 0.419      ; 1.059      ;
; 0.416 ; pic_rgb_gen:pic_rgb_gen_inst|pi_data[4]                                                                                                                                  ; pic_rgb_gen:pic_rgb_gen_inst|fifo_256x8:fifo_256x8_inst|scfifo:scfifo_component|scfifo_ov21:auto_generated|a_dpfifo_v531:dpfifo|dpram_4711:FIFOram|altsyncram_q0k1:altsyncram1|ram_block2a0~porta_datain_reg0  ; pll_25mhz_inst|altpll_component|auto_generated|pll1|clk[0] ; pll_25mhz_inst|altpll_component|auto_generated|pll1|clk[0] ; 0.000        ; 0.431      ; 1.077      ;
; 0.417 ; pic_rgb_gen:pic_rgb_gen_inst|cnt_pre_addr[0]                                                                                                                             ; pic_rgb_gen:pic_rgb_gen_inst|cnt_pre_addr[0]                                                                                                                                                                   ; pll_25mhz_inst|altpll_component|auto_generated|pll1|clk[0] ; pll_25mhz_inst|altpll_component|auto_generated|pll1|clk[0] ; 0.000        ; 0.072      ; 0.684      ;
; 0.417 ; pic_rgb_gen:pic_rgb_gen_inst|lfsr_shift                                                                                                                                  ; pic_rgb_gen:pic_rgb_gen_inst|lfsr_shift                                                                                                                                                                        ; pll_25mhz_inst|altpll_component|auto_generated|pll1|clk[0] ; pll_25mhz_inst|altpll_component|auto_generated|pll1|clk[0] ; 0.000        ; 0.072      ; 0.684      ;
; 0.421 ; pic_rgb_gen:pic_rgb_gen_inst|pi_data[6]                                                                                                                                  ; pic_rgb_gen:pic_rgb_gen_inst|fifo_256x8:fifo_256x8_inst|scfifo:scfifo_component|scfifo_ov21:auto_generated|a_dpfifo_v531:dpfifo|dpram_4711:FIFOram|altsyncram_q0k1:altsyncram1|ram_block2a0~porta_datain_reg0  ; pll_25mhz_inst|altpll_component|auto_generated|pll1|clk[0] ; pll_25mhz_inst|altpll_component|auto_generated|pll1|clk[0] ; 0.000        ; 0.431      ; 1.082      ;
; 0.424 ; pic_rgb_gen:pic_rgb_gen_inst|fifo_256x8:fifo_256x8_inst|scfifo:scfifo_component|scfifo_ov21:auto_generated|a_dpfifo_v531:dpfifo|cntr_3ob:wr_ptr|counter_reg_bit[2]       ; pic_rgb_gen:pic_rgb_gen_inst|fifo_256x8:fifo_256x8_inst|scfifo:scfifo_component|scfifo_ov21:auto_generated|a_dpfifo_v531:dpfifo|dpram_4711:FIFOram|altsyncram_q0k1:altsyncram1|ram_block2a0~porta_address_reg0 ; pll_25mhz_inst|altpll_component|auto_generated|pll1|clk[0] ; pll_25mhz_inst|altpll_component|auto_generated|pll1|clk[0] ; 0.000        ; 0.419      ; 1.073      ;
; 0.426 ; pic_rgb_gen:pic_rgb_gen_inst|address_b[6]                                                                                                                                ; pic_rgb_gen:pic_rgb_gen_inst|ram_256x2:ram_256x2_inst|altsyncram:altsyncram_component|altsyncram_qbh2:auto_generated|ram_block1a0~portb_address_reg0                                                           ; pll_25mhz_inst|altpll_component|auto_generated|pll1|clk[0] ; pll_25mhz_inst|altpll_component|auto_generated|pll1|clk[0] ; 0.000        ; 0.434      ; 1.090      ;
; 0.427 ; pic_rgb_gen:pic_rgb_gen_inst|pi_data[7]                                                                                                                                  ; pic_rgb_gen:pic_rgb_gen_inst|fifo_256x8:fifo_256x8_inst|scfifo:scfifo_component|scfifo_ov21:auto_generated|a_dpfifo_v531:dpfifo|dpram_4711:FIFOram|altsyncram_q0k1:altsyncram1|ram_block2a0~porta_datain_reg0  ; pll_25mhz_inst|altpll_component|auto_generated|pll1|clk[0] ; pll_25mhz_inst|altpll_component|auto_generated|pll1|clk[0] ; 0.000        ; 0.431      ; 1.088      ;
; 0.431 ; pic_rgb_gen:pic_rgb_gen_inst|pi_data[1]                                                                                                                                  ; pic_rgb_gen:pic_rgb_gen_inst|fifo_256x8:fifo_256x8_inst|scfifo:scfifo_component|scfifo_ov21:auto_generated|a_dpfifo_v531:dpfifo|dpram_4711:FIFOram|altsyncram_q0k1:altsyncram1|ram_block2a0~porta_datain_reg0  ; pll_25mhz_inst|altpll_component|auto_generated|pll1|clk[0] ; pll_25mhz_inst|altpll_component|auto_generated|pll1|clk[0] ; 0.000        ; 0.431      ; 1.092      ;
; 0.449 ; pic_rgb_gen:pic_rgb_gen_inst|address_b[2]                                                                                                                                ; pic_rgb_gen:pic_rgb_gen_inst|ram_256x2:ram_256x2_inst|altsyncram:altsyncram_component|altsyncram_qbh2:auto_generated|ram_block1a0~portb_address_reg0                                                           ; pll_25mhz_inst|altpll_component|auto_generated|pll1|clk[0] ; pll_25mhz_inst|altpll_component|auto_generated|pll1|clk[0] ; 0.000        ; 0.419      ; 1.098      ;
; 0.451 ; pic_rgb_gen:pic_rgb_gen_inst|seed[5]                                                                                                                                     ; pic_rgb_gen:pic_rgb_gen_inst|prbs8bit:prbs8bit_inst|lfsr_reg[5]                                                                                                                                                ; pll_25mhz_inst|altpll_component|auto_generated|pll1|clk[0] ; pll_25mhz_inst|altpll_component|auto_generated|pll1|clk[0] ; 0.000        ; 0.073      ; 0.719      ;
; 0.452 ; pic_rgb_gen:pic_rgb_gen_inst|address_b[5]                                                                                                                                ; pic_rgb_gen:pic_rgb_gen_inst|ram_256x2:ram_256x2_inst|altsyncram:altsyncram_component|altsyncram_qbh2:auto_generated|ram_block1a0~portb_address_reg0                                                           ; pll_25mhz_inst|altpll_component|auto_generated|pll1|clk[0] ; pll_25mhz_inst|altpll_component|auto_generated|pll1|clk[0] ; 0.000        ; 0.434      ; 1.116      ;
; 0.455 ; pic_rgb_gen:pic_rgb_gen_inst|address_b[3]                                                                                                                                ; pic_rgb_gen:pic_rgb_gen_inst|ram_256x2:ram_256x2_inst|altsyncram:altsyncram_component|altsyncram_qbh2:auto_generated|ram_block1a0~portb_address_reg0                                                           ; pll_25mhz_inst|altpll_component|auto_generated|pll1|clk[0] ; pll_25mhz_inst|altpll_component|auto_generated|pll1|clk[0] ; 0.000        ; 0.419      ; 1.104      ;
; 0.459 ; pic_rgb_gen:pic_rgb_gen_inst|pre_game_dly                                                                                                                                ; pic_rgb_gen:pic_rgb_gen_inst|state.IDLE                                                                                                                                                                        ; pll_25mhz_inst|altpll_component|auto_generated|pll1|clk[0] ; pll_25mhz_inst|altpll_component|auto_generated|pll1|clk[0] ; 0.000        ; 0.072      ; 0.726      ;
; 0.462 ; pic_rgb_gen:pic_rgb_gen_inst|address_b[1]                                                                                                                                ; pic_rgb_gen:pic_rgb_gen_inst|ram_256x2:ram_256x2_inst|altsyncram:altsyncram_component|altsyncram_qbh2:auto_generated|ram_block1a0~portb_address_reg0                                                           ; pll_25mhz_inst|altpll_component|auto_generated|pll1|clk[0] ; pll_25mhz_inst|altpll_component|auto_generated|pll1|clk[0] ; 0.000        ; 0.419      ; 1.111      ;
; 0.468 ; pic_rgb_gen:pic_rgb_gen_inst|fifo_256x8:fifo_256x8_inst|scfifo:scfifo_component|scfifo_ov21:auto_generated|a_dpfifo_v531:dpfifo|cntr_3ob:wr_ptr|counter_reg_bit[3]       ; pic_rgb_gen:pic_rgb_gen_inst|fifo_256x8:fifo_256x8_inst|scfifo:scfifo_component|scfifo_ov21:auto_generated|a_dpfifo_v531:dpfifo|dpram_4711:FIFOram|altsyncram_q0k1:altsyncram1|ram_block2a0~porta_address_reg0 ; pll_25mhz_inst|altpll_component|auto_generated|pll1|clk[0] ; pll_25mhz_inst|altpll_component|auto_generated|pll1|clk[0] ; 0.000        ; 0.419      ; 1.117      ;
; 0.471 ; pic_rgb_gen:pic_rgb_gen_inst|prbs32_to_8:prbs32_to_8_inst|lfsr_reg[3]                                                                                                    ; pic_rgb_gen:pic_rgb_gen_inst|prbs32_to_8:prbs32_to_8_inst|lfsr_reg[4]                                                                                                                                          ; pll_25mhz_inst|altpll_component|auto_generated|pll1|clk[0] ; pll_25mhz_inst|altpll_component|auto_generated|pll1|clk[0] ; 0.000        ; 0.073      ; 0.739      ;
; 0.471 ; pic_rgb_gen:pic_rgb_gen_inst|prbs32_to_8:prbs32_to_8_inst|lfsr_reg[19]                                                                                                   ; pic_rgb_gen:pic_rgb_gen_inst|prbs32_to_8:prbs32_to_8_inst|lfsr_reg[20]                                                                                                                                         ; pll_25mhz_inst|altpll_component|auto_generated|pll1|clk[0] ; pll_25mhz_inst|altpll_component|auto_generated|pll1|clk[0] ; 0.000        ; 0.072      ; 0.738      ;
; 0.471 ; pic_rgb_gen:pic_rgb_gen_inst|prbs32_to_8:prbs32_to_8_inst|lfsr_reg[2]                                                                                                    ; pic_rgb_gen:pic_rgb_gen_inst|prbs32_to_8:prbs32_to_8_inst|lfsr_reg[0]                                                                                                                                          ; pll_25mhz_inst|altpll_component|auto_generated|pll1|clk[0] ; pll_25mhz_inst|altpll_component|auto_generated|pll1|clk[0] ; 0.000        ; 0.072      ; 0.738      ;
; 0.472 ; pic_rgb_gen:pic_rgb_gen_inst|prbs32_to_8:prbs32_to_8_inst|lfsr_reg[6]                                                                                                    ; pic_rgb_gen:pic_rgb_gen_inst|prbs32_to_8:prbs32_to_8_inst|lfsr_reg[7]                                                                                                                                          ; pll_25mhz_inst|altpll_component|auto_generated|pll1|clk[0] ; pll_25mhz_inst|altpll_component|auto_generated|pll1|clk[0] ; 0.000        ; 0.073      ; 0.740      ;
; 0.472 ; pic_rgb_gen:pic_rgb_gen_inst|prbs32_to_8:prbs32_to_8_inst|lfsr_reg[28]                                                                                                   ; pic_rgb_gen:pic_rgb_gen_inst|prbs32_to_8:prbs32_to_8_inst|lfsr_reg[29]                                                                                                                                         ; pll_25mhz_inst|altpll_component|auto_generated|pll1|clk[0] ; pll_25mhz_inst|altpll_component|auto_generated|pll1|clk[0] ; 0.000        ; 0.072      ; 0.739      ;
; 0.472 ; pic_rgb_gen:pic_rgb_gen_inst|fifo_256x8:fifo_256x8_inst|scfifo:scfifo_component|scfifo_ov21:auto_generated|a_dpfifo_v531:dpfifo|cntr_3ob:wr_ptr|counter_reg_bit[1]       ; pic_rgb_gen:pic_rgb_gen_inst|fifo_256x8:fifo_256x8_inst|scfifo:scfifo_component|scfifo_ov21:auto_generated|a_dpfifo_v531:dpfifo|dpram_4711:FIFOram|altsyncram_q0k1:altsyncram1|ram_block2a0~porta_address_reg0 ; pll_25mhz_inst|altpll_component|auto_generated|pll1|clk[0] ; pll_25mhz_inst|altpll_component|auto_generated|pll1|clk[0] ; 0.000        ; 0.419      ; 1.121      ;
; 0.476 ; pic_rgb_gen:pic_rgb_gen_inst|fifo_256x8:fifo_256x8_inst|scfifo:scfifo_component|scfifo_ov21:auto_generated|a_dpfifo_v531:dpfifo|cntr_3ob:rd_ptr_count|counter_reg_bit[3] ; pic_rgb_gen:pic_rgb_gen_inst|fifo_256x8:fifo_256x8_inst|scfifo:scfifo_component|scfifo_ov21:auto_generated|a_dpfifo_v531:dpfifo|dpram_4711:FIFOram|altsyncram_q0k1:altsyncram1|ram_block2a0~portb_address_reg0 ; pll_25mhz_inst|altpll_component|auto_generated|pll1|clk[0] ; pll_25mhz_inst|altpll_component|auto_generated|pll1|clk[0] ; 0.000        ; 0.352      ; 1.058      ;
; 0.478 ; pic_rgb_gen:pic_rgb_gen_inst|fifo_256x8:fifo_256x8_inst|scfifo:scfifo_component|scfifo_ov21:auto_generated|a_dpfifo_v531:dpfifo|cntr_3ob:rd_ptr_count|counter_reg_bit[7] ; pic_rgb_gen:pic_rgb_gen_inst|fifo_256x8:fifo_256x8_inst|scfifo:scfifo_component|scfifo_ov21:auto_generated|a_dpfifo_v531:dpfifo|dpram_4711:FIFOram|altsyncram_q0k1:altsyncram1|ram_block2a0~portb_address_reg0 ; pll_25mhz_inst|altpll_component|auto_generated|pll1|clk[0] ; pll_25mhz_inst|altpll_component|auto_generated|pll1|clk[0] ; 0.000        ; 0.352      ; 1.060      ;
; 0.478 ; pic_rgb_gen:pic_rgb_gen_inst|state.LFSR                                                                                                                                  ; pic_rgb_gen:pic_rgb_gen_inst|lfsr_shift                                                                                                                                                                        ; pll_25mhz_inst|altpll_component|auto_generated|pll1|clk[0] ; pll_25mhz_inst|altpll_component|auto_generated|pll1|clk[0] ; 0.000        ; 0.072      ; 0.745      ;
; 0.480 ; pic_rgb_gen:pic_rgb_gen_inst|prbs32_to_8:prbs32_to_8_inst|lfsr_reg[26]                                                                                                   ; pic_rgb_gen:pic_rgb_gen_inst|seed[0]                                                                                                                                                                           ; pll_25mhz_inst|altpll_component|auto_generated|pll1|clk[0] ; pll_25mhz_inst|altpll_component|auto_generated|pll1|clk[0] ; 0.000        ; 0.072      ; 0.747      ;
; 0.480 ; pic_rgb_gen:pic_rgb_gen_inst|fifo_256x8:fifo_256x8_inst|scfifo:scfifo_component|scfifo_ov21:auto_generated|a_dpfifo_v531:dpfifo|cntr_3ob:rd_ptr_count|counter_reg_bit[1] ; pic_rgb_gen:pic_rgb_gen_inst|fifo_256x8:fifo_256x8_inst|scfifo:scfifo_component|scfifo_ov21:auto_generated|a_dpfifo_v531:dpfifo|dpram_4711:FIFOram|altsyncram_q0k1:altsyncram1|ram_block2a0~portb_address_reg0 ; pll_25mhz_inst|altpll_component|auto_generated|pll1|clk[0] ; pll_25mhz_inst|altpll_component|auto_generated|pll1|clk[0] ; 0.000        ; 0.352      ; 1.062      ;
; 0.480 ; pic_rgb_gen:pic_rgb_gen_inst|fifo_256x8:fifo_256x8_inst|scfifo:scfifo_component|scfifo_ov21:auto_generated|a_dpfifo_v531:dpfifo|cntr_3ob:rd_ptr_count|counter_reg_bit[5] ; pic_rgb_gen:pic_rgb_gen_inst|fifo_256x8:fifo_256x8_inst|scfifo:scfifo_component|scfifo_ov21:auto_generated|a_dpfifo_v531:dpfifo|dpram_4711:FIFOram|altsyncram_q0k1:altsyncram1|ram_block2a0~portb_address_reg0 ; pll_25mhz_inst|altpll_component|auto_generated|pll1|clk[0] ; pll_25mhz_inst|altpll_component|auto_generated|pll1|clk[0] ; 0.000        ; 0.352      ; 1.062      ;
; 0.488 ; pic_rgb_gen:pic_rgb_gen_inst|fifo_256x8:fifo_256x8_inst|scfifo:scfifo_component|scfifo_ov21:auto_generated|a_dpfifo_v531:dpfifo|cntr_3ob:rd_ptr_count|counter_reg_bit[6] ; pic_rgb_gen:pic_rgb_gen_inst|fifo_256x8:fifo_256x8_inst|scfifo:scfifo_component|scfifo_ov21:auto_generated|a_dpfifo_v531:dpfifo|dpram_4711:FIFOram|altsyncram_q0k1:altsyncram1|ram_block2a0~portb_address_reg0 ; pll_25mhz_inst|altpll_component|auto_generated|pll1|clk[0] ; pll_25mhz_inst|altpll_component|auto_generated|pll1|clk[0] ; 0.000        ; 0.352      ; 1.070      ;
; 0.491 ; pic_rgb_gen:pic_rgb_gen_inst|game_tick_dly2                                                                                                                              ; pic_rgb_gen:pic_rgb_gen_inst|pi_en                                                                                                                                                                             ; pll_25mhz_inst|altpll_component|auto_generated|pll1|clk[0] ; pll_25mhz_inst|altpll_component|auto_generated|pll1|clk[0] ; 0.000        ; 0.072      ; 0.758      ;
; 0.491 ; pic_rgb_gen:pic_rgb_gen_inst|prbs32_to_8:prbs32_to_8_inst|lfsr_reg[1]                                                                                                    ; pic_rgb_gen:pic_rgb_gen_inst|seed[2]                                                                                                                                                                           ; pll_25mhz_inst|altpll_component|auto_generated|pll1|clk[0] ; pll_25mhz_inst|altpll_component|auto_generated|pll1|clk[0] ; 0.000        ; 0.072      ; 0.758      ;
; 0.492 ; pic_rgb_gen:pic_rgb_gen_inst|prbs8bit:prbs8bit_inst|lfsr_reg[5]                                                                                                          ; pic_rgb_gen:pic_rgb_gen_inst|prbs8bit:prbs8bit_inst|lfsr_reg[6]                                                                                                                                                ; pll_25mhz_inst|altpll_component|auto_generated|pll1|clk[0] ; pll_25mhz_inst|altpll_component|auto_generated|pll1|clk[0] ; 0.000        ; 0.073      ; 0.760      ;
; 0.494 ; pic_rgb_gen:pic_rgb_gen_inst|prbs32_to_8:prbs32_to_8_inst|lfsr_reg[5]                                                                                                    ; pic_rgb_gen:pic_rgb_gen_inst|prbs32_to_8:prbs32_to_8_inst|lfsr_reg[6]                                                                                                                                          ; pll_25mhz_inst|altpll_component|auto_generated|pll1|clk[0] ; pll_25mhz_inst|altpll_component|auto_generated|pll1|clk[0] ; 0.000        ; 0.073      ; 0.762      ;
; 0.497 ; pic_rgb_gen:pic_rgb_gen_inst|fifo_256x8:fifo_256x8_inst|scfifo:scfifo_component|scfifo_ov21:auto_generated|a_dpfifo_v531:dpfifo|cntr_3ob:wr_ptr|counter_reg_bit[5]       ; pic_rgb_gen:pic_rgb_gen_inst|fifo_256x8:fifo_256x8_inst|scfifo:scfifo_component|scfifo_ov21:auto_generated|a_dpfifo_v531:dpfifo|dpram_4711:FIFOram|altsyncram_q0k1:altsyncram1|ram_block2a0~porta_address_reg0 ; pll_25mhz_inst|altpll_component|auto_generated|pll1|clk[0] ; pll_25mhz_inst|altpll_component|auto_generated|pll1|clk[0] ; 0.000        ; 0.419      ; 1.146      ;
; 0.499 ; pic_rgb_gen:pic_rgb_gen_inst|prbs8bit:prbs8bit_inst|lfsr_reg[3]                                                                                                          ; pic_rgb_gen:pic_rgb_gen_inst|prbs8bit:prbs8bit_inst|lfsr_reg[4]                                                                                                                                                ; pll_25mhz_inst|altpll_component|auto_generated|pll1|clk[0] ; pll_25mhz_inst|altpll_component|auto_generated|pll1|clk[0] ; 0.000        ; 0.073      ; 0.767      ;
; 0.501 ; pic_rgb_gen:pic_rgb_gen_inst|game_tick_dly5                                                                                                                              ; pic_rgb_gen:pic_rgb_gen_inst|po_en                                                                                                                                                                             ; pll_25mhz_inst|altpll_component|auto_generated|pll1|clk[0] ; pll_25mhz_inst|altpll_component|auto_generated|pll1|clk[0] ; 0.000        ; 0.072      ; 0.768      ;
; 0.503 ; pic_rgb_gen:pic_rgb_gen_inst|fifo_256x8:fifo_256x8_inst|scfifo:scfifo_component|scfifo_ov21:auto_generated|a_dpfifo_v531:dpfifo|cntr_3ob:rd_ptr_count|counter_reg_bit[0] ; pic_rgb_gen:pic_rgb_gen_inst|fifo_256x8:fifo_256x8_inst|scfifo:scfifo_component|scfifo_ov21:auto_generated|a_dpfifo_v531:dpfifo|dpram_4711:FIFOram|altsyncram_q0k1:altsyncram1|ram_block2a0~portb_address_reg0 ; pll_25mhz_inst|altpll_component|auto_generated|pll1|clk[0] ; pll_25mhz_inst|altpll_component|auto_generated|pll1|clk[0] ; 0.000        ; 0.352      ; 1.085      ;
; 0.520 ; pic_rgb_gen:pic_rgb_gen_inst|fifo_256x8:fifo_256x8_inst|scfifo:scfifo_component|scfifo_ov21:auto_generated|a_dpfifo_v531:dpfifo|cntr_3ob:rd_ptr_count|counter_reg_bit[4] ; pic_rgb_gen:pic_rgb_gen_inst|fifo_256x8:fifo_256x8_inst|scfifo:scfifo_component|scfifo_ov21:auto_generated|a_dpfifo_v531:dpfifo|dpram_4711:FIFOram|altsyncram_q0k1:altsyncram1|ram_block2a0~portb_address_reg0 ; pll_25mhz_inst|altpll_component|auto_generated|pll1|clk[0] ; pll_25mhz_inst|altpll_component|auto_generated|pll1|clk[0] ; 0.000        ; 0.352      ; 1.102      ;
; 0.578 ; pic_rgb_gen:pic_rgb_gen_inst|prbs32_to_8:prbs32_to_8_inst|lfsr_reg[4]                                                                                                    ; pic_rgb_gen:pic_rgb_gen_inst|prbs32_to_8:prbs32_to_8_inst|lfsr_reg[5]                                                                                                                                          ; pll_25mhz_inst|altpll_component|auto_generated|pll1|clk[0] ; pll_25mhz_inst|altpll_component|auto_generated|pll1|clk[0] ; 0.000        ; 0.073      ; 0.846      ;
; 0.578 ; pic_rgb_gen:pic_rgb_gen_inst|prbs32_to_8:prbs32_to_8_inst|lfsr_reg[10]                                                                                                   ; pic_rgb_gen:pic_rgb_gen_inst|prbs32_to_8:prbs32_to_8_inst|lfsr_reg[11]                                                                                                                                         ; pll_25mhz_inst|altpll_component|auto_generated|pll1|clk[0] ; pll_25mhz_inst|altpll_component|auto_generated|pll1|clk[0] ; 0.000        ; 0.073      ; 0.846      ;
; 0.580 ; pic_rgb_gen:pic_rgb_gen_inst|prbs32_to_8:prbs32_to_8_inst|lfsr_reg[25]                                                                                                   ; pic_rgb_gen:pic_rgb_gen_inst|prbs32_to_8:prbs32_to_8_inst|lfsr_reg[26]                                                                                                                                         ; pll_25mhz_inst|altpll_component|auto_generated|pll1|clk[0] ; pll_25mhz_inst|altpll_component|auto_generated|pll1|clk[0] ; 0.000        ; 0.072      ; 0.847      ;
; 0.580 ; pic_rgb_gen:pic_rgb_gen_inst|prbs32_to_8:prbs32_to_8_inst|lfsr_reg[30]                                                                                                   ; pic_rgb_gen:pic_rgb_gen_inst|seed[3]                                                                                                                                                                           ; pll_25mhz_inst|altpll_component|auto_generated|pll1|clk[0] ; pll_25mhz_inst|altpll_component|auto_generated|pll1|clk[0] ; 0.000        ; 0.072      ; 0.847      ;
; 0.582 ; pic_rgb_gen:pic_rgb_gen_inst|prbs32_to_8:prbs32_to_8_inst|lfsr_reg[0]                                                                                                    ; pic_rgb_gen:pic_rgb_gen_inst|prbs32_to_8:prbs32_to_8_inst|lfsr_reg[1]                                                                                                                                          ; pll_25mhz_inst|altpll_component|auto_generated|pll1|clk[0] ; pll_25mhz_inst|altpll_component|auto_generated|pll1|clk[0] ; 0.000        ; 0.072      ; 0.849      ;
; 0.585 ; pic_rgb_gen:pic_rgb_gen_inst|prbs32_to_8:prbs32_to_8_inst|lfsr_reg[14]                                                                                                   ; pic_rgb_gen:pic_rgb_gen_inst|prbs32_to_8:prbs32_to_8_inst|lfsr_reg[15]                                                                                                                                         ; pll_25mhz_inst|altpll_component|auto_generated|pll1|clk[0] ; pll_25mhz_inst|altpll_component|auto_generated|pll1|clk[0] ; 0.000        ; 0.073      ; 0.853      ;
; 0.586 ; pic_rgb_gen:pic_rgb_gen_inst|address_a[4]                                                                                                                                ; pic_rgb_gen:pic_rgb_gen_inst|ram_256x2:ram_256x2_inst|altsyncram:altsyncram_component|altsyncram_qbh2:auto_generated|ram_block1a0~porta_address_reg0                                                           ; pll_25mhz_inst|altpll_component|auto_generated|pll1|clk[0] ; pll_25mhz_inst|altpll_component|auto_generated|pll1|clk[0] ; 0.000        ; 0.440      ; 1.256      ;
; 0.589 ; pic_rgb_gen:pic_rgb_gen_inst|prbs32_to_8:prbs32_to_8_inst|lfsr_reg[23]                                                                                                   ; pic_rgb_gen:pic_rgb_gen_inst|prbs32_to_8:prbs32_to_8_inst|lfsr_reg[24]                                                                                                                                         ; pll_25mhz_inst|altpll_component|auto_generated|pll1|clk[0] ; pll_25mhz_inst|altpll_component|auto_generated|pll1|clk[0] ; 0.000        ; 0.072      ; 0.856      ;
; 0.591 ; pic_rgb_gen:pic_rgb_gen_inst|fruit                                                                                                                                       ; pic_rgb_gen:pic_rgb_gen_inst|po_en                                                                                                                                                                             ; pll_25mhz_inst|altpll_component|auto_generated|pll1|clk[0] ; pll_25mhz_inst|altpll_component|auto_generated|pll1|clk[0] ; 0.000        ; 0.072      ; 0.858      ;
; 0.598 ; pic_rgb_gen:pic_rgb_gen_inst|address_a[6]                                                                                                                                ; pic_rgb_gen:pic_rgb_gen_inst|ram_256x2:ram_256x2_inst|altsyncram:altsyncram_component|altsyncram_qbh2:auto_generated|ram_block1a0~porta_address_reg0                                                           ; pll_25mhz_inst|altpll_component|auto_generated|pll1|clk[0] ; pll_25mhz_inst|altpll_component|auto_generated|pll1|clk[0] ; 0.000        ; 0.440      ; 1.268      ;
; 0.598 ; pic_rgb_gen:pic_rgb_gen_inst|seed[6]                                                                                                                                     ; pic_rgb_gen:pic_rgb_gen_inst|prbs8bit:prbs8bit_inst|lfsr_reg[6]                                                                                                                                                ; pll_25mhz_inst|altpll_component|auto_generated|pll1|clk[0] ; pll_25mhz_inst|altpll_component|auto_generated|pll1|clk[0] ; 0.000        ; 0.073      ; 0.866      ;
; 0.598 ; pic_rgb_gen:pic_rgb_gen_inst|seed[4]                                                                                                                                     ; pic_rgb_gen:pic_rgb_gen_inst|prbs8bit:prbs8bit_inst|lfsr_reg[4]                                                                                                                                                ; pll_25mhz_inst|altpll_component|auto_generated|pll1|clk[0] ; pll_25mhz_inst|altpll_component|auto_generated|pll1|clk[0] ; 0.000        ; 0.073      ; 0.866      ;
; 0.609 ; pic_rgb_gen:pic_rgb_gen_inst|fruit                                                                                                                                       ; pic_rgb_gen:pic_rgb_gen_inst|fruit_req                                                                                                                                                                         ; pll_25mhz_inst|altpll_component|auto_generated|pll1|clk[0] ; pll_25mhz_inst|altpll_component|auto_generated|pll1|clk[0] ; 0.000        ; 0.072      ; 0.876      ;
; 0.617 ; pic_rgb_gen:pic_rgb_gen_inst|prbs32_to_8:prbs32_to_8_inst|lfsr_reg[22]                                                                                                   ; pic_rgb_gen:pic_rgb_gen_inst|prbs32_to_8:prbs32_to_8_inst|lfsr_reg[23]                                                                                                                                         ; pll_25mhz_inst|altpll_component|auto_generated|pll1|clk[0] ; pll_25mhz_inst|altpll_component|auto_generated|pll1|clk[0] ; 0.000        ; 0.072      ; 0.884      ;
; 0.624 ; pic_rgb_gen:pic_rgb_gen_inst|address_a[2]                                                                                                                                ; pic_rgb_gen:pic_rgb_gen_inst|ram_256x2:ram_256x2_inst|altsyncram:altsyncram_component|altsyncram_qbh2:auto_generated|ram_block1a0~porta_address_reg0                                                           ; pll_25mhz_inst|altpll_component|auto_generated|pll1|clk[0] ; pll_25mhz_inst|altpll_component|auto_generated|pll1|clk[0] ; 0.000        ; 0.440      ; 1.294      ;
; 0.625 ; pic_rgb_gen:pic_rgb_gen_inst|address_a[7]                                                                                                                                ; pic_rgb_gen:pic_rgb_gen_inst|ram_256x2:ram_256x2_inst|altsyncram:altsyncram_component|altsyncram_qbh2:auto_generated|ram_block1a0~porta_address_reg0                                                           ; pll_25mhz_inst|altpll_component|auto_generated|pll1|clk[0] ; pll_25mhz_inst|altpll_component|auto_generated|pll1|clk[0] ; 0.000        ; 0.440      ; 1.295      ;
; 0.625 ; pic_rgb_gen:pic_rgb_gen_inst|new_head_y[3]                                                                                                                               ; pic_rgb_gen:pic_rgb_gen_inst|new_head_y[3]                                                                                                                                                                     ; pll_25mhz_inst|altpll_component|auto_generated|pll1|clk[0] ; pll_25mhz_inst|altpll_component|auto_generated|pll1|clk[0] ; 0.000        ; 0.072      ; 0.892      ;
; 0.626 ; pic_rgb_gen:pic_rgb_gen_inst|new_head_x[2]                                                                                                                               ; pic_rgb_gen:pic_rgb_gen_inst|address_a[2]                                                                                                                                                                      ; pll_25mhz_inst|altpll_component|auto_generated|pll1|clk[0] ; pll_25mhz_inst|altpll_component|auto_generated|pll1|clk[0] ; 0.000        ; 0.073      ; 0.894      ;
; 0.627 ; pic_rgb_gen:pic_rgb_gen_inst|address_a[1]                                                                                                                                ; pic_rgb_gen:pic_rgb_gen_inst|ram_256x2:ram_256x2_inst|altsyncram:altsyncram_component|altsyncram_qbh2:auto_generated|ram_block1a0~porta_address_reg0                                                           ; pll_25mhz_inst|altpll_component|auto_generated|pll1|clk[0] ; pll_25mhz_inst|altpll_component|auto_generated|pll1|clk[0] ; 0.000        ; 0.440      ; 1.297      ;
; 0.630 ; pic_rgb_gen:pic_rgb_gen_inst|address_a[5]                                                                                                                                ; pic_rgb_gen:pic_rgb_gen_inst|ram_256x2:ram_256x2_inst|altsyncram:altsyncram_component|altsyncram_qbh2:auto_generated|ram_block1a0~porta_address_reg0                                                           ; pll_25mhz_inst|altpll_component|auto_generated|pll1|clk[0] ; pll_25mhz_inst|altpll_component|auto_generated|pll1|clk[0] ; 0.000        ; 0.440      ; 1.300      ;
; 0.638 ; pic_rgb_gen:pic_rgb_gen_inst|game_tick_dly4                                                                                                                              ; pic_rgb_gen:pic_rgb_gen_inst|fruit                                                                                                                                                                             ; pll_25mhz_inst|altpll_component|auto_generated|pll1|clk[0] ; pll_25mhz_inst|altpll_component|auto_generated|pll1|clk[0] ; 0.000        ; 0.072      ; 0.905      ;
; 0.641 ; pic_rgb_gen:pic_rgb_gen_inst|state.IDLE                                                                                                                                  ; pic_rgb_gen:pic_rgb_gen_inst|state.TICK                                                                                                                                                                        ; pll_25mhz_inst|altpll_component|auto_generated|pll1|clk[0] ; pll_25mhz_inst|altpll_component|auto_generated|pll1|clk[0] ; 0.000        ; 0.072      ; 0.908      ;
; 0.645 ; pic_rgb_gen:pic_rgb_gen_inst|lfsr_shift_dly1                                                                                                                             ; pic_rgb_gen:pic_rgb_gen_inst|lfsr_shift_dly2                                                                                                                                                                   ; pll_25mhz_inst|altpll_component|auto_generated|pll1|clk[0] ; pll_25mhz_inst|altpll_component|auto_generated|pll1|clk[0] ; 0.000        ; 0.072      ; 0.912      ;
; 0.645 ; pic_rgb_gen:pic_rgb_gen_inst|prbs32_to_8:prbs32_to_8_inst|lfsr_reg[7]                                                                                                    ; pic_rgb_gen:pic_rgb_gen_inst|prbs32_to_8:prbs32_to_8_inst|lfsr_reg[8]                                                                                                                                          ; pll_25mhz_inst|altpll_component|auto_generated|pll1|clk[0] ; pll_25mhz_inst|altpll_component|auto_generated|pll1|clk[0] ; 0.000        ; 0.073      ; 0.913      ;
; 0.646 ; pic_rgb_gen:pic_rgb_gen_inst|prbs32_to_8:prbs32_to_8_inst|lfsr_reg[15]                                                                                                   ; pic_rgb_gen:pic_rgb_gen_inst|prbs32_to_8:prbs32_to_8_inst|lfsr_reg[16]                                                                                                                                         ; pll_25mhz_inst|altpll_component|auto_generated|pll1|clk[0] ; pll_25mhz_inst|altpll_component|auto_generated|pll1|clk[0] ; 0.000        ; 0.073      ; 0.914      ;
; 0.647 ; pic_rgb_gen:pic_rgb_gen_inst|prbs32_to_8:prbs32_to_8_inst|lfsr_reg[27]                                                                                                   ; pic_rgb_gen:pic_rgb_gen_inst|prbs32_to_8:prbs32_to_8_inst|lfsr_reg[28]                                                                                                                                         ; pll_25mhz_inst|altpll_component|auto_generated|pll1|clk[0] ; pll_25mhz_inst|altpll_component|auto_generated|pll1|clk[0] ; 0.000        ; 0.072      ; 0.914      ;
; 0.652 ; pic_rgb_gen:pic_rgb_gen_inst|pre_game                                                                                                                                    ; pic_rgb_gen:pic_rgb_gen_inst|pre_game_dly                                                                                                                                                                      ; pll_25mhz_inst|altpll_component|auto_generated|pll1|clk[0] ; pll_25mhz_inst|altpll_component|auto_generated|pll1|clk[0] ; 0.000        ; 0.073      ; 0.920      ;
; 0.653 ; pic_rgb_gen:pic_rgb_gen_inst|prbs32_to_8:prbs32_to_8_inst|lfsr_reg[14]                                                                                                   ; pic_rgb_gen:pic_rgb_gen_inst|seed[1]                                                                                                                                                                           ; pll_25mhz_inst|altpll_component|auto_generated|pll1|clk[0] ; pll_25mhz_inst|altpll_component|auto_generated|pll1|clk[0] ; 0.000        ; 0.073      ; 0.921      ;
; 0.654 ; pic_rgb_gen:pic_rgb_gen_inst|address_a[3]                                                                                                                                ; pic_rgb_gen:pic_rgb_gen_inst|ram_256x2:ram_256x2_inst|altsyncram:altsyncram_component|altsyncram_qbh2:auto_generated|ram_block1a0~porta_address_reg0                                                           ; pll_25mhz_inst|altpll_component|auto_generated|pll1|clk[0] ; pll_25mhz_inst|altpll_component|auto_generated|pll1|clk[0] ; 0.000        ; 0.440      ; 1.324      ;
; 0.657 ; pic_rgb_gen:pic_rgb_gen_inst|prbs32_to_8:prbs32_to_8_inst|lfsr_reg[23]                                                                                                   ; pic_rgb_gen:pic_rgb_gen_inst|seed[7]                                                                                                                                                                           ; pll_25mhz_inst|altpll_component|auto_generated|pll1|clk[0] ; pll_25mhz_inst|altpll_component|auto_generated|pll1|clk[0] ; 0.000        ; 0.072      ; 0.924      ;
; 0.663 ; pic_rgb_gen:pic_rgb_gen_inst|state.IDLE                                                                                                                                  ; pic_rgb_gen:pic_rgb_gen_inst|wr_data_a[1]                                                                                                                                                                      ; pll_25mhz_inst|altpll_component|auto_generated|pll1|clk[0] ; pll_25mhz_inst|altpll_component|auto_generated|pll1|clk[0] ; 0.000        ; 0.072      ; 0.930      ;
; 0.668 ; pic_rgb_gen:pic_rgb_gen_inst|game_tick_dly5                                                                                                                              ; pic_rgb_gen:pic_rgb_gen_inst|wr_en_a                                                                                                                                                                           ; pll_25mhz_inst|altpll_component|auto_generated|pll1|clk[0] ; pll_25mhz_inst|altpll_component|auto_generated|pll1|clk[0] ; 0.000        ; 0.071      ; 0.934      ;
; 0.686 ; pic_rgb_gen:pic_rgb_gen_inst|game_tick_dly4                                                                                                                              ; pic_rgb_gen:pic_rgb_gen_inst|game_tick_dly5                                                                                                                                                                    ; pll_25mhz_inst|altpll_component|auto_generated|pll1|clk[0] ; pll_25mhz_inst|altpll_component|auto_generated|pll1|clk[0] ; 0.000        ; 0.072      ; 0.953      ;
; 0.687 ; pic_rgb_gen:pic_rgb_gen_inst|state.TICK                                                                                                                                  ; pic_rgb_gen:pic_rgb_gen_inst|game_tick_dly7                                                                                                                                                                    ; pll_25mhz_inst|altpll_component|auto_generated|pll1|clk[0] ; pll_25mhz_inst|altpll_component|auto_generated|pll1|clk[0] ; 0.000        ; 0.073      ; 0.955      ;
; 0.687 ; pic_rgb_gen:pic_rgb_gen_inst|state.TICK                                                                                                                                  ; pic_rgb_gen:pic_rgb_gen_inst|game_tick_dly4                                                                                                                                                                    ; pll_25mhz_inst|altpll_component|auto_generated|pll1|clk[0] ; pll_25mhz_inst|altpll_component|auto_generated|pll1|clk[0] ; 0.000        ; 0.073      ; 0.955      ;
; 0.692 ; pic_rgb_gen:pic_rgb_gen_inst|cnt_tick[9]                                                                                                                                 ; pic_rgb_gen:pic_rgb_gen_inst|cnt_tick[9]                                                                                                                                                                       ; pll_25mhz_inst|altpll_component|auto_generated|pll1|clk[0] ; pll_25mhz_inst|altpll_component|auto_generated|pll1|clk[0] ; 0.000        ; 0.072      ; 0.959      ;
; 0.693 ; pic_rgb_gen:pic_rgb_gen_inst|cnt_tick[6]                                                                                                                                 ; pic_rgb_gen:pic_rgb_gen_inst|cnt_tick[6]                                                                                                                                                                       ; pll_25mhz_inst|altpll_component|auto_generated|pll1|clk[0] ; pll_25mhz_inst|altpll_component|auto_generated|pll1|clk[0] ; 0.000        ; 0.072      ; 0.960      ;
; 0.693 ; pic_rgb_gen:pic_rgb_gen_inst|cnt_tick[8]                                                                                                                                 ; pic_rgb_gen:pic_rgb_gen_inst|cnt_tick[8]                                                                                                                                                                       ; pll_25mhz_inst|altpll_component|auto_generated|pll1|clk[0] ; pll_25mhz_inst|altpll_component|auto_generated|pll1|clk[0] ; 0.000        ; 0.072      ; 0.960      ;
; 0.693 ; pic_rgb_gen:pic_rgb_gen_inst|cnt_tick[10]                                                                                                                                ; pic_rgb_gen:pic_rgb_gen_inst|cnt_tick[10]                                                                                                                                                                      ; pll_25mhz_inst|altpll_component|auto_generated|pll1|clk[0] ; pll_25mhz_inst|altpll_component|auto_generated|pll1|clk[0] ; 0.000        ; 0.072      ; 0.960      ;
+-------+--------------------------------------------------------------------------------------------------------------------------------------------------------------------------+----------------------------------------------------------------------------------------------------------------------------------------------------------------------------------------------------------------+------------------------------------------------------------+------------------------------------------------------------+--------------+------------+------------+


+-------------------------------------------------------------------------------------------------------------------------------------------------------------------------------------------------------------------------------------------------------------------------------------------------------------------------------------------+
; Slow 1200mV 0C Model Hold: 'sys_clk'                                                                                                                                                                                                                                                                                                      ;
+-------+------------------------------------------------------------------------------------------------------------------------------+------------------------------------------------------------------------------------------------------------------------------+--------------+-------------+--------------+------------+------------+
; Slack ; From Node                                                                                                                    ; To Node                                                                                                                      ; Launch Clock ; Latch Clock ; Relationship ; Clock Skew ; Data Delay ;
+-------+------------------------------------------------------------------------------------------------------------------------------+------------------------------------------------------------------------------------------------------------------------------+--------------+-------------+--------------+------------+------------+
; 0.400 ; inf_rcv:inf_rcv_inst|seg_595_dynamic:seg_595_dynamic_inst|seg_dynamic:seg_dynamic_inst|bcd_8421:bcd_8421_inst|data_shift[37] ; inf_rcv:inf_rcv_inst|seg_595_dynamic:seg_595_dynamic_inst|seg_dynamic:seg_dynamic_inst|bcd_8421:bcd_8421_inst|data_shift[37] ; sys_clk      ; sys_clk     ; 0.000        ; 0.074      ; 0.669      ;
; 0.400 ; inf_rcv:inf_rcv_inst|seg_595_dynamic:seg_595_dynamic_inst|seg_dynamic:seg_dynamic_inst|bcd_8421:bcd_8421_inst|data_shift[41] ; inf_rcv:inf_rcv_inst|seg_595_dynamic:seg_595_dynamic_inst|seg_dynamic:seg_dynamic_inst|bcd_8421:bcd_8421_inst|data_shift[41] ; sys_clk      ; sys_clk     ; 0.000        ; 0.074      ; 0.669      ;
; 0.401 ; inf_rcv:inf_rcv_inst|seg_595_dynamic:seg_595_dynamic_inst|hc595_ctrl:hc595_ctrl_inst|cnt_bit[0]                              ; inf_rcv:inf_rcv_inst|seg_595_dynamic:seg_595_dynamic_inst|hc595_ctrl:hc595_ctrl_inst|cnt_bit[0]                              ; sys_clk      ; sys_clk     ; 0.000        ; 0.073      ; 0.669      ;
; 0.401 ; inf_rcv:inf_rcv_inst|seg_595_dynamic:seg_595_dynamic_inst|hc595_ctrl:hc595_ctrl_inst|cnt_bit[1]                              ; inf_rcv:inf_rcv_inst|seg_595_dynamic:seg_595_dynamic_inst|hc595_ctrl:hc595_ctrl_inst|cnt_bit[1]                              ; sys_clk      ; sys_clk     ; 0.000        ; 0.073      ; 0.669      ;
; 0.401 ; inf_rcv:inf_rcv_inst|seg_595_dynamic:seg_595_dynamic_inst|hc595_ctrl:hc595_ctrl_inst|cnt_bit[3]                              ; inf_rcv:inf_rcv_inst|seg_595_dynamic:seg_595_dynamic_inst|hc595_ctrl:hc595_ctrl_inst|cnt_bit[3]                              ; sys_clk      ; sys_clk     ; 0.000        ; 0.073      ; 0.669      ;
; 0.401 ; inf_rcv:inf_rcv_inst|seg_595_dynamic:seg_595_dynamic_inst|hc595_ctrl:hc595_ctrl_inst|cnt_bit[2]                              ; inf_rcv:inf_rcv_inst|seg_595_dynamic:seg_595_dynamic_inst|hc595_ctrl:hc595_ctrl_inst|cnt_bit[2]                              ; sys_clk      ; sys_clk     ; 0.000        ; 0.073      ; 0.669      ;
; 0.401 ; inf_rcv:inf_rcv_inst|seg_595_dynamic:seg_595_dynamic_inst|seg_dynamic:seg_dynamic_inst|bcd_8421:bcd_8421_inst|data_shift[33] ; inf_rcv:inf_rcv_inst|seg_595_dynamic:seg_595_dynamic_inst|seg_dynamic:seg_dynamic_inst|bcd_8421:bcd_8421_inst|data_shift[33] ; sys_clk      ; sys_clk     ; 0.000        ; 0.073      ; 0.669      ;
; 0.401 ; inf_rcv:inf_rcv_inst|seg_595_dynamic:seg_595_dynamic_inst|seg_dynamic:seg_dynamic_inst|bcd_8421:bcd_8421_inst|data_shift[0]  ; inf_rcv:inf_rcv_inst|seg_595_dynamic:seg_595_dynamic_inst|seg_dynamic:seg_dynamic_inst|bcd_8421:bcd_8421_inst|data_shift[0]  ; sys_clk      ; sys_clk     ; 0.000        ; 0.073      ; 0.669      ;
; 0.401 ; inf_rcv:inf_rcv_inst|seg_595_dynamic:seg_595_dynamic_inst|seg_dynamic:seg_dynamic_inst|bcd_8421:bcd_8421_inst|data_shift[21] ; inf_rcv:inf_rcv_inst|seg_595_dynamic:seg_595_dynamic_inst|seg_dynamic:seg_dynamic_inst|bcd_8421:bcd_8421_inst|data_shift[21] ; sys_clk      ; sys_clk     ; 0.000        ; 0.073      ; 0.669      ;
; 0.401 ; inf_rcv:inf_rcv_inst|seg_595_dynamic:seg_595_dynamic_inst|seg_dynamic:seg_dynamic_inst|bcd_8421:bcd_8421_inst|data_shift[22] ; inf_rcv:inf_rcv_inst|seg_595_dynamic:seg_595_dynamic_inst|seg_dynamic:seg_dynamic_inst|bcd_8421:bcd_8421_inst|data_shift[22] ; sys_clk      ; sys_clk     ; 0.000        ; 0.073      ; 0.669      ;
; 0.401 ; inf_rcv:inf_rcv_inst|seg_595_dynamic:seg_595_dynamic_inst|seg_dynamic:seg_dynamic_inst|bcd_8421:bcd_8421_inst|data_shift[23] ; inf_rcv:inf_rcv_inst|seg_595_dynamic:seg_595_dynamic_inst|seg_dynamic:seg_dynamic_inst|bcd_8421:bcd_8421_inst|data_shift[23] ; sys_clk      ; sys_clk     ; 0.000        ; 0.073      ; 0.669      ;
; 0.401 ; inf_rcv:inf_rcv_inst|seg_595_dynamic:seg_595_dynamic_inst|seg_dynamic:seg_dynamic_inst|bcd_8421:bcd_8421_inst|data_shift[25] ; inf_rcv:inf_rcv_inst|seg_595_dynamic:seg_595_dynamic_inst|seg_dynamic:seg_dynamic_inst|bcd_8421:bcd_8421_inst|data_shift[25] ; sys_clk      ; sys_clk     ; 0.000        ; 0.073      ; 0.669      ;
; 0.401 ; inf_rcv:inf_rcv_inst|seg_595_dynamic:seg_595_dynamic_inst|seg_dynamic:seg_dynamic_inst|bcd_8421:bcd_8421_inst|data_shift[26] ; inf_rcv:inf_rcv_inst|seg_595_dynamic:seg_595_dynamic_inst|seg_dynamic:seg_dynamic_inst|bcd_8421:bcd_8421_inst|data_shift[26] ; sys_clk      ; sys_clk     ; 0.000        ; 0.073      ; 0.669      ;
; 0.401 ; inf_rcv:inf_rcv_inst|seg_595_dynamic:seg_595_dynamic_inst|seg_dynamic:seg_dynamic_inst|bcd_8421:bcd_8421_inst|data_shift[27] ; inf_rcv:inf_rcv_inst|seg_595_dynamic:seg_595_dynamic_inst|seg_dynamic:seg_dynamic_inst|bcd_8421:bcd_8421_inst|data_shift[27] ; sys_clk      ; sys_clk     ; 0.000        ; 0.073      ; 0.669      ;
; 0.401 ; inf_rcv:inf_rcv_inst|seg_595_dynamic:seg_595_dynamic_inst|seg_dynamic:seg_dynamic_inst|bcd_8421:bcd_8421_inst|data_shift[30] ; inf_rcv:inf_rcv_inst|seg_595_dynamic:seg_595_dynamic_inst|seg_dynamic:seg_dynamic_inst|bcd_8421:bcd_8421_inst|data_shift[30] ; sys_clk      ; sys_clk     ; 0.000        ; 0.073      ; 0.669      ;
; 0.401 ; inf_rcv:inf_rcv_inst|seg_595_dynamic:seg_595_dynamic_inst|seg_dynamic:seg_dynamic_inst|bcd_8421:bcd_8421_inst|data_shift[29] ; inf_rcv:inf_rcv_inst|seg_595_dynamic:seg_595_dynamic_inst|seg_dynamic:seg_dynamic_inst|bcd_8421:bcd_8421_inst|data_shift[29] ; sys_clk      ; sys_clk     ; 0.000        ; 0.073      ; 0.669      ;
; 0.401 ; inf_rcv:inf_rcv_inst|seg_595_dynamic:seg_595_dynamic_inst|seg_dynamic:seg_dynamic_inst|bcd_8421:bcd_8421_inst|data_shift[31] ; inf_rcv:inf_rcv_inst|seg_595_dynamic:seg_595_dynamic_inst|seg_dynamic:seg_dynamic_inst|bcd_8421:bcd_8421_inst|data_shift[31] ; sys_clk      ; sys_clk     ; 0.000        ; 0.073      ; 0.669      ;
; 0.401 ; inf_rcv:inf_rcv_inst|seg_595_dynamic:seg_595_dynamic_inst|seg_dynamic:seg_dynamic_inst|bcd_8421:bcd_8421_inst|data_shift[34] ; inf_rcv:inf_rcv_inst|seg_595_dynamic:seg_595_dynamic_inst|seg_dynamic:seg_dynamic_inst|bcd_8421:bcd_8421_inst|data_shift[34] ; sys_clk      ; sys_clk     ; 0.000        ; 0.073      ; 0.669      ;
; 0.401 ; inf_rcv:inf_rcv_inst|seg_595_dynamic:seg_595_dynamic_inst|seg_dynamic:seg_dynamic_inst|bcd_8421:bcd_8421_inst|data_shift[35] ; inf_rcv:inf_rcv_inst|seg_595_dynamic:seg_595_dynamic_inst|seg_dynamic:seg_dynamic_inst|bcd_8421:bcd_8421_inst|data_shift[35] ; sys_clk      ; sys_clk     ; 0.000        ; 0.073      ; 0.669      ;
; 0.401 ; inf_rcv:inf_rcv_inst|seg_595_dynamic:seg_595_dynamic_inst|seg_dynamic:seg_dynamic_inst|bcd_8421:bcd_8421_inst|data_shift[39] ; inf_rcv:inf_rcv_inst|seg_595_dynamic:seg_595_dynamic_inst|seg_dynamic:seg_dynamic_inst|bcd_8421:bcd_8421_inst|data_shift[39] ; sys_clk      ; sys_clk     ; 0.000        ; 0.073      ; 0.669      ;
; 0.401 ; inf_rcv:inf_rcv_inst|seg_595_dynamic:seg_595_dynamic_inst|seg_dynamic:seg_dynamic_inst|bcd_8421:bcd_8421_inst|data_shift[38] ; inf_rcv:inf_rcv_inst|seg_595_dynamic:seg_595_dynamic_inst|seg_dynamic:seg_dynamic_inst|bcd_8421:bcd_8421_inst|data_shift[38] ; sys_clk      ; sys_clk     ; 0.000        ; 0.073      ; 0.669      ;
; 0.401 ; inf_rcv:inf_rcv_inst|seg_595_dynamic:seg_595_dynamic_inst|seg_dynamic:seg_dynamic_inst|bcd_8421:bcd_8421_inst|data_shift[43] ; inf_rcv:inf_rcv_inst|seg_595_dynamic:seg_595_dynamic_inst|seg_dynamic:seg_dynamic_inst|bcd_8421:bcd_8421_inst|data_shift[43] ; sys_clk      ; sys_clk     ; 0.000        ; 0.073      ; 0.669      ;
; 0.401 ; inf_rcv:inf_rcv_inst|seg_595_dynamic:seg_595_dynamic_inst|seg_dynamic:seg_dynamic_inst|bcd_8421:bcd_8421_inst|data_shift[42] ; inf_rcv:inf_rcv_inst|seg_595_dynamic:seg_595_dynamic_inst|seg_dynamic:seg_dynamic_inst|bcd_8421:bcd_8421_inst|data_shift[42] ; sys_clk      ; sys_clk     ; 0.000        ; 0.073      ; 0.669      ;
; 0.401 ; inf_rcv:inf_rcv_inst|seg_595_dynamic:seg_595_dynamic_inst|seg_dynamic:seg_dynamic_inst|cnt_sel[1]                            ; inf_rcv:inf_rcv_inst|seg_595_dynamic:seg_595_dynamic_inst|seg_dynamic:seg_dynamic_inst|cnt_sel[1]                            ; sys_clk      ; sys_clk     ; 0.000        ; 0.073      ; 0.669      ;
; 0.401 ; inf_rcv:inf_rcv_inst|seg_595_dynamic:seg_595_dynamic_inst|seg_dynamic:seg_dynamic_inst|cnt_sel[2]                            ; inf_rcv:inf_rcv_inst|seg_595_dynamic:seg_595_dynamic_inst|seg_dynamic:seg_dynamic_inst|cnt_sel[2]                            ; sys_clk      ; sys_clk     ; 0.000        ; 0.073      ; 0.669      ;
; 0.401 ; inf_rcv:inf_rcv_inst|seg_595_dynamic:seg_595_dynamic_inst|seg_dynamic:seg_dynamic_inst|sel_reg[0]                            ; inf_rcv:inf_rcv_inst|seg_595_dynamic:seg_595_dynamic_inst|seg_dynamic:seg_dynamic_inst|sel_reg[0]                            ; sys_clk      ; sys_clk     ; 0.000        ; 0.073      ; 0.669      ;
; 0.401 ; inf_rcv:inf_rcv_inst|seg_595_dynamic:seg_595_dynamic_inst|hc595_ctrl:hc595_ctrl_inst|ds                                      ; inf_rcv:inf_rcv_inst|seg_595_dynamic:seg_595_dynamic_inst|hc595_ctrl:hc595_ctrl_inst|ds                                      ; sys_clk      ; sys_clk     ; 0.000        ; 0.073      ; 0.669      ;
; 0.402 ; inf_rcv:inf_rcv_inst|inf_rcv_decoder:inf_rcv_decoder_inst|cnt_data_bit[0]                                                    ; inf_rcv:inf_rcv_inst|inf_rcv_decoder:inf_rcv_decoder_inst|cnt_data_bit[0]                                                    ; sys_clk      ; sys_clk     ; 0.000        ; 0.072      ; 0.669      ;
; 0.402 ; inf_rcv:inf_rcv_inst|inf_rcv_decoder:inf_rcv_decoder_inst|cnt_data_bit[1]                                                    ; inf_rcv:inf_rcv_inst|inf_rcv_decoder:inf_rcv_decoder_inst|cnt_data_bit[1]                                                    ; sys_clk      ; sys_clk     ; 0.000        ; 0.072      ; 0.669      ;
; 0.402 ; inf_rcv:inf_rcv_inst|inf_rcv_decoder:inf_rcv_decoder_inst|cnt_data_bit[2]                                                    ; inf_rcv:inf_rcv_inst|inf_rcv_decoder:inf_rcv_decoder_inst|cnt_data_bit[2]                                                    ; sys_clk      ; sys_clk     ; 0.000        ; 0.072      ; 0.669      ;
; 0.402 ; inf_rcv:inf_rcv_inst|inf_rcv_decoder:inf_rcv_decoder_inst|cnt_data_bit[3]                                                    ; inf_rcv:inf_rcv_inst|inf_rcv_decoder:inf_rcv_decoder_inst|cnt_data_bit[3]                                                    ; sys_clk      ; sys_clk     ; 0.000        ; 0.072      ; 0.669      ;
; 0.402 ; inf_rcv:inf_rcv_inst|inf_rcv_decoder:inf_rcv_decoder_inst|cnt_data_bit[4]                                                    ; inf_rcv:inf_rcv_inst|inf_rcv_decoder:inf_rcv_decoder_inst|cnt_data_bit[4]                                                    ; sys_clk      ; sys_clk     ; 0.000        ; 0.072      ; 0.669      ;
; 0.402 ; inf_rcv:inf_rcv_inst|inf_rcv_decoder:inf_rcv_decoder_inst|cnt_data_bit[5]                                                    ; inf_rcv:inf_rcv_inst|inf_rcv_decoder:inf_rcv_decoder_inst|cnt_data_bit[5]                                                    ; sys_clk      ; sys_clk     ; 0.000        ; 0.072      ; 0.669      ;
; 0.402 ; inf_rcv:inf_rcv_inst|inf_rcv_decoder:inf_rcv_decoder_inst|state.DATA                                                         ; inf_rcv:inf_rcv_inst|inf_rcv_decoder:inf_rcv_decoder_inst|state.DATA                                                         ; sys_clk      ; sys_clk     ; 0.000        ; 0.072      ; 0.669      ;
; 0.402 ; inf_rcv:inf_rcv_inst|inf_rcv_decoder:inf_rcv_decoder_inst|state.N_9MS                                                        ; inf_rcv:inf_rcv_inst|inf_rcv_decoder:inf_rcv_decoder_inst|state.N_9MS                                                        ; sys_clk      ; sys_clk     ; 0.000        ; 0.072      ; 0.669      ;
; 0.402 ; inf_rcv:inf_rcv_inst|inf_rcv_decoder:inf_rcv_decoder_inst|state.ARBIT                                                        ; inf_rcv:inf_rcv_inst|inf_rcv_decoder:inf_rcv_decoder_inst|state.ARBIT                                                        ; sys_clk      ; sys_clk     ; 0.000        ; 0.072      ; 0.669      ;
; 0.402 ; inf_rcv:inf_rcv_inst|inf_rcv_decoder:inf_rcv_decoder_inst|data_reg[16]                                                       ; inf_rcv:inf_rcv_inst|inf_rcv_decoder:inf_rcv_decoder_inst|data_reg[16]                                                       ; sys_clk      ; sys_clk     ; 0.000        ; 0.072      ; 0.669      ;
; 0.402 ; inf_rcv:inf_rcv_inst|inf_rcv_decoder:inf_rcv_decoder_inst|data_reg[25]                                                       ; inf_rcv:inf_rcv_inst|inf_rcv_decoder:inf_rcv_decoder_inst|data_reg[25]                                                       ; sys_clk      ; sys_clk     ; 0.000        ; 0.072      ; 0.669      ;
; 0.402 ; inf_rcv:inf_rcv_inst|inf_rcv_decoder:inf_rcv_decoder_inst|data_reg[24]                                                       ; inf_rcv:inf_rcv_inst|inf_rcv_decoder:inf_rcv_decoder_inst|data_reg[24]                                                       ; sys_clk      ; sys_clk     ; 0.000        ; 0.072      ; 0.669      ;
; 0.402 ; inf_rcv:inf_rcv_inst|inf_rcv_decoder:inf_rcv_decoder_inst|data_reg[17]                                                       ; inf_rcv:inf_rcv_inst|inf_rcv_decoder:inf_rcv_decoder_inst|data_reg[17]                                                       ; sys_clk      ; sys_clk     ; 0.000        ; 0.072      ; 0.669      ;
; 0.402 ; inf_rcv:inf_rcv_inst|inf_rcv_decoder:inf_rcv_decoder_inst|data_reg[18]                                                       ; inf_rcv:inf_rcv_inst|inf_rcv_decoder:inf_rcv_decoder_inst|data_reg[18]                                                       ; sys_clk      ; sys_clk     ; 0.000        ; 0.072      ; 0.669      ;
; 0.402 ; inf_rcv:inf_rcv_inst|inf_rcv_decoder:inf_rcv_decoder_inst|data_reg[27]                                                       ; inf_rcv:inf_rcv_inst|inf_rcv_decoder:inf_rcv_decoder_inst|data_reg[27]                                                       ; sys_clk      ; sys_clk     ; 0.000        ; 0.072      ; 0.669      ;
; 0.402 ; inf_rcv:inf_rcv_inst|inf_rcv_decoder:inf_rcv_decoder_inst|data_reg[26]                                                       ; inf_rcv:inf_rcv_inst|inf_rcv_decoder:inf_rcv_decoder_inst|data_reg[26]                                                       ; sys_clk      ; sys_clk     ; 0.000        ; 0.072      ; 0.669      ;
; 0.402 ; inf_rcv:inf_rcv_inst|inf_rcv_decoder:inf_rcv_decoder_inst|data_reg[19]                                                       ; inf_rcv:inf_rcv_inst|inf_rcv_decoder:inf_rcv_decoder_inst|data_reg[19]                                                       ; sys_clk      ; sys_clk     ; 0.000        ; 0.072      ; 0.669      ;
; 0.402 ; inf_rcv:inf_rcv_inst|inf_rcv_decoder:inf_rcv_decoder_inst|data_reg[31]                                                       ; inf_rcv:inf_rcv_inst|inf_rcv_decoder:inf_rcv_decoder_inst|data_reg[31]                                                       ; sys_clk      ; sys_clk     ; 0.000        ; 0.072      ; 0.669      ;
; 0.402 ; inf_rcv:inf_rcv_inst|inf_rcv_decoder:inf_rcv_decoder_inst|data_reg[23]                                                       ; inf_rcv:inf_rcv_inst|inf_rcv_decoder:inf_rcv_decoder_inst|data_reg[23]                                                       ; sys_clk      ; sys_clk     ; 0.000        ; 0.072      ; 0.669      ;
; 0.402 ; inf_rcv:inf_rcv_inst|inf_rcv_decoder:inf_rcv_decoder_inst|data_reg[30]                                                       ; inf_rcv:inf_rcv_inst|inf_rcv_decoder:inf_rcv_decoder_inst|data_reg[30]                                                       ; sys_clk      ; sys_clk     ; 0.000        ; 0.072      ; 0.669      ;
; 0.402 ; inf_rcv:inf_rcv_inst|inf_rcv_decoder:inf_rcv_decoder_inst|data_reg[22]                                                       ; inf_rcv:inf_rcv_inst|inf_rcv_decoder:inf_rcv_decoder_inst|data_reg[22]                                                       ; sys_clk      ; sys_clk     ; 0.000        ; 0.072      ; 0.669      ;
; 0.402 ; inf_rcv:inf_rcv_inst|inf_rcv_decoder:inf_rcv_decoder_inst|data_reg[21]                                                       ; inf_rcv:inf_rcv_inst|inf_rcv_decoder:inf_rcv_decoder_inst|data_reg[21]                                                       ; sys_clk      ; sys_clk     ; 0.000        ; 0.072      ; 0.669      ;
; 0.402 ; inf_rcv:inf_rcv_inst|inf_rcv_decoder:inf_rcv_decoder_inst|data_reg[29]                                                       ; inf_rcv:inf_rcv_inst|inf_rcv_decoder:inf_rcv_decoder_inst|data_reg[29]                                                       ; sys_clk      ; sys_clk     ; 0.000        ; 0.072      ; 0.669      ;
; 0.402 ; inf_rcv:inf_rcv_inst|inf_rcv_decoder:inf_rcv_decoder_inst|data_reg[28]                                                       ; inf_rcv:inf_rcv_inst|inf_rcv_decoder:inf_rcv_decoder_inst|data_reg[28]                                                       ; sys_clk      ; sys_clk     ; 0.000        ; 0.072      ; 0.669      ;
; 0.402 ; inf_rcv:inf_rcv_inst|inf_rcv_decoder:inf_rcv_decoder_inst|data_reg[20]                                                       ; inf_rcv:inf_rcv_inst|inf_rcv_decoder:inf_rcv_decoder_inst|data_reg[20]                                                       ; sys_clk      ; sys_clk     ; 0.000        ; 0.072      ; 0.669      ;
; 0.402 ; inf_rcv:inf_rcv_inst|inf_rcv_decoder:inf_rcv_decoder_inst|data_reg[11]                                                       ; inf_rcv:inf_rcv_inst|inf_rcv_decoder:inf_rcv_decoder_inst|data_reg[11]                                                       ; sys_clk      ; sys_clk     ; 0.000        ; 0.072      ; 0.669      ;
; 0.402 ; inf_rcv:inf_rcv_inst|inf_rcv_decoder:inf_rcv_decoder_inst|data_reg[2]                                                        ; inf_rcv:inf_rcv_inst|inf_rcv_decoder:inf_rcv_decoder_inst|data_reg[2]                                                        ; sys_clk      ; sys_clk     ; 0.000        ; 0.072      ; 0.669      ;
; 0.402 ; inf_rcv:inf_rcv_inst|inf_rcv_decoder:inf_rcv_decoder_inst|data_reg[10]                                                       ; inf_rcv:inf_rcv_inst|inf_rcv_decoder:inf_rcv_decoder_inst|data_reg[10]                                                       ; sys_clk      ; sys_clk     ; 0.000        ; 0.072      ; 0.669      ;
; 0.402 ; inf_rcv:inf_rcv_inst|inf_rcv_decoder:inf_rcv_decoder_inst|data_reg[3]                                                        ; inf_rcv:inf_rcv_inst|inf_rcv_decoder:inf_rcv_decoder_inst|data_reg[3]                                                        ; sys_clk      ; sys_clk     ; 0.000        ; 0.072      ; 0.669      ;
; 0.402 ; inf_rcv:inf_rcv_inst|inf_rcv_decoder:inf_rcv_decoder_inst|data_reg[0]                                                        ; inf_rcv:inf_rcv_inst|inf_rcv_decoder:inf_rcv_decoder_inst|data_reg[0]                                                        ; sys_clk      ; sys_clk     ; 0.000        ; 0.072      ; 0.669      ;
; 0.402 ; inf_rcv:inf_rcv_inst|inf_rcv_decoder:inf_rcv_decoder_inst|data_reg[1]                                                        ; inf_rcv:inf_rcv_inst|inf_rcv_decoder:inf_rcv_decoder_inst|data_reg[1]                                                        ; sys_clk      ; sys_clk     ; 0.000        ; 0.072      ; 0.669      ;
; 0.402 ; inf_rcv:inf_rcv_inst|inf_rcv_decoder:inf_rcv_decoder_inst|data_reg[8]                                                        ; inf_rcv:inf_rcv_inst|inf_rcv_decoder:inf_rcv_decoder_inst|data_reg[8]                                                        ; sys_clk      ; sys_clk     ; 0.000        ; 0.072      ; 0.669      ;
; 0.402 ; inf_rcv:inf_rcv_inst|inf_rcv_decoder:inf_rcv_decoder_inst|data_reg[9]                                                        ; inf_rcv:inf_rcv_inst|inf_rcv_decoder:inf_rcv_decoder_inst|data_reg[9]                                                        ; sys_clk      ; sys_clk     ; 0.000        ; 0.072      ; 0.669      ;
; 0.402 ; inf_rcv:inf_rcv_inst|inf_rcv_decoder:inf_rcv_decoder_inst|data_reg[14]                                                       ; inf_rcv:inf_rcv_inst|inf_rcv_decoder:inf_rcv_decoder_inst|data_reg[14]                                                       ; sys_clk      ; sys_clk     ; 0.000        ; 0.072      ; 0.669      ;
; 0.402 ; inf_rcv:inf_rcv_inst|inf_rcv_decoder:inf_rcv_decoder_inst|data_reg[7]                                                        ; inf_rcv:inf_rcv_inst|inf_rcv_decoder:inf_rcv_decoder_inst|data_reg[7]                                                        ; sys_clk      ; sys_clk     ; 0.000        ; 0.072      ; 0.669      ;
; 0.402 ; inf_rcv:inf_rcv_inst|inf_rcv_decoder:inf_rcv_decoder_inst|data_reg[15]                                                       ; inf_rcv:inf_rcv_inst|inf_rcv_decoder:inf_rcv_decoder_inst|data_reg[15]                                                       ; sys_clk      ; sys_clk     ; 0.000        ; 0.072      ; 0.669      ;
; 0.402 ; inf_rcv:inf_rcv_inst|inf_rcv_decoder:inf_rcv_decoder_inst|data_reg[6]                                                        ; inf_rcv:inf_rcv_inst|inf_rcv_decoder:inf_rcv_decoder_inst|data_reg[6]                                                        ; sys_clk      ; sys_clk     ; 0.000        ; 0.072      ; 0.669      ;
; 0.402 ; inf_rcv:inf_rcv_inst|inf_rcv_decoder:inf_rcv_decoder_inst|data_reg[12]                                                       ; inf_rcv:inf_rcv_inst|inf_rcv_decoder:inf_rcv_decoder_inst|data_reg[12]                                                       ; sys_clk      ; sys_clk     ; 0.000        ; 0.072      ; 0.669      ;
; 0.402 ; inf_rcv:inf_rcv_inst|inf_rcv_decoder:inf_rcv_decoder_inst|data_reg[4]                                                        ; inf_rcv:inf_rcv_inst|inf_rcv_decoder:inf_rcv_decoder_inst|data_reg[4]                                                        ; sys_clk      ; sys_clk     ; 0.000        ; 0.072      ; 0.669      ;
; 0.402 ; inf_rcv:inf_rcv_inst|inf_rcv_decoder:inf_rcv_decoder_inst|data_reg[13]                                                       ; inf_rcv:inf_rcv_inst|inf_rcv_decoder:inf_rcv_decoder_inst|data_reg[13]                                                       ; sys_clk      ; sys_clk     ; 0.000        ; 0.072      ; 0.669      ;
; 0.402 ; inf_rcv:inf_rcv_inst|inf_rcv_decoder:inf_rcv_decoder_inst|data_reg[5]                                                        ; inf_rcv:inf_rcv_inst|inf_rcv_decoder:inf_rcv_decoder_inst|data_reg[5]                                                        ; sys_clk      ; sys_clk     ; 0.000        ; 0.072      ; 0.669      ;
; 0.415 ; inf_rcv:inf_rcv_inst|seg_595_dynamic:seg_595_dynamic_inst|seg_dynamic:seg_dynamic_inst|bcd_8421:bcd_8421_inst|data_shift[36] ; inf_rcv:inf_rcv_inst|seg_595_dynamic:seg_595_dynamic_inst|seg_dynamic:seg_dynamic_inst|bcd_8421:bcd_8421_inst|data_shift[36] ; sys_clk      ; sys_clk     ; 0.000        ; 0.074      ; 0.684      ;
; 0.415 ; inf_rcv:inf_rcv_inst|seg_595_dynamic:seg_595_dynamic_inst|seg_dynamic:seg_dynamic_inst|bcd_8421:bcd_8421_inst|data_shift[40] ; inf_rcv:inf_rcv_inst|seg_595_dynamic:seg_595_dynamic_inst|seg_dynamic:seg_dynamic_inst|bcd_8421:bcd_8421_inst|data_shift[40] ; sys_clk      ; sys_clk     ; 0.000        ; 0.074      ; 0.684      ;
; 0.416 ; inf_rcv:inf_rcv_inst|seg_595_dynamic:seg_595_dynamic_inst|hc595_ctrl:hc595_ctrl_inst|cnt_4[0]                                ; inf_rcv:inf_rcv_inst|seg_595_dynamic:seg_595_dynamic_inst|hc595_ctrl:hc595_ctrl_inst|cnt_4[0]                                ; sys_clk      ; sys_clk     ; 0.000        ; 0.073      ; 0.684      ;
; 0.416 ; inf_rcv:inf_rcv_inst|seg_595_dynamic:seg_595_dynamic_inst|seg_dynamic:seg_dynamic_inst|bcd_8421:bcd_8421_inst|data_shift[20] ; inf_rcv:inf_rcv_inst|seg_595_dynamic:seg_595_dynamic_inst|seg_dynamic:seg_dynamic_inst|bcd_8421:bcd_8421_inst|data_shift[20] ; sys_clk      ; sys_clk     ; 0.000        ; 0.073      ; 0.684      ;
; 0.416 ; inf_rcv:inf_rcv_inst|seg_595_dynamic:seg_595_dynamic_inst|seg_dynamic:seg_dynamic_inst|bcd_8421:bcd_8421_inst|data_shift[24] ; inf_rcv:inf_rcv_inst|seg_595_dynamic:seg_595_dynamic_inst|seg_dynamic:seg_dynamic_inst|bcd_8421:bcd_8421_inst|data_shift[24] ; sys_clk      ; sys_clk     ; 0.000        ; 0.073      ; 0.684      ;
; 0.416 ; inf_rcv:inf_rcv_inst|seg_595_dynamic:seg_595_dynamic_inst|seg_dynamic:seg_dynamic_inst|bcd_8421:bcd_8421_inst|data_shift[28] ; inf_rcv:inf_rcv_inst|seg_595_dynamic:seg_595_dynamic_inst|seg_dynamic:seg_dynamic_inst|bcd_8421:bcd_8421_inst|data_shift[28] ; sys_clk      ; sys_clk     ; 0.000        ; 0.073      ; 0.684      ;
; 0.416 ; inf_rcv:inf_rcv_inst|seg_595_dynamic:seg_595_dynamic_inst|seg_dynamic:seg_dynamic_inst|bcd_8421:bcd_8421_inst|data_shift[32] ; inf_rcv:inf_rcv_inst|seg_595_dynamic:seg_595_dynamic_inst|seg_dynamic:seg_dynamic_inst|bcd_8421:bcd_8421_inst|data_shift[32] ; sys_clk      ; sys_clk     ; 0.000        ; 0.073      ; 0.684      ;
; 0.416 ; inf_rcv:inf_rcv_inst|seg_595_dynamic:seg_595_dynamic_inst|seg_dynamic:seg_dynamic_inst|cnt_sel[0]                            ; inf_rcv:inf_rcv_inst|seg_595_dynamic:seg_595_dynamic_inst|seg_dynamic:seg_dynamic_inst|cnt_sel[0]                            ; sys_clk      ; sys_clk     ; 0.000        ; 0.073      ; 0.684      ;
; 0.457 ; inf_rcv:inf_rcv_inst|led_ctrl:led_ctrl_inst|cnt_50ms[21]                                                                     ; inf_rcv:inf_rcv_inst|led_ctrl:led_ctrl_inst|cnt_50ms[21]                                                                     ; sys_clk      ; sys_clk     ; 0.000        ; 0.072      ; 0.724      ;
; 0.460 ; inf_rcv:inf_rcv_inst|seg_595_dynamic:seg_595_dynamic_inst|seg_dynamic:seg_dynamic_inst|bcd_8421:bcd_8421_inst|ten[3]         ; inf_rcv:inf_rcv_inst|seg_595_dynamic:seg_595_dynamic_inst|seg_dynamic:seg_dynamic_inst|data_reg[4]                           ; sys_clk      ; sys_clk     ; 0.000        ; 0.073      ; 0.728      ;
; 0.462 ; inf_rcv:inf_rcv_inst|seg_595_dynamic:seg_595_dynamic_inst|seg_dynamic:seg_dynamic_inst|bcd_8421:bcd_8421_inst|t_tho[0]       ; inf_rcv:inf_rcv_inst|seg_595_dynamic:seg_595_dynamic_inst|seg_dynamic:seg_dynamic_inst|data_reg[17]                          ; sys_clk      ; sys_clk     ; 0.000        ; 0.073      ; 0.730      ;
; 0.465 ; inf_rcv:inf_rcv_inst|seg_595_dynamic:seg_595_dynamic_inst|seg_dynamic:seg_dynamic_inst|bcd_8421:bcd_8421_inst|ten[3]         ; inf_rcv:inf_rcv_inst|seg_595_dynamic:seg_595_dynamic_inst|seg_dynamic:seg_dynamic_inst|data_reg[5]                           ; sys_clk      ; sys_clk     ; 0.000        ; 0.073      ; 0.733      ;
; 0.469 ; inf_rcv:inf_rcv_inst|seg_595_dynamic:seg_595_dynamic_inst|seg_dynamic:seg_dynamic_inst|bcd_8421:bcd_8421_inst|data_shift[15] ; inf_rcv:inf_rcv_inst|seg_595_dynamic:seg_595_dynamic_inst|seg_dynamic:seg_dynamic_inst|bcd_8421:bcd_8421_inst|data_shift[16] ; sys_clk      ; sys_clk     ; 0.000        ; 0.073      ; 0.737      ;
; 0.469 ; inf_rcv:inf_rcv_inst|seg_595_dynamic:seg_595_dynamic_inst|seg_dynamic:seg_dynamic_inst|bcd_8421:bcd_8421_inst|data_shift[18] ; inf_rcv:inf_rcv_inst|seg_595_dynamic:seg_595_dynamic_inst|seg_dynamic:seg_dynamic_inst|bcd_8421:bcd_8421_inst|data_shift[19] ; sys_clk      ; sys_clk     ; 0.000        ; 0.073      ; 0.737      ;
; 0.470 ; inf_rcv:inf_rcv_inst|seg_595_dynamic:seg_595_dynamic_inst|seg_dynamic:seg_dynamic_inst|bcd_8421:bcd_8421_inst|data_shift[3]  ; inf_rcv:inf_rcv_inst|seg_595_dynamic:seg_595_dynamic_inst|seg_dynamic:seg_dynamic_inst|bcd_8421:bcd_8421_inst|data_shift[4]  ; sys_clk      ; sys_clk     ; 0.000        ; 0.073      ; 0.738      ;
; 0.470 ; inf_rcv:inf_rcv_inst|seg_595_dynamic:seg_595_dynamic_inst|seg_dynamic:seg_dynamic_inst|bcd_8421:bcd_8421_inst|data_shift[7]  ; inf_rcv:inf_rcv_inst|seg_595_dynamic:seg_595_dynamic_inst|seg_dynamic:seg_dynamic_inst|bcd_8421:bcd_8421_inst|data_shift[8]  ; sys_clk      ; sys_clk     ; 0.000        ; 0.073      ; 0.738      ;
; 0.470 ; inf_rcv:inf_rcv_inst|seg_595_dynamic:seg_595_dynamic_inst|seg_dynamic:seg_dynamic_inst|bcd_8421:bcd_8421_inst|data_shift[9]  ; inf_rcv:inf_rcv_inst|seg_595_dynamic:seg_595_dynamic_inst|seg_dynamic:seg_dynamic_inst|bcd_8421:bcd_8421_inst|data_shift[10] ; sys_clk      ; sys_clk     ; 0.000        ; 0.073      ; 0.738      ;
; 0.470 ; inf_rcv:inf_rcv_inst|seg_595_dynamic:seg_595_dynamic_inst|seg_dynamic:seg_dynamic_inst|bcd_8421:bcd_8421_inst|data_shift[10] ; inf_rcv:inf_rcv_inst|seg_595_dynamic:seg_595_dynamic_inst|seg_dynamic:seg_dynamic_inst|bcd_8421:bcd_8421_inst|data_shift[11] ; sys_clk      ; sys_clk     ; 0.000        ; 0.073      ; 0.738      ;
; 0.470 ; inf_rcv:inf_rcv_inst|seg_595_dynamic:seg_595_dynamic_inst|seg_dynamic:seg_dynamic_inst|bcd_8421:bcd_8421_inst|data_shift[11] ; inf_rcv:inf_rcv_inst|seg_595_dynamic:seg_595_dynamic_inst|seg_dynamic:seg_dynamic_inst|bcd_8421:bcd_8421_inst|data_shift[12] ; sys_clk      ; sys_clk     ; 0.000        ; 0.073      ; 0.738      ;
; 0.470 ; inf_rcv:inf_rcv_inst|seg_595_dynamic:seg_595_dynamic_inst|seg_dynamic:seg_dynamic_inst|bcd_8421:bcd_8421_inst|data_shift[14] ; inf_rcv:inf_rcv_inst|seg_595_dynamic:seg_595_dynamic_inst|seg_dynamic:seg_dynamic_inst|bcd_8421:bcd_8421_inst|data_shift[15] ; sys_clk      ; sys_clk     ; 0.000        ; 0.073      ; 0.738      ;
; 0.470 ; inf_rcv:inf_rcv_inst|seg_595_dynamic:seg_595_dynamic_inst|seg_dynamic:seg_dynamic_inst|bcd_8421:bcd_8421_inst|data_shift[16] ; inf_rcv:inf_rcv_inst|seg_595_dynamic:seg_595_dynamic_inst|seg_dynamic:seg_dynamic_inst|bcd_8421:bcd_8421_inst|data_shift[17] ; sys_clk      ; sys_clk     ; 0.000        ; 0.073      ; 0.738      ;
; 0.470 ; inf_rcv:inf_rcv_inst|seg_595_dynamic:seg_595_dynamic_inst|seg_dynamic:seg_dynamic_inst|bcd_8421:bcd_8421_inst|data_shift[17] ; inf_rcv:inf_rcv_inst|seg_595_dynamic:seg_595_dynamic_inst|seg_dynamic:seg_dynamic_inst|bcd_8421:bcd_8421_inst|data_shift[18] ; sys_clk      ; sys_clk     ; 0.000        ; 0.073      ; 0.738      ;
; 0.470 ; inf_rcv:inf_rcv_inst|seg_595_dynamic:seg_595_dynamic_inst|seg_dynamic:seg_dynamic_inst|bcd_8421:bcd_8421_inst|data_shift[28] ; inf_rcv:inf_rcv_inst|seg_595_dynamic:seg_595_dynamic_inst|seg_dynamic:seg_dynamic_inst|bcd_8421:bcd_8421_inst|data_shift[29] ; sys_clk      ; sys_clk     ; 0.000        ; 0.073      ; 0.738      ;
; 0.471 ; inf_rcv:inf_rcv_inst|seg_595_dynamic:seg_595_dynamic_inst|seg_dynamic:seg_dynamic_inst|bcd_8421:bcd_8421_inst|h_hun[0]       ; inf_rcv:inf_rcv_inst|seg_595_dynamic:seg_595_dynamic_inst|seg_dynamic:seg_dynamic_inst|data_reg[21]                          ; sys_clk      ; sys_clk     ; 0.000        ; 0.073      ; 0.739      ;
; 0.471 ; inf_rcv:inf_rcv_inst|seg_595_dynamic:seg_595_dynamic_inst|seg_dynamic:seg_dynamic_inst|bcd_8421:bcd_8421_inst|h_hun[0]       ; inf_rcv:inf_rcv_inst|seg_595_dynamic:seg_595_dynamic_inst|seg_dynamic:seg_dynamic_inst|data_reg[23]                          ; sys_clk      ; sys_clk     ; 0.000        ; 0.073      ; 0.739      ;
; 0.477 ; inf_rcv:inf_rcv_inst|seg_595_dynamic:seg_595_dynamic_inst|seg_dynamic:seg_dynamic_inst|sel_reg[3]                            ; inf_rcv:inf_rcv_inst|seg_595_dynamic:seg_595_dynamic_inst|seg_dynamic:seg_dynamic_inst|sel[3]                                ; sys_clk      ; sys_clk     ; 0.000        ; 0.073      ; 0.745      ;
; 0.477 ; inf_rcv:inf_rcv_inst|led_ctrl:led_ctrl_inst|cnt_50ms[20]                                                                     ; inf_rcv:inf_rcv_inst|led_ctrl:led_ctrl_inst|led                                                                              ; sys_clk      ; sys_clk     ; 0.000        ; 0.072      ; 0.744      ;
; 0.478 ; inf_rcv:inf_rcv_inst|seg_595_dynamic:seg_595_dynamic_inst|seg_dynamic:seg_dynamic_inst|sel_reg[3]                            ; inf_rcv:inf_rcv_inst|seg_595_dynamic:seg_595_dynamic_inst|seg_dynamic:seg_dynamic_inst|sel_reg[4]                            ; sys_clk      ; sys_clk     ; 0.000        ; 0.073      ; 0.746      ;
; 0.478 ; inf_rcv:inf_rcv_inst|seg_595_dynamic:seg_595_dynamic_inst|seg_dynamic:seg_dynamic_inst|sel_reg[1]                            ; inf_rcv:inf_rcv_inst|seg_595_dynamic:seg_595_dynamic_inst|seg_dynamic:seg_dynamic_inst|sel[1]                                ; sys_clk      ; sys_clk     ; 0.000        ; 0.073      ; 0.746      ;
; 0.484 ; inf_rcv:inf_rcv_inst|inf_rcv_decoder:inf_rcv_decoder_inst|cnt[18]                                                            ; inf_rcv:inf_rcv_inst|inf_rcv_decoder:inf_rcv_decoder_inst|cnt[18]                                                            ; sys_clk      ; sys_clk     ; 0.000        ; 0.073      ; 0.752      ;
; 0.487 ; inf_rcv:inf_rcv_inst|seg_595_dynamic:seg_595_dynamic_inst|seg_dynamic:seg_dynamic_inst|bcd_8421:bcd_8421_inst|t_tho[0]       ; inf_rcv:inf_rcv_inst|seg_595_dynamic:seg_595_dynamic_inst|seg_dynamic:seg_dynamic_inst|data_reg[16]                          ; sys_clk      ; sys_clk     ; 0.000        ; 0.073      ; 0.755      ;
; 0.487 ; inf_rcv:inf_rcv_inst|seg_595_dynamic:seg_595_dynamic_inst|seg_dynamic:seg_dynamic_inst|bcd_8421:bcd_8421_inst|ten[3]         ; inf_rcv:inf_rcv_inst|seg_595_dynamic:seg_595_dynamic_inst|seg_dynamic:seg_dynamic_inst|data_reg[7]                           ; sys_clk      ; sys_clk     ; 0.000        ; 0.073      ; 0.755      ;
+-------+------------------------------------------------------------------------------------------------------------------------------+------------------------------------------------------------------------------------------------------------------------------+--------------+-------------+--------------+------------+------------+


+----------------------------------------------------------------------------------------------------------------------------------------------------------------------------------------------------------------+
; Slow 1200mV 0C Model Minimum Pulse Width: 'sys_clk'                                                                                                                                                            ;
+-------+--------------+----------------+------------------+---------+------------+------------------------------------------------------------------------------------------------------------------------------+
; Slack ; Actual Width ; Required Width ; Type             ; Clock   ; Clock Edge ; Target                                                                                                                       ;
+-------+--------------+----------------+------------------+---------+------------+------------------------------------------------------------------------------------------------------------------------------+
; 9.770 ; 9.986        ; 0.216          ; High Pulse Width ; sys_clk ; Rise       ; inf_rcv:inf_rcv_inst|seg_595_dynamic:seg_595_dynamic_inst|seg_dynamic:seg_dynamic_inst|bcd_8421:bcd_8421_inst|data_shift[36] ;
; 9.770 ; 9.986        ; 0.216          ; High Pulse Width ; sys_clk ; Rise       ; inf_rcv:inf_rcv_inst|seg_595_dynamic:seg_595_dynamic_inst|seg_dynamic:seg_dynamic_inst|bcd_8421:bcd_8421_inst|data_shift[37] ;
; 9.770 ; 9.986        ; 0.216          ; High Pulse Width ; sys_clk ; Rise       ; inf_rcv:inf_rcv_inst|seg_595_dynamic:seg_595_dynamic_inst|seg_dynamic:seg_dynamic_inst|bcd_8421:bcd_8421_inst|data_shift[38] ;
; 9.770 ; 9.986        ; 0.216          ; High Pulse Width ; sys_clk ; Rise       ; inf_rcv:inf_rcv_inst|seg_595_dynamic:seg_595_dynamic_inst|seg_dynamic:seg_dynamic_inst|bcd_8421:bcd_8421_inst|data_shift[39] ;
; 9.770 ; 9.986        ; 0.216          ; High Pulse Width ; sys_clk ; Rise       ; inf_rcv:inf_rcv_inst|seg_595_dynamic:seg_595_dynamic_inst|seg_dynamic:seg_dynamic_inst|bcd_8421:bcd_8421_inst|data_shift[40] ;
; 9.770 ; 9.986        ; 0.216          ; High Pulse Width ; sys_clk ; Rise       ; inf_rcv:inf_rcv_inst|seg_595_dynamic:seg_595_dynamic_inst|seg_dynamic:seg_dynamic_inst|bcd_8421:bcd_8421_inst|data_shift[41] ;
; 9.770 ; 9.986        ; 0.216          ; High Pulse Width ; sys_clk ; Rise       ; inf_rcv:inf_rcv_inst|seg_595_dynamic:seg_595_dynamic_inst|seg_dynamic:seg_dynamic_inst|bcd_8421:bcd_8421_inst|t_tho[0]       ;
; 9.770 ; 9.986        ; 0.216          ; High Pulse Width ; sys_clk ; Rise       ; inf_rcv:inf_rcv_inst|seg_595_dynamic:seg_595_dynamic_inst|seg_dynamic:seg_dynamic_inst|bcd_8421:bcd_8421_inst|t_tho[1]       ;
; 9.770 ; 9.986        ; 0.216          ; High Pulse Width ; sys_clk ; Rise       ; inf_rcv:inf_rcv_inst|seg_595_dynamic:seg_595_dynamic_inst|seg_dynamic:seg_dynamic_inst|bcd_8421:bcd_8421_inst|t_tho[2]       ;
; 9.770 ; 9.986        ; 0.216          ; High Pulse Width ; sys_clk ; Rise       ; inf_rcv:inf_rcv_inst|seg_595_dynamic:seg_595_dynamic_inst|seg_dynamic:seg_dynamic_inst|bcd_8421:bcd_8421_inst|t_tho[3]       ;
; 9.770 ; 9.986        ; 0.216          ; High Pulse Width ; sys_clk ; Rise       ; inf_rcv:inf_rcv_inst|seg_595_dynamic:seg_595_dynamic_inst|seg_dynamic:seg_dynamic_inst|bcd_8421:bcd_8421_inst|tho[2]         ;
; 9.770 ; 9.986        ; 0.216          ; High Pulse Width ; sys_clk ; Rise       ; inf_rcv:inf_rcv_inst|seg_595_dynamic:seg_595_dynamic_inst|seg_dynamic:seg_dynamic_inst|data_reg[16]                          ;
; 9.770 ; 9.986        ; 0.216          ; High Pulse Width ; sys_clk ; Rise       ; inf_rcv:inf_rcv_inst|seg_595_dynamic:seg_595_dynamic_inst|seg_dynamic:seg_dynamic_inst|data_reg[17]                          ;
; 9.770 ; 9.986        ; 0.216          ; High Pulse Width ; sys_clk ; Rise       ; inf_rcv:inf_rcv_inst|seg_595_dynamic:seg_595_dynamic_inst|seg_dynamic:seg_dynamic_inst|data_reg[19]                          ;
; 9.771 ; 9.987        ; 0.216          ; High Pulse Width ; sys_clk ; Rise       ; inf_rcv:inf_rcv_inst|seg_595_dynamic:seg_595_dynamic_inst|hc595_ctrl:hc595_ctrl_inst|cnt_bit[0]                              ;
; 9.771 ; 9.987        ; 0.216          ; High Pulse Width ; sys_clk ; Rise       ; inf_rcv:inf_rcv_inst|seg_595_dynamic:seg_595_dynamic_inst|hc595_ctrl:hc595_ctrl_inst|cnt_bit[1]                              ;
; 9.771 ; 9.987        ; 0.216          ; High Pulse Width ; sys_clk ; Rise       ; inf_rcv:inf_rcv_inst|seg_595_dynamic:seg_595_dynamic_inst|hc595_ctrl:hc595_ctrl_inst|cnt_bit[2]                              ;
; 9.771 ; 9.987        ; 0.216          ; High Pulse Width ; sys_clk ; Rise       ; inf_rcv:inf_rcv_inst|seg_595_dynamic:seg_595_dynamic_inst|hc595_ctrl:hc595_ctrl_inst|cnt_bit[3]                              ;
; 9.771 ; 9.987        ; 0.216          ; High Pulse Width ; sys_clk ; Rise       ; inf_rcv:inf_rcv_inst|seg_595_dynamic:seg_595_dynamic_inst|hc595_ctrl:hc595_ctrl_inst|stcp                                    ;
; 9.771 ; 9.987        ; 0.216          ; High Pulse Width ; sys_clk ; Rise       ; inf_rcv:inf_rcv_inst|seg_595_dynamic:seg_595_dynamic_inst|seg_dynamic:seg_dynamic_inst|bcd_8421:bcd_8421_inst|data_shift[20] ;
; 9.771 ; 9.987        ; 0.216          ; High Pulse Width ; sys_clk ; Rise       ; inf_rcv:inf_rcv_inst|seg_595_dynamic:seg_595_dynamic_inst|seg_dynamic:seg_dynamic_inst|bcd_8421:bcd_8421_inst|data_shift[21] ;
; 9.771 ; 9.987        ; 0.216          ; High Pulse Width ; sys_clk ; Rise       ; inf_rcv:inf_rcv_inst|seg_595_dynamic:seg_595_dynamic_inst|seg_dynamic:seg_dynamic_inst|bcd_8421:bcd_8421_inst|data_shift[22] ;
; 9.771 ; 9.987        ; 0.216          ; High Pulse Width ; sys_clk ; Rise       ; inf_rcv:inf_rcv_inst|seg_595_dynamic:seg_595_dynamic_inst|seg_dynamic:seg_dynamic_inst|bcd_8421:bcd_8421_inst|data_shift[23] ;
; 9.771 ; 9.987        ; 0.216          ; High Pulse Width ; sys_clk ; Rise       ; inf_rcv:inf_rcv_inst|seg_595_dynamic:seg_595_dynamic_inst|seg_dynamic:seg_dynamic_inst|bcd_8421:bcd_8421_inst|data_shift[26] ;
; 9.771 ; 9.987        ; 0.216          ; High Pulse Width ; sys_clk ; Rise       ; inf_rcv:inf_rcv_inst|seg_595_dynamic:seg_595_dynamic_inst|seg_dynamic:seg_dynamic_inst|bcd_8421:bcd_8421_inst|data_shift[27] ;
; 9.771 ; 9.987        ; 0.216          ; High Pulse Width ; sys_clk ; Rise       ; inf_rcv:inf_rcv_inst|seg_595_dynamic:seg_595_dynamic_inst|seg_dynamic:seg_dynamic_inst|bcd_8421:bcd_8421_inst|data_shift[42] ;
; 9.771 ; 9.987        ; 0.216          ; High Pulse Width ; sys_clk ; Rise       ; inf_rcv:inf_rcv_inst|seg_595_dynamic:seg_595_dynamic_inst|seg_dynamic:seg_dynamic_inst|bcd_8421:bcd_8421_inst|data_shift[43] ;
; 9.771 ; 9.987        ; 0.216          ; High Pulse Width ; sys_clk ; Rise       ; inf_rcv:inf_rcv_inst|seg_595_dynamic:seg_595_dynamic_inst|seg_dynamic:seg_dynamic_inst|bcd_8421:bcd_8421_inst|h_hun[0]       ;
; 9.771 ; 9.987        ; 0.216          ; High Pulse Width ; sys_clk ; Rise       ; inf_rcv:inf_rcv_inst|seg_595_dynamic:seg_595_dynamic_inst|seg_dynamic:seg_dynamic_inst|bcd_8421:bcd_8421_inst|h_hun[1]       ;
; 9.771 ; 9.987        ; 0.216          ; High Pulse Width ; sys_clk ; Rise       ; inf_rcv:inf_rcv_inst|seg_595_dynamic:seg_595_dynamic_inst|seg_dynamic:seg_dynamic_inst|bcd_8421:bcd_8421_inst|h_hun[2]       ;
; 9.771 ; 9.987        ; 0.216          ; High Pulse Width ; sys_clk ; Rise       ; inf_rcv:inf_rcv_inst|seg_595_dynamic:seg_595_dynamic_inst|seg_dynamic:seg_dynamic_inst|bcd_8421:bcd_8421_inst|h_hun[3]       ;
; 9.771 ; 9.987        ; 0.216          ; High Pulse Width ; sys_clk ; Rise       ; inf_rcv:inf_rcv_inst|seg_595_dynamic:seg_595_dynamic_inst|seg_dynamic:seg_dynamic_inst|bcd_8421:bcd_8421_inst|ten[0]         ;
; 9.771 ; 9.987        ; 0.216          ; High Pulse Width ; sys_clk ; Rise       ; inf_rcv:inf_rcv_inst|seg_595_dynamic:seg_595_dynamic_inst|seg_dynamic:seg_dynamic_inst|bcd_8421:bcd_8421_inst|ten[1]         ;
; 9.771 ; 9.987        ; 0.216          ; High Pulse Width ; sys_clk ; Rise       ; inf_rcv:inf_rcv_inst|seg_595_dynamic:seg_595_dynamic_inst|seg_dynamic:seg_dynamic_inst|bcd_8421:bcd_8421_inst|ten[2]         ;
; 9.771 ; 9.987        ; 0.216          ; High Pulse Width ; sys_clk ; Rise       ; inf_rcv:inf_rcv_inst|seg_595_dynamic:seg_595_dynamic_inst|seg_dynamic:seg_dynamic_inst|bcd_8421:bcd_8421_inst|ten[3]         ;
; 9.771 ; 9.987        ; 0.216          ; High Pulse Width ; sys_clk ; Rise       ; inf_rcv:inf_rcv_inst|seg_595_dynamic:seg_595_dynamic_inst|seg_dynamic:seg_dynamic_inst|bcd_8421:bcd_8421_inst|unit[2]        ;
; 9.771 ; 9.987        ; 0.216          ; High Pulse Width ; sys_clk ; Rise       ; inf_rcv:inf_rcv_inst|seg_595_dynamic:seg_595_dynamic_inst|seg_dynamic:seg_dynamic_inst|cnt_sel[0]                            ;
; 9.771 ; 9.987        ; 0.216          ; High Pulse Width ; sys_clk ; Rise       ; inf_rcv:inf_rcv_inst|seg_595_dynamic:seg_595_dynamic_inst|seg_dynamic:seg_dynamic_inst|cnt_sel[1]                            ;
; 9.771 ; 9.987        ; 0.216          ; High Pulse Width ; sys_clk ; Rise       ; inf_rcv:inf_rcv_inst|seg_595_dynamic:seg_595_dynamic_inst|seg_dynamic:seg_dynamic_inst|cnt_sel[2]                            ;
; 9.771 ; 9.987        ; 0.216          ; High Pulse Width ; sys_clk ; Rise       ; inf_rcv:inf_rcv_inst|seg_595_dynamic:seg_595_dynamic_inst|seg_dynamic:seg_dynamic_inst|data_disp[0]                          ;
; 9.771 ; 9.987        ; 0.216          ; High Pulse Width ; sys_clk ; Rise       ; inf_rcv:inf_rcv_inst|seg_595_dynamic:seg_595_dynamic_inst|seg_dynamic:seg_dynamic_inst|data_disp[1]                          ;
; 9.771 ; 9.987        ; 0.216          ; High Pulse Width ; sys_clk ; Rise       ; inf_rcv:inf_rcv_inst|seg_595_dynamic:seg_595_dynamic_inst|seg_dynamic:seg_dynamic_inst|data_disp[2]                          ;
; 9.771 ; 9.987        ; 0.216          ; High Pulse Width ; sys_clk ; Rise       ; inf_rcv:inf_rcv_inst|seg_595_dynamic:seg_595_dynamic_inst|seg_dynamic:seg_dynamic_inst|data_disp[3]                          ;
; 9.771 ; 9.987        ; 0.216          ; High Pulse Width ; sys_clk ; Rise       ; inf_rcv:inf_rcv_inst|seg_595_dynamic:seg_595_dynamic_inst|seg_dynamic:seg_dynamic_inst|data_reg[0]                           ;
; 9.771 ; 9.987        ; 0.216          ; High Pulse Width ; sys_clk ; Rise       ; inf_rcv:inf_rcv_inst|seg_595_dynamic:seg_595_dynamic_inst|seg_dynamic:seg_dynamic_inst|data_reg[10]                          ;
; 9.771 ; 9.987        ; 0.216          ; High Pulse Width ; sys_clk ; Rise       ; inf_rcv:inf_rcv_inst|seg_595_dynamic:seg_595_dynamic_inst|seg_dynamic:seg_dynamic_inst|data_reg[14]                          ;
; 9.771 ; 9.987        ; 0.216          ; High Pulse Width ; sys_clk ; Rise       ; inf_rcv:inf_rcv_inst|seg_595_dynamic:seg_595_dynamic_inst|seg_dynamic:seg_dynamic_inst|data_reg[18]                          ;
; 9.771 ; 9.987        ; 0.216          ; High Pulse Width ; sys_clk ; Rise       ; inf_rcv:inf_rcv_inst|seg_595_dynamic:seg_595_dynamic_inst|seg_dynamic:seg_dynamic_inst|data_reg[1]                           ;
; 9.771 ; 9.987        ; 0.216          ; High Pulse Width ; sys_clk ; Rise       ; inf_rcv:inf_rcv_inst|seg_595_dynamic:seg_595_dynamic_inst|seg_dynamic:seg_dynamic_inst|data_reg[20]                          ;
; 9.771 ; 9.987        ; 0.216          ; High Pulse Width ; sys_clk ; Rise       ; inf_rcv:inf_rcv_inst|seg_595_dynamic:seg_595_dynamic_inst|seg_dynamic:seg_dynamic_inst|data_reg[21]                          ;
; 9.771 ; 9.987        ; 0.216          ; High Pulse Width ; sys_clk ; Rise       ; inf_rcv:inf_rcv_inst|seg_595_dynamic:seg_595_dynamic_inst|seg_dynamic:seg_dynamic_inst|data_reg[22]                          ;
; 9.771 ; 9.987        ; 0.216          ; High Pulse Width ; sys_clk ; Rise       ; inf_rcv:inf_rcv_inst|seg_595_dynamic:seg_595_dynamic_inst|seg_dynamic:seg_dynamic_inst|data_reg[23]                          ;
; 9.771 ; 9.987        ; 0.216          ; High Pulse Width ; sys_clk ; Rise       ; inf_rcv:inf_rcv_inst|seg_595_dynamic:seg_595_dynamic_inst|seg_dynamic:seg_dynamic_inst|data_reg[2]                           ;
; 9.771 ; 9.987        ; 0.216          ; High Pulse Width ; sys_clk ; Rise       ; inf_rcv:inf_rcv_inst|seg_595_dynamic:seg_595_dynamic_inst|seg_dynamic:seg_dynamic_inst|data_reg[3]                           ;
; 9.771 ; 9.987        ; 0.216          ; High Pulse Width ; sys_clk ; Rise       ; inf_rcv:inf_rcv_inst|seg_595_dynamic:seg_595_dynamic_inst|seg_dynamic:seg_dynamic_inst|data_reg[4]                           ;
; 9.771 ; 9.987        ; 0.216          ; High Pulse Width ; sys_clk ; Rise       ; inf_rcv:inf_rcv_inst|seg_595_dynamic:seg_595_dynamic_inst|seg_dynamic:seg_dynamic_inst|data_reg[5]                           ;
; 9.771 ; 9.987        ; 0.216          ; High Pulse Width ; sys_clk ; Rise       ; inf_rcv:inf_rcv_inst|seg_595_dynamic:seg_595_dynamic_inst|seg_dynamic:seg_dynamic_inst|data_reg[6]                           ;
; 9.771 ; 9.987        ; 0.216          ; High Pulse Width ; sys_clk ; Rise       ; inf_rcv:inf_rcv_inst|seg_595_dynamic:seg_595_dynamic_inst|seg_dynamic:seg_dynamic_inst|data_reg[7]                           ;
; 9.771 ; 9.987        ; 0.216          ; High Pulse Width ; sys_clk ; Rise       ; inf_rcv:inf_rcv_inst|seg_595_dynamic:seg_595_dynamic_inst|seg_dynamic:seg_dynamic_inst|seg[0]                                ;
; 9.771 ; 9.987        ; 0.216          ; High Pulse Width ; sys_clk ; Rise       ; inf_rcv:inf_rcv_inst|seg_595_dynamic:seg_595_dynamic_inst|seg_dynamic:seg_dynamic_inst|seg[1]                                ;
; 9.771 ; 9.987        ; 0.216          ; High Pulse Width ; sys_clk ; Rise       ; inf_rcv:inf_rcv_inst|seg_595_dynamic:seg_595_dynamic_inst|seg_dynamic:seg_dynamic_inst|seg[2]                                ;
; 9.771 ; 9.987        ; 0.216          ; High Pulse Width ; sys_clk ; Rise       ; inf_rcv:inf_rcv_inst|seg_595_dynamic:seg_595_dynamic_inst|seg_dynamic:seg_dynamic_inst|seg[3]                                ;
; 9.771 ; 9.987        ; 0.216          ; High Pulse Width ; sys_clk ; Rise       ; inf_rcv:inf_rcv_inst|seg_595_dynamic:seg_595_dynamic_inst|seg_dynamic:seg_dynamic_inst|seg[4]                                ;
; 9.771 ; 9.987        ; 0.216          ; High Pulse Width ; sys_clk ; Rise       ; inf_rcv:inf_rcv_inst|seg_595_dynamic:seg_595_dynamic_inst|seg_dynamic:seg_dynamic_inst|seg[5]                                ;
; 9.771 ; 9.987        ; 0.216          ; High Pulse Width ; sys_clk ; Rise       ; inf_rcv:inf_rcv_inst|seg_595_dynamic:seg_595_dynamic_inst|seg_dynamic:seg_dynamic_inst|seg[6]                                ;
; 9.771 ; 9.987        ; 0.216          ; High Pulse Width ; sys_clk ; Rise       ; inf_rcv:inf_rcv_inst|seg_595_dynamic:seg_595_dynamic_inst|seg_dynamic:seg_dynamic_inst|sel[0]                                ;
; 9.771 ; 9.987        ; 0.216          ; High Pulse Width ; sys_clk ; Rise       ; inf_rcv:inf_rcv_inst|seg_595_dynamic:seg_595_dynamic_inst|seg_dynamic:seg_dynamic_inst|sel[1]                                ;
; 9.771 ; 9.987        ; 0.216          ; High Pulse Width ; sys_clk ; Rise       ; inf_rcv:inf_rcv_inst|seg_595_dynamic:seg_595_dynamic_inst|seg_dynamic:seg_dynamic_inst|sel[2]                                ;
; 9.771 ; 9.987        ; 0.216          ; High Pulse Width ; sys_clk ; Rise       ; inf_rcv:inf_rcv_inst|seg_595_dynamic:seg_595_dynamic_inst|seg_dynamic:seg_dynamic_inst|sel[3]                                ;
; 9.771 ; 9.987        ; 0.216          ; High Pulse Width ; sys_clk ; Rise       ; inf_rcv:inf_rcv_inst|seg_595_dynamic:seg_595_dynamic_inst|seg_dynamic:seg_dynamic_inst|sel[4]                                ;
; 9.771 ; 9.987        ; 0.216          ; High Pulse Width ; sys_clk ; Rise       ; inf_rcv:inf_rcv_inst|seg_595_dynamic:seg_595_dynamic_inst|seg_dynamic:seg_dynamic_inst|sel[5]                                ;
; 9.771 ; 9.987        ; 0.216          ; High Pulse Width ; sys_clk ; Rise       ; inf_rcv:inf_rcv_inst|seg_595_dynamic:seg_595_dynamic_inst|seg_dynamic:seg_dynamic_inst|sel_reg[0]                            ;
; 9.771 ; 9.987        ; 0.216          ; High Pulse Width ; sys_clk ; Rise       ; inf_rcv:inf_rcv_inst|seg_595_dynamic:seg_595_dynamic_inst|seg_dynamic:seg_dynamic_inst|sel_reg[1]                            ;
; 9.771 ; 9.987        ; 0.216          ; High Pulse Width ; sys_clk ; Rise       ; inf_rcv:inf_rcv_inst|seg_595_dynamic:seg_595_dynamic_inst|seg_dynamic:seg_dynamic_inst|sel_reg[2]                            ;
; 9.771 ; 9.987        ; 0.216          ; High Pulse Width ; sys_clk ; Rise       ; inf_rcv:inf_rcv_inst|seg_595_dynamic:seg_595_dynamic_inst|seg_dynamic:seg_dynamic_inst|sel_reg[3]                            ;
; 9.771 ; 9.987        ; 0.216          ; High Pulse Width ; sys_clk ; Rise       ; inf_rcv:inf_rcv_inst|seg_595_dynamic:seg_595_dynamic_inst|seg_dynamic:seg_dynamic_inst|sel_reg[4]                            ;
; 9.771 ; 9.987        ; 0.216          ; High Pulse Width ; sys_clk ; Rise       ; inf_rcv:inf_rcv_inst|seg_595_dynamic:seg_595_dynamic_inst|seg_dynamic:seg_dynamic_inst|sel_reg[5]                            ;
; 9.772 ; 9.988        ; 0.216          ; High Pulse Width ; sys_clk ; Rise       ; inf_rcv:inf_rcv_inst|inf_rcv_decoder:inf_rcv_decoder_inst|data[0]                                                            ;
; 9.772 ; 9.988        ; 0.216          ; High Pulse Width ; sys_clk ; Rise       ; inf_rcv:inf_rcv_inst|inf_rcv_decoder:inf_rcv_decoder_inst|data[1]                                                            ;
; 9.772 ; 9.988        ; 0.216          ; High Pulse Width ; sys_clk ; Rise       ; inf_rcv:inf_rcv_inst|inf_rcv_decoder:inf_rcv_decoder_inst|data[2]                                                            ;
; 9.772 ; 9.988        ; 0.216          ; High Pulse Width ; sys_clk ; Rise       ; inf_rcv:inf_rcv_inst|inf_rcv_decoder:inf_rcv_decoder_inst|data[3]                                                            ;
; 9.772 ; 9.988        ; 0.216          ; High Pulse Width ; sys_clk ; Rise       ; inf_rcv:inf_rcv_inst|inf_rcv_decoder:inf_rcv_decoder_inst|data[4]                                                            ;
; 9.772 ; 9.988        ; 0.216          ; High Pulse Width ; sys_clk ; Rise       ; inf_rcv:inf_rcv_inst|inf_rcv_decoder:inf_rcv_decoder_inst|data[5]                                                            ;
; 9.772 ; 9.988        ; 0.216          ; High Pulse Width ; sys_clk ; Rise       ; inf_rcv:inf_rcv_inst|inf_rcv_decoder:inf_rcv_decoder_inst|data[6]                                                            ;
; 9.772 ; 9.988        ; 0.216          ; High Pulse Width ; sys_clk ; Rise       ; inf_rcv:inf_rcv_inst|inf_rcv_decoder:inf_rcv_decoder_inst|data[7]                                                            ;
; 9.772 ; 9.988        ; 0.216          ; High Pulse Width ; sys_clk ; Rise       ; inf_rcv:inf_rcv_inst|inf_rcv_decoder:inf_rcv_decoder_inst|data_reg[12]                                                       ;
; 9.772 ; 9.988        ; 0.216          ; High Pulse Width ; sys_clk ; Rise       ; inf_rcv:inf_rcv_inst|inf_rcv_decoder:inf_rcv_decoder_inst|data_reg[13]                                                       ;
; 9.772 ; 9.988        ; 0.216          ; High Pulse Width ; sys_clk ; Rise       ; inf_rcv:inf_rcv_inst|inf_rcv_decoder:inf_rcv_decoder_inst|data_reg[14]                                                       ;
; 9.772 ; 9.988        ; 0.216          ; High Pulse Width ; sys_clk ; Rise       ; inf_rcv:inf_rcv_inst|inf_rcv_decoder:inf_rcv_decoder_inst|data_reg[15]                                                       ;
; 9.772 ; 9.988        ; 0.216          ; High Pulse Width ; sys_clk ; Rise       ; inf_rcv:inf_rcv_inst|inf_rcv_decoder:inf_rcv_decoder_inst|data_reg[18]                                                       ;
; 9.772 ; 9.988        ; 0.216          ; High Pulse Width ; sys_clk ; Rise       ; inf_rcv:inf_rcv_inst|inf_rcv_decoder:inf_rcv_decoder_inst|data_reg[19]                                                       ;
; 9.772 ; 9.988        ; 0.216          ; High Pulse Width ; sys_clk ; Rise       ; inf_rcv:inf_rcv_inst|inf_rcv_decoder:inf_rcv_decoder_inst|data_reg[20]                                                       ;
; 9.772 ; 9.988        ; 0.216          ; High Pulse Width ; sys_clk ; Rise       ; inf_rcv:inf_rcv_inst|inf_rcv_decoder:inf_rcv_decoder_inst|data_reg[21]                                                       ;
; 9.772 ; 9.988        ; 0.216          ; High Pulse Width ; sys_clk ; Rise       ; inf_rcv:inf_rcv_inst|inf_rcv_decoder:inf_rcv_decoder_inst|data_reg[22]                                                       ;
; 9.772 ; 9.988        ; 0.216          ; High Pulse Width ; sys_clk ; Rise       ; inf_rcv:inf_rcv_inst|inf_rcv_decoder:inf_rcv_decoder_inst|data_reg[23]                                                       ;
; 9.772 ; 9.988        ; 0.216          ; High Pulse Width ; sys_clk ; Rise       ; inf_rcv:inf_rcv_inst|inf_rcv_decoder:inf_rcv_decoder_inst|data_reg[26]                                                       ;
; 9.772 ; 9.988        ; 0.216          ; High Pulse Width ; sys_clk ; Rise       ; inf_rcv:inf_rcv_inst|inf_rcv_decoder:inf_rcv_decoder_inst|data_reg[27]                                                       ;
; 9.772 ; 9.988        ; 0.216          ; High Pulse Width ; sys_clk ; Rise       ; inf_rcv:inf_rcv_inst|inf_rcv_decoder:inf_rcv_decoder_inst|data_reg[28]                                                       ;
; 9.772 ; 9.988        ; 0.216          ; High Pulse Width ; sys_clk ; Rise       ; inf_rcv:inf_rcv_inst|inf_rcv_decoder:inf_rcv_decoder_inst|data_reg[29]                                                       ;
; 9.772 ; 9.988        ; 0.216          ; High Pulse Width ; sys_clk ; Rise       ; inf_rcv:inf_rcv_inst|inf_rcv_decoder:inf_rcv_decoder_inst|data_reg[30]                                                       ;
+-------+--------------+----------------+------------------+---------+------------+------------------------------------------------------------------------------------------------------------------------------+


+--------------------------------------------------------------------------------------------------------------------------------------------------------------------------------------------------------------------------+
; Slow 1200mV 0C Model Minimum Pulse Width: 'pll_25mhz_inst|altpll_component|auto_generated|pll1|clk[0]'                                                                                                                   ;
+--------+--------------+----------------+------------------+------------------------------------------------------------+------------+------------------------------------------------------------------------------------+
; Slack  ; Actual Width ; Required Width ; Type             ; Clock                                                      ; Clock Edge ; Target                                                                             ;
+--------+--------------+----------------+------------------+------------------------------------------------------------+------------+------------------------------------------------------------------------------------+
; 19.716 ; 19.932       ; 0.216          ; High Pulse Width ; pll_25mhz_inst|altpll_component|auto_generated|pll1|clk[0] ; Rise       ; pic_rgb_gen:pic_rgb_gen_inst|address_b[4]                                          ;
; 19.716 ; 19.932       ; 0.216          ; High Pulse Width ; pll_25mhz_inst|altpll_component|auto_generated|pll1|clk[0] ; Rise       ; pic_rgb_gen:pic_rgb_gen_inst|address_b[7]                                          ;
; 19.716 ; 19.932       ; 0.216          ; High Pulse Width ; pll_25mhz_inst|altpll_component|auto_generated|pll1|clk[0] ; Rise       ; pic_rgb_gen:pic_rgb_gen_inst|direct_sig_ctrl:direct_sig_ctrl_inst|direct_reg.DOWN  ;
; 19.716 ; 19.932       ; 0.216          ; High Pulse Width ; pll_25mhz_inst|altpll_component|auto_generated|pll1|clk[0] ; Rise       ; pic_rgb_gen:pic_rgb_gen_inst|direct_sig_ctrl:direct_sig_ctrl_inst|direct_reg.LEFT  ;
; 19.716 ; 19.932       ; 0.216          ; High Pulse Width ; pll_25mhz_inst|altpll_component|auto_generated|pll1|clk[0] ; Rise       ; pic_rgb_gen:pic_rgb_gen_inst|direct_sig_ctrl:direct_sig_ctrl_inst|direct_reg.RIGHT ;
; 19.716 ; 19.932       ; 0.216          ; High Pulse Width ; pll_25mhz_inst|altpll_component|auto_generated|pll1|clk[0] ; Rise       ; pic_rgb_gen:pic_rgb_gen_inst|direct_sig_ctrl:direct_sig_ctrl_inst|direct_reg.UP    ;
; 19.716 ; 19.932       ; 0.216          ; High Pulse Width ; pll_25mhz_inst|altpll_component|auto_generated|pll1|clk[0] ; Rise       ; vga_ctrl:vga_ctrl_inst|cnt_h[8]                                                    ;
; 19.716 ; 19.932       ; 0.216          ; High Pulse Width ; pll_25mhz_inst|altpll_component|auto_generated|pll1|clk[0] ; Rise       ; vga_ctrl:vga_ctrl_inst|cnt_h[9]                                                    ;
; 19.716 ; 19.932       ; 0.216          ; High Pulse Width ; pll_25mhz_inst|altpll_component|auto_generated|pll1|clk[0] ; Rise       ; vga_ctrl:vga_ctrl_inst|cnt_v[0]                                                    ;
; 19.716 ; 19.932       ; 0.216          ; High Pulse Width ; pll_25mhz_inst|altpll_component|auto_generated|pll1|clk[0] ; Rise       ; vga_ctrl:vga_ctrl_inst|cnt_v[1]                                                    ;
; 19.716 ; 19.932       ; 0.216          ; High Pulse Width ; pll_25mhz_inst|altpll_component|auto_generated|pll1|clk[0] ; Rise       ; vga_ctrl:vga_ctrl_inst|cnt_v[2]                                                    ;
; 19.716 ; 19.932       ; 0.216          ; High Pulse Width ; pll_25mhz_inst|altpll_component|auto_generated|pll1|clk[0] ; Rise       ; vga_ctrl:vga_ctrl_inst|cnt_v[3]                                                    ;
; 19.716 ; 19.932       ; 0.216          ; High Pulse Width ; pll_25mhz_inst|altpll_component|auto_generated|pll1|clk[0] ; Rise       ; vga_ctrl:vga_ctrl_inst|cnt_v[4]                                                    ;
; 19.716 ; 19.932       ; 0.216          ; High Pulse Width ; pll_25mhz_inst|altpll_component|auto_generated|pll1|clk[0] ; Rise       ; vga_ctrl:vga_ctrl_inst|cnt_v[5]                                                    ;
; 19.716 ; 19.932       ; 0.216          ; High Pulse Width ; pll_25mhz_inst|altpll_component|auto_generated|pll1|clk[0] ; Rise       ; vga_ctrl:vga_ctrl_inst|cnt_v[6]                                                    ;
; 19.716 ; 19.932       ; 0.216          ; High Pulse Width ; pll_25mhz_inst|altpll_component|auto_generated|pll1|clk[0] ; Rise       ; vga_ctrl:vga_ctrl_inst|cnt_v[7]                                                    ;
; 19.716 ; 19.932       ; 0.216          ; High Pulse Width ; pll_25mhz_inst|altpll_component|auto_generated|pll1|clk[0] ; Rise       ; vga_ctrl:vga_ctrl_inst|cnt_v[8]                                                    ;
; 19.716 ; 19.932       ; 0.216          ; High Pulse Width ; pll_25mhz_inst|altpll_component|auto_generated|pll1|clk[0] ; Rise       ; vga_ctrl:vga_ctrl_inst|cnt_v[9]                                                    ;
; 19.717 ; 19.933       ; 0.216          ; High Pulse Width ; pll_25mhz_inst|altpll_component|auto_generated|pll1|clk[0] ; Rise       ; pic_rgb_gen:pic_rgb_gen_inst|address_b[0]                                          ;
; 19.717 ; 19.933       ; 0.216          ; High Pulse Width ; pll_25mhz_inst|altpll_component|auto_generated|pll1|clk[0] ; Rise       ; pic_rgb_gen:pic_rgb_gen_inst|address_b[5]                                          ;
; 19.717 ; 19.933       ; 0.216          ; High Pulse Width ; pll_25mhz_inst|altpll_component|auto_generated|pll1|clk[0] ; Rise       ; pic_rgb_gen:pic_rgb_gen_inst|address_b[6]                                          ;
; 19.717 ; 19.933       ; 0.216          ; High Pulse Width ; pll_25mhz_inst|altpll_component|auto_generated|pll1|clk[0] ; Rise       ; pic_rgb_gen:pic_rgb_gen_inst|cnt_tick[11]                                          ;
; 19.717 ; 19.933       ; 0.216          ; High Pulse Width ; pll_25mhz_inst|altpll_component|auto_generated|pll1|clk[0] ; Rise       ; pic_rgb_gen:pic_rgb_gen_inst|cnt_tick[12]                                          ;
; 19.717 ; 19.933       ; 0.216          ; High Pulse Width ; pll_25mhz_inst|altpll_component|auto_generated|pll1|clk[0] ; Rise       ; pic_rgb_gen:pic_rgb_gen_inst|cnt_tick[13]                                          ;
; 19.717 ; 19.933       ; 0.216          ; High Pulse Width ; pll_25mhz_inst|altpll_component|auto_generated|pll1|clk[0] ; Rise       ; pic_rgb_gen:pic_rgb_gen_inst|cnt_tick[14]                                          ;
; 19.717 ; 19.933       ; 0.216          ; High Pulse Width ; pll_25mhz_inst|altpll_component|auto_generated|pll1|clk[0] ; Rise       ; pic_rgb_gen:pic_rgb_gen_inst|cnt_tick[15]                                          ;
; 19.717 ; 19.933       ; 0.216          ; High Pulse Width ; pll_25mhz_inst|altpll_component|auto_generated|pll1|clk[0] ; Rise       ; pic_rgb_gen:pic_rgb_gen_inst|cnt_tick[16]                                          ;
; 19.717 ; 19.933       ; 0.216          ; High Pulse Width ; pll_25mhz_inst|altpll_component|auto_generated|pll1|clk[0] ; Rise       ; pic_rgb_gen:pic_rgb_gen_inst|cnt_tick[17]                                          ;
; 19.717 ; 19.933       ; 0.216          ; High Pulse Width ; pll_25mhz_inst|altpll_component|auto_generated|pll1|clk[0] ; Rise       ; pic_rgb_gen:pic_rgb_gen_inst|cnt_tick[18]                                          ;
; 19.717 ; 19.933       ; 0.216          ; High Pulse Width ; pll_25mhz_inst|altpll_component|auto_generated|pll1|clk[0] ; Rise       ; pic_rgb_gen:pic_rgb_gen_inst|cnt_tick[19]                                          ;
; 19.717 ; 19.933       ; 0.216          ; High Pulse Width ; pll_25mhz_inst|altpll_component|auto_generated|pll1|clk[0] ; Rise       ; pic_rgb_gen:pic_rgb_gen_inst|cnt_tick[20]                                          ;
; 19.717 ; 19.933       ; 0.216          ; High Pulse Width ; pll_25mhz_inst|altpll_component|auto_generated|pll1|clk[0] ; Rise       ; pic_rgb_gen:pic_rgb_gen_inst|cnt_tick[21]                                          ;
; 19.717 ; 19.933       ; 0.216          ; High Pulse Width ; pll_25mhz_inst|altpll_component|auto_generated|pll1|clk[0] ; Rise       ; pic_rgb_gen:pic_rgb_gen_inst|cnt_tick[22]                                          ;
; 19.717 ; 19.933       ; 0.216          ; High Pulse Width ; pll_25mhz_inst|altpll_component|auto_generated|pll1|clk[0] ; Rise       ; pic_rgb_gen:pic_rgb_gen_inst|game_tick                                             ;
; 19.717 ; 19.933       ; 0.216          ; High Pulse Width ; pll_25mhz_inst|altpll_component|auto_generated|pll1|clk[0] ; Rise       ; pic_rgb_gen:pic_rgb_gen_inst|pix_rgb_data[0]                                       ;
; 19.717 ; 19.933       ; 0.216          ; High Pulse Width ; pll_25mhz_inst|altpll_component|auto_generated|pll1|clk[0] ; Rise       ; pic_rgb_gen:pic_rgb_gen_inst|pix_rgb_data[15]                                      ;
; 19.717 ; 19.933       ; 0.216          ; High Pulse Width ; pll_25mhz_inst|altpll_component|auto_generated|pll1|clk[0] ; Rise       ; vga_ctrl:vga_ctrl_inst|cnt_h[0]                                                    ;
; 19.717 ; 19.933       ; 0.216          ; High Pulse Width ; pll_25mhz_inst|altpll_component|auto_generated|pll1|clk[0] ; Rise       ; vga_ctrl:vga_ctrl_inst|cnt_h[1]                                                    ;
; 19.717 ; 19.933       ; 0.216          ; High Pulse Width ; pll_25mhz_inst|altpll_component|auto_generated|pll1|clk[0] ; Rise       ; vga_ctrl:vga_ctrl_inst|cnt_h[2]                                                    ;
; 19.717 ; 19.933       ; 0.216          ; High Pulse Width ; pll_25mhz_inst|altpll_component|auto_generated|pll1|clk[0] ; Rise       ; vga_ctrl:vga_ctrl_inst|cnt_h[3]                                                    ;
; 19.717 ; 19.933       ; 0.216          ; High Pulse Width ; pll_25mhz_inst|altpll_component|auto_generated|pll1|clk[0] ; Rise       ; vga_ctrl:vga_ctrl_inst|cnt_h[4]                                                    ;
; 19.717 ; 19.933       ; 0.216          ; High Pulse Width ; pll_25mhz_inst|altpll_component|auto_generated|pll1|clk[0] ; Rise       ; vga_ctrl:vga_ctrl_inst|cnt_h[5]                                                    ;
; 19.717 ; 19.933       ; 0.216          ; High Pulse Width ; pll_25mhz_inst|altpll_component|auto_generated|pll1|clk[0] ; Rise       ; vga_ctrl:vga_ctrl_inst|cnt_h[6]                                                    ;
; 19.717 ; 19.933       ; 0.216          ; High Pulse Width ; pll_25mhz_inst|altpll_component|auto_generated|pll1|clk[0] ; Rise       ; vga_ctrl:vga_ctrl_inst|cnt_h[7]                                                    ;
; 19.718 ; 19.934       ; 0.216          ; High Pulse Width ; pll_25mhz_inst|altpll_component|auto_generated|pll1|clk[0] ; Rise       ; pic_rgb_gen:pic_rgb_gen_inst|address_b[1]                                          ;
; 19.718 ; 19.934       ; 0.216          ; High Pulse Width ; pll_25mhz_inst|altpll_component|auto_generated|pll1|clk[0] ; Rise       ; pic_rgb_gen:pic_rgb_gen_inst|address_b[2]                                          ;
; 19.718 ; 19.934       ; 0.216          ; High Pulse Width ; pll_25mhz_inst|altpll_component|auto_generated|pll1|clk[0] ; Rise       ; pic_rgb_gen:pic_rgb_gen_inst|address_b[3]                                          ;
; 19.718 ; 19.934       ; 0.216          ; High Pulse Width ; pll_25mhz_inst|altpll_component|auto_generated|pll1|clk[0] ; Rise       ; pic_rgb_gen:pic_rgb_gen_inst|cnt_tick[0]                                           ;
; 19.718 ; 19.934       ; 0.216          ; High Pulse Width ; pll_25mhz_inst|altpll_component|auto_generated|pll1|clk[0] ; Rise       ; pic_rgb_gen:pic_rgb_gen_inst|cnt_tick[10]                                          ;
; 19.718 ; 19.934       ; 0.216          ; High Pulse Width ; pll_25mhz_inst|altpll_component|auto_generated|pll1|clk[0] ; Rise       ; pic_rgb_gen:pic_rgb_gen_inst|cnt_tick[1]                                           ;
; 19.718 ; 19.934       ; 0.216          ; High Pulse Width ; pll_25mhz_inst|altpll_component|auto_generated|pll1|clk[0] ; Rise       ; pic_rgb_gen:pic_rgb_gen_inst|cnt_tick[2]                                           ;
; 19.718 ; 19.934       ; 0.216          ; High Pulse Width ; pll_25mhz_inst|altpll_component|auto_generated|pll1|clk[0] ; Rise       ; pic_rgb_gen:pic_rgb_gen_inst|cnt_tick[3]                                           ;
; 19.718 ; 19.934       ; 0.216          ; High Pulse Width ; pll_25mhz_inst|altpll_component|auto_generated|pll1|clk[0] ; Rise       ; pic_rgb_gen:pic_rgb_gen_inst|cnt_tick[4]                                           ;
; 19.718 ; 19.934       ; 0.216          ; High Pulse Width ; pll_25mhz_inst|altpll_component|auto_generated|pll1|clk[0] ; Rise       ; pic_rgb_gen:pic_rgb_gen_inst|cnt_tick[5]                                           ;
; 19.718 ; 19.934       ; 0.216          ; High Pulse Width ; pll_25mhz_inst|altpll_component|auto_generated|pll1|clk[0] ; Rise       ; pic_rgb_gen:pic_rgb_gen_inst|cnt_tick[6]                                           ;
; 19.718 ; 19.934       ; 0.216          ; High Pulse Width ; pll_25mhz_inst|altpll_component|auto_generated|pll1|clk[0] ; Rise       ; pic_rgb_gen:pic_rgb_gen_inst|cnt_tick[7]                                           ;
; 19.718 ; 19.934       ; 0.216          ; High Pulse Width ; pll_25mhz_inst|altpll_component|auto_generated|pll1|clk[0] ; Rise       ; pic_rgb_gen:pic_rgb_gen_inst|cnt_tick[8]                                           ;
; 19.718 ; 19.934       ; 0.216          ; High Pulse Width ; pll_25mhz_inst|altpll_component|auto_generated|pll1|clk[0] ; Rise       ; pic_rgb_gen:pic_rgb_gen_inst|cnt_tick[9]                                           ;
; 19.718 ; 19.934       ; 0.216          ; High Pulse Width ; pll_25mhz_inst|altpll_component|auto_generated|pll1|clk[0] ; Rise       ; pic_rgb_gen:pic_rgb_gen_inst|direct_sig_ctrl:direct_sig_ctrl_inst|direct[0]        ;
; 19.718 ; 19.934       ; 0.216          ; High Pulse Width ; pll_25mhz_inst|altpll_component|auto_generated|pll1|clk[0] ; Rise       ; pic_rgb_gen:pic_rgb_gen_inst|direct_sig_ctrl:direct_sig_ctrl_inst|direct[1]        ;
; 19.718 ; 19.934       ; 0.216          ; High Pulse Width ; pll_25mhz_inst|altpll_component|auto_generated|pll1|clk[0] ; Rise       ; pic_rgb_gen:pic_rgb_gen_inst|direct_sig_ctrl:direct_sig_ctrl_inst|direct[2]        ;
; 19.718 ; 19.934       ; 0.216          ; High Pulse Width ; pll_25mhz_inst|altpll_component|auto_generated|pll1|clk[0] ; Rise       ; pic_rgb_gen:pic_rgb_gen_inst|direct_sig_ctrl:direct_sig_ctrl_inst|direct[3]        ;
; 19.718 ; 19.934       ; 0.216          ; High Pulse Width ; pll_25mhz_inst|altpll_component|auto_generated|pll1|clk[0] ; Rise       ; pic_rgb_gen:pic_rgb_gen_inst|direct_sig_ctrl:direct_sig_ctrl_inst|direct_tick[0]   ;
; 19.718 ; 19.934       ; 0.216          ; High Pulse Width ; pll_25mhz_inst|altpll_component|auto_generated|pll1|clk[0] ; Rise       ; pic_rgb_gen:pic_rgb_gen_inst|direct_sig_ctrl:direct_sig_ctrl_inst|direct_tick[1]   ;
; 19.718 ; 19.934       ; 0.216          ; High Pulse Width ; pll_25mhz_inst|altpll_component|auto_generated|pll1|clk[0] ; Rise       ; pic_rgb_gen:pic_rgb_gen_inst|direct_sig_ctrl:direct_sig_ctrl_inst|direct_tick[2]   ;
; 19.718 ; 19.934       ; 0.216          ; High Pulse Width ; pll_25mhz_inst|altpll_component|auto_generated|pll1|clk[0] ; Rise       ; pic_rgb_gen:pic_rgb_gen_inst|direct_sig_ctrl:direct_sig_ctrl_inst|direct_tick[3]   ;
; 19.718 ; 19.934       ; 0.216          ; High Pulse Width ; pll_25mhz_inst|altpll_component|auto_generated|pll1|clk[0] ; Rise       ; pic_rgb_gen:pic_rgb_gen_inst|game_tick_dly1                                        ;
; 19.718 ; 19.934       ; 0.216          ; High Pulse Width ; pll_25mhz_inst|altpll_component|auto_generated|pll1|clk[0] ; Rise       ; pic_rgb_gen:pic_rgb_gen_inst|new_head_y[1]                                         ;
; 19.718 ; 19.934       ; 0.216          ; High Pulse Width ; pll_25mhz_inst|altpll_component|auto_generated|pll1|clk[0] ; Rise       ; pic_rgb_gen:pic_rgb_gen_inst|new_head_y[2]                                         ;
; 19.718 ; 19.934       ; 0.216          ; High Pulse Width ; pll_25mhz_inst|altpll_component|auto_generated|pll1|clk[0] ; Rise       ; pic_rgb_gen:pic_rgb_gen_inst|new_head_y[3]                                         ;
; 19.718 ; 19.934       ; 0.216          ; High Pulse Width ; pll_25mhz_inst|altpll_component|auto_generated|pll1|clk[0] ; Rise       ; pic_rgb_gen:pic_rgb_gen_inst|prbs32_to_8:prbs32_to_8_inst|lfsr_reg[10]             ;
; 19.718 ; 19.934       ; 0.216          ; High Pulse Width ; pll_25mhz_inst|altpll_component|auto_generated|pll1|clk[0] ; Rise       ; pic_rgb_gen:pic_rgb_gen_inst|prbs32_to_8:prbs32_to_8_inst|lfsr_reg[11]             ;
; 19.718 ; 19.934       ; 0.216          ; High Pulse Width ; pll_25mhz_inst|altpll_component|auto_generated|pll1|clk[0] ; Rise       ; pic_rgb_gen:pic_rgb_gen_inst|prbs32_to_8:prbs32_to_8_inst|lfsr_reg[12]             ;
; 19.718 ; 19.934       ; 0.216          ; High Pulse Width ; pll_25mhz_inst|altpll_component|auto_generated|pll1|clk[0] ; Rise       ; pic_rgb_gen:pic_rgb_gen_inst|prbs32_to_8:prbs32_to_8_inst|lfsr_reg[13]             ;
; 19.718 ; 19.934       ; 0.216          ; High Pulse Width ; pll_25mhz_inst|altpll_component|auto_generated|pll1|clk[0] ; Rise       ; pic_rgb_gen:pic_rgb_gen_inst|prbs32_to_8:prbs32_to_8_inst|lfsr_reg[14]             ;
; 19.718 ; 19.934       ; 0.216          ; High Pulse Width ; pll_25mhz_inst|altpll_component|auto_generated|pll1|clk[0] ; Rise       ; pic_rgb_gen:pic_rgb_gen_inst|prbs32_to_8:prbs32_to_8_inst|lfsr_reg[15]             ;
; 19.718 ; 19.934       ; 0.216          ; High Pulse Width ; pll_25mhz_inst|altpll_component|auto_generated|pll1|clk[0] ; Rise       ; pic_rgb_gen:pic_rgb_gen_inst|prbs32_to_8:prbs32_to_8_inst|lfsr_reg[16]             ;
; 19.718 ; 19.934       ; 0.216          ; High Pulse Width ; pll_25mhz_inst|altpll_component|auto_generated|pll1|clk[0] ; Rise       ; pic_rgb_gen:pic_rgb_gen_inst|prbs32_to_8:prbs32_to_8_inst|lfsr_reg[17]             ;
; 19.718 ; 19.934       ; 0.216          ; High Pulse Width ; pll_25mhz_inst|altpll_component|auto_generated|pll1|clk[0] ; Rise       ; pic_rgb_gen:pic_rgb_gen_inst|prbs32_to_8:prbs32_to_8_inst|lfsr_reg[18]             ;
; 19.718 ; 19.934       ; 0.216          ; High Pulse Width ; pll_25mhz_inst|altpll_component|auto_generated|pll1|clk[0] ; Rise       ; pic_rgb_gen:pic_rgb_gen_inst|prbs32_to_8:prbs32_to_8_inst|lfsr_reg[19]             ;
; 19.718 ; 19.934       ; 0.216          ; High Pulse Width ; pll_25mhz_inst|altpll_component|auto_generated|pll1|clk[0] ; Rise       ; pic_rgb_gen:pic_rgb_gen_inst|prbs32_to_8:prbs32_to_8_inst|lfsr_reg[20]             ;
; 19.718 ; 19.934       ; 0.216          ; High Pulse Width ; pll_25mhz_inst|altpll_component|auto_generated|pll1|clk[0] ; Rise       ; pic_rgb_gen:pic_rgb_gen_inst|prbs32_to_8:prbs32_to_8_inst|lfsr_reg[21]             ;
; 19.718 ; 19.934       ; 0.216          ; High Pulse Width ; pll_25mhz_inst|altpll_component|auto_generated|pll1|clk[0] ; Rise       ; pic_rgb_gen:pic_rgb_gen_inst|prbs32_to_8:prbs32_to_8_inst|lfsr_reg[22]             ;
; 19.718 ; 19.934       ; 0.216          ; High Pulse Width ; pll_25mhz_inst|altpll_component|auto_generated|pll1|clk[0] ; Rise       ; pic_rgb_gen:pic_rgb_gen_inst|prbs32_to_8:prbs32_to_8_inst|lfsr_reg[3]              ;
; 19.718 ; 19.934       ; 0.216          ; High Pulse Width ; pll_25mhz_inst|altpll_component|auto_generated|pll1|clk[0] ; Rise       ; pic_rgb_gen:pic_rgb_gen_inst|prbs32_to_8:prbs32_to_8_inst|lfsr_reg[4]              ;
; 19.718 ; 19.934       ; 0.216          ; High Pulse Width ; pll_25mhz_inst|altpll_component|auto_generated|pll1|clk[0] ; Rise       ; pic_rgb_gen:pic_rgb_gen_inst|prbs32_to_8:prbs32_to_8_inst|lfsr_reg[5]              ;
; 19.718 ; 19.934       ; 0.216          ; High Pulse Width ; pll_25mhz_inst|altpll_component|auto_generated|pll1|clk[0] ; Rise       ; pic_rgb_gen:pic_rgb_gen_inst|prbs32_to_8:prbs32_to_8_inst|lfsr_reg[6]              ;
; 19.718 ; 19.934       ; 0.216          ; High Pulse Width ; pll_25mhz_inst|altpll_component|auto_generated|pll1|clk[0] ; Rise       ; pic_rgb_gen:pic_rgb_gen_inst|prbs32_to_8:prbs32_to_8_inst|lfsr_reg[7]              ;
; 19.718 ; 19.934       ; 0.216          ; High Pulse Width ; pll_25mhz_inst|altpll_component|auto_generated|pll1|clk[0] ; Rise       ; pic_rgb_gen:pic_rgb_gen_inst|prbs32_to_8:prbs32_to_8_inst|lfsr_reg[8]              ;
; 19.718 ; 19.934       ; 0.216          ; High Pulse Width ; pll_25mhz_inst|altpll_component|auto_generated|pll1|clk[0] ; Rise       ; pic_rgb_gen:pic_rgb_gen_inst|prbs32_to_8:prbs32_to_8_inst|lfsr_reg[9]              ;
; 19.718 ; 19.934       ; 0.216          ; High Pulse Width ; pll_25mhz_inst|altpll_component|auto_generated|pll1|clk[0] ; Rise       ; pic_rgb_gen:pic_rgb_gen_inst|seed[1]                                               ;
; 19.719 ; 19.935       ; 0.216          ; High Pulse Width ; pll_25mhz_inst|altpll_component|auto_generated|pll1|clk[0] ; Rise       ; pic_rgb_gen:pic_rgb_gen_inst|cnt_pre_addr[0]                                       ;
; 19.719 ; 19.935       ; 0.216          ; High Pulse Width ; pll_25mhz_inst|altpll_component|auto_generated|pll1|clk[0] ; Rise       ; pic_rgb_gen:pic_rgb_gen_inst|cnt_pre_addr[1]                                       ;
; 19.719 ; 19.935       ; 0.216          ; High Pulse Width ; pll_25mhz_inst|altpll_component|auto_generated|pll1|clk[0] ; Rise       ; pic_rgb_gen:pic_rgb_gen_inst|cnt_pre_addr[2]                                       ;
; 19.719 ; 19.935       ; 0.216          ; High Pulse Width ; pll_25mhz_inst|altpll_component|auto_generated|pll1|clk[0] ; Rise       ; pic_rgb_gen:pic_rgb_gen_inst|cnt_pre_addr[3]                                       ;
; 19.719 ; 19.935       ; 0.216          ; High Pulse Width ; pll_25mhz_inst|altpll_component|auto_generated|pll1|clk[0] ; Rise       ; pic_rgb_gen:pic_rgb_gen_inst|cnt_pre_addr[4]                                       ;
; 19.719 ; 19.935       ; 0.216          ; High Pulse Width ; pll_25mhz_inst|altpll_component|auto_generated|pll1|clk[0] ; Rise       ; pic_rgb_gen:pic_rgb_gen_inst|cnt_pre_addr[5]                                       ;
; 19.719 ; 19.935       ; 0.216          ; High Pulse Width ; pll_25mhz_inst|altpll_component|auto_generated|pll1|clk[0] ; Rise       ; pic_rgb_gen:pic_rgb_gen_inst|cnt_pre_addr[6]                                       ;
; 19.719 ; 19.935       ; 0.216          ; High Pulse Width ; pll_25mhz_inst|altpll_component|auto_generated|pll1|clk[0] ; Rise       ; pic_rgb_gen:pic_rgb_gen_inst|cnt_pre_addr[7]                                       ;
; 19.719 ; 19.935       ; 0.216          ; High Pulse Width ; pll_25mhz_inst|altpll_component|auto_generated|pll1|clk[0] ; Rise       ; pic_rgb_gen:pic_rgb_gen_inst|death                                                 ;
+--------+--------------+----------------+------------------+------------------------------------------------------------+------------+------------------------------------------------------------------------------------+


+------------------------------------------------------------------------------------------------------------------+
; Setup Times                                                                                                      ;
+-----------+------------+-------+-------+------------+------------------------------------------------------------+
; Data Port ; Clock Port ; Rise  ; Fall  ; Clock Edge ; Clock Reference                                            ;
+-----------+------------+-------+-------+------------+------------------------------------------------------------+
; sys_rst_n ; sys_clk    ; 4.714 ; 5.215 ; Rise       ; pll_25mhz_inst|altpll_component|auto_generated|pll1|clk[0] ;
; inf_in    ; sys_clk    ; 1.907 ; 1.964 ; Rise       ; sys_clk                                                    ;
+-----------+------------+-------+-------+------------+------------------------------------------------------------+


+--------------------------------------------------------------------------------------------------------------------+
; Hold Times                                                                                                         ;
+-----------+------------+--------+--------+------------+------------------------------------------------------------+
; Data Port ; Clock Port ; Rise   ; Fall   ; Clock Edge ; Clock Reference                                            ;
+-----------+------------+--------+--------+------------+------------------------------------------------------------+
; sys_rst_n ; sys_clk    ; -3.144 ; -3.596 ; Rise       ; pll_25mhz_inst|altpll_component|auto_generated|pll1|clk[0] ;
; inf_in    ; sys_clk    ; -1.488 ; -1.530 ; Rise       ; sys_clk                                                    ;
+-----------+------------+--------+--------+------------+------------------------------------------------------------+


+--------------------------------------------------------------------------------------------------------------------+
; Clock to Output Times                                                                                              ;
+-----------+------------+--------+--------+------------+------------------------------------------------------------+
; Data Port ; Clock Port ; Rise   ; Fall   ; Clock Edge ; Clock Reference                                            ;
+-----------+------------+--------+--------+------------+------------------------------------------------------------+
; hsync     ; sys_clk    ; 6.676  ; 6.795  ; Rise       ; pll_25mhz_inst|altpll_component|auto_generated|pll1|clk[0] ;
; rgb[*]    ; sys_clk    ; 11.617 ; 10.646 ; Rise       ; pll_25mhz_inst|altpll_component|auto_generated|pll1|clk[0] ;
;  rgb[0]   ; sys_clk    ; 10.896 ; 10.043 ; Rise       ; pll_25mhz_inst|altpll_component|auto_generated|pll1|clk[0] ;
;  rgb[1]   ; sys_clk    ; 11.254 ; 10.364 ; Rise       ; pll_25mhz_inst|altpll_component|auto_generated|pll1|clk[0] ;
;  rgb[2]   ; sys_clk    ; 11.244 ; 10.354 ; Rise       ; pll_25mhz_inst|altpll_component|auto_generated|pll1|clk[0] ;
;  rgb[3]   ; sys_clk    ; 11.617 ; 10.646 ; Rise       ; pll_25mhz_inst|altpll_component|auto_generated|pll1|clk[0] ;
;  rgb[4]   ; sys_clk    ; 11.607 ; 10.636 ; Rise       ; pll_25mhz_inst|altpll_component|auto_generated|pll1|clk[0] ;
;  rgb[5]   ; sys_clk    ; 11.004 ; 10.152 ; Rise       ; pll_25mhz_inst|altpll_component|auto_generated|pll1|clk[0] ;
;  rgb[6]   ; sys_clk    ; 10.994 ; 10.142 ; Rise       ; pll_25mhz_inst|altpll_component|auto_generated|pll1|clk[0] ;
;  rgb[7]   ; sys_clk    ; 11.003 ; 10.144 ; Rise       ; pll_25mhz_inst|altpll_component|auto_generated|pll1|clk[0] ;
;  rgb[8]   ; sys_clk    ; 11.003 ; 10.144 ; Rise       ; pll_25mhz_inst|altpll_component|auto_generated|pll1|clk[0] ;
;  rgb[9]   ; sys_clk    ; 10.597 ; 9.822  ; Rise       ; pll_25mhz_inst|altpll_component|auto_generated|pll1|clk[0] ;
;  rgb[10]  ; sys_clk    ; 10.607 ; 9.832  ; Rise       ; pll_25mhz_inst|altpll_component|auto_generated|pll1|clk[0] ;
;  rgb[11]  ; sys_clk    ; 10.143 ; 9.421  ; Rise       ; pll_25mhz_inst|altpll_component|auto_generated|pll1|clk[0] ;
;  rgb[12]  ; sys_clk    ; 10.153 ; 9.431  ; Rise       ; pll_25mhz_inst|altpll_component|auto_generated|pll1|clk[0] ;
;  rgb[13]  ; sys_clk    ; 10.715 ; 9.864  ; Rise       ; pll_25mhz_inst|altpll_component|auto_generated|pll1|clk[0] ;
;  rgb[14]  ; sys_clk    ; 10.705 ; 9.854  ; Rise       ; pll_25mhz_inst|altpll_component|auto_generated|pll1|clk[0] ;
;  rgb[15]  ; sys_clk    ; 10.735 ; 9.884  ; Rise       ; pll_25mhz_inst|altpll_component|auto_generated|pll1|clk[0] ;
; vsync     ; sys_clk    ; 7.482  ; 7.754  ; Rise       ; pll_25mhz_inst|altpll_component|auto_generated|pll1|clk[0] ;
; ds        ; sys_clk    ; 7.543  ; 7.259  ; Rise       ; sys_clk                                                    ;
; led       ; sys_clk    ; 7.055  ; 7.326  ; Rise       ; sys_clk                                                    ;
; shcp      ; sys_clk    ; 6.795  ; 6.585  ; Rise       ; sys_clk                                                    ;
; stcp      ; sys_clk    ; 7.876  ; 7.531  ; Rise       ; sys_clk                                                    ;
+-----------+------------+--------+--------+------------+------------------------------------------------------------+


+------------------------------------------------------------------------------------------------------------------+
; Minimum Clock to Output Times                                                                                    ;
+-----------+------------+-------+-------+------------+------------------------------------------------------------+
; Data Port ; Clock Port ; Rise  ; Fall  ; Clock Edge ; Clock Reference                                            ;
+-----------+------------+-------+-------+------------+------------------------------------------------------------+
; hsync     ; sys_clk    ; 4.926 ; 5.364 ; Rise       ; pll_25mhz_inst|altpll_component|auto_generated|pll1|clk[0] ;
; rgb[*]    ; sys_clk    ; 4.559 ; 4.300 ; Rise       ; pll_25mhz_inst|altpll_component|auto_generated|pll1|clk[0] ;
;  rgb[0]   ; sys_clk    ; 5.025 ; 4.720 ; Rise       ; pll_25mhz_inst|altpll_component|auto_generated|pll1|clk[0] ;
;  rgb[1]   ; sys_clk    ; 5.370 ; 5.029 ; Rise       ; pll_25mhz_inst|altpll_component|auto_generated|pll1|clk[0] ;
;  rgb[2]   ; sys_clk    ; 5.360 ; 5.019 ; Rise       ; pll_25mhz_inst|altpll_component|auto_generated|pll1|clk[0] ;
;  rgb[3]   ; sys_clk    ; 5.718 ; 5.298 ; Rise       ; pll_25mhz_inst|altpll_component|auto_generated|pll1|clk[0] ;
;  rgb[4]   ; sys_clk    ; 5.708 ; 5.288 ; Rise       ; pll_25mhz_inst|altpll_component|auto_generated|pll1|clk[0] ;
;  rgb[5]   ; sys_clk    ; 5.129 ; 4.824 ; Rise       ; pll_25mhz_inst|altpll_component|auto_generated|pll1|clk[0] ;
;  rgb[6]   ; sys_clk    ; 5.119 ; 4.814 ; Rise       ; pll_25mhz_inst|altpll_component|auto_generated|pll1|clk[0] ;
;  rgb[7]   ; sys_clk    ; 5.128 ; 4.817 ; Rise       ; pll_25mhz_inst|altpll_component|auto_generated|pll1|clk[0] ;
;  rgb[8]   ; sys_clk    ; 5.128 ; 4.817 ; Rise       ; pll_25mhz_inst|altpll_component|auto_generated|pll1|clk[0] ;
;  rgb[9]   ; sys_clk    ; 4.738 ; 4.508 ; Rise       ; pll_25mhz_inst|altpll_component|auto_generated|pll1|clk[0] ;
;  rgb[10]  ; sys_clk    ; 4.748 ; 4.518 ; Rise       ; pll_25mhz_inst|altpll_component|auto_generated|pll1|clk[0] ;
;  rgb[11]  ; sys_clk    ; 4.559 ; 4.300 ; Rise       ; pll_25mhz_inst|altpll_component|auto_generated|pll1|clk[0] ;
;  rgb[12]  ; sys_clk    ; 4.569 ; 4.310 ; Rise       ; pll_25mhz_inst|altpll_component|auto_generated|pll1|clk[0] ;
;  rgb[13]  ; sys_clk    ; 5.108 ; 4.725 ; Rise       ; pll_25mhz_inst|altpll_component|auto_generated|pll1|clk[0] ;
;  rgb[14]  ; sys_clk    ; 5.098 ; 4.715 ; Rise       ; pll_25mhz_inst|altpll_component|auto_generated|pll1|clk[0] ;
;  rgb[15]  ; sys_clk    ; 5.128 ; 4.745 ; Rise       ; pll_25mhz_inst|altpll_component|auto_generated|pll1|clk[0] ;
; vsync     ; sys_clk    ; 5.430 ; 5.964 ; Rise       ; pll_25mhz_inst|altpll_component|auto_generated|pll1|clk[0] ;
; ds        ; sys_clk    ; 7.257 ; 6.983 ; Rise       ; sys_clk                                                    ;
; led       ; sys_clk    ; 6.789 ; 7.050 ; Rise       ; sys_clk                                                    ;
; shcp      ; sys_clk    ; 6.538 ; 6.335 ; Rise       ; sys_clk                                                    ;
; stcp      ; sys_clk    ; 7.578 ; 7.245 ; Rise       ; sys_clk                                                    ;
+-----------+------------+-------+-------+------------+------------------------------------------------------------+


+----------------------------------------------------+
; Propagation Delay                                  ;
+------------+-------------+----+-------+-------+----+
; Input Port ; Output Port ; RR ; RF    ; FR    ; FF ;
+------------+-------------+----+-------+-------+----+
; sys_rst_n  ; oe          ;    ; 5.478 ; 5.917 ;    ;
+------------+-------------+----+-------+-------+----+


+----------------------------------------------------+
; Minimum Propagation Delay                          ;
+------------+-------------+----+-------+-------+----+
; Input Port ; Output Port ; RR ; RF    ; FR    ; FF ;
+------------+-------------+----+-------+-------+----+
; sys_rst_n  ; oe          ;    ; 5.285 ; 5.708 ;    ;
+------------+-------------+----+-------+-------+----+


---------------------------------------------
; Slow 1200mV 0C Model Metastability Report ;
---------------------------------------------
No synchronizer chains to report.


+-------------------------------------------------------------------------------------+
; Fast 1200mV 0C Model Setup Summary                                                  ;
+------------------------------------------------------------+--------+---------------+
; Clock                                                      ; Slack  ; End Point TNS ;
+------------------------------------------------------------+--------+---------------+
; sys_clk                                                    ; 16.788 ; 0.000         ;
; pll_25mhz_inst|altpll_component|auto_generated|pll1|clk[0] ; 17.416 ; 0.000         ;
+------------------------------------------------------------+--------+---------------+


+------------------------------------------------------------------------------------+
; Fast 1200mV 0C Model Hold Summary                                                  ;
+------------------------------------------------------------+-------+---------------+
; Clock                                                      ; Slack ; End Point TNS ;
+------------------------------------------------------------+-------+---------------+
; pll_25mhz_inst|altpll_component|auto_generated|pll1|clk[0] ; 0.137 ; 0.000         ;
; sys_clk                                                    ; 0.186 ; 0.000         ;
+------------------------------------------------------------+-------+---------------+


-----------------------------------------
; Fast 1200mV 0C Model Recovery Summary ;
-----------------------------------------
No paths to report.


----------------------------------------
; Fast 1200mV 0C Model Removal Summary ;
----------------------------------------
No paths to report.


+-------------------------------------------------------------------------------------+
; Fast 1200mV 0C Model Minimum Pulse Width Summary                                    ;
+------------------------------------------------------------+--------+---------------+
; Clock                                                      ; Slack  ; End Point TNS ;
+------------------------------------------------------------+--------+---------------+
; sys_clk                                                    ; 9.434  ; 0.000         ;
; pll_25mhz_inst|altpll_component|auto_generated|pll1|clk[0] ; 19.734 ; 0.000         ;
+------------------------------------------------------------+--------+---------------+


+------------------------------------------------------------------------------------------------------------------------------------------------------------------------------------------------------------------------------+
; Fast 1200mV 0C Model Setup: 'sys_clk'                                                                                                                                                                                        ;
+--------+---------------------------------------------------------------------------+-------------------------------------------------------------------+--------------+-------------+--------------+------------+------------+
; Slack  ; From Node                                                                 ; To Node                                                           ; Launch Clock ; Latch Clock ; Relationship ; Clock Skew ; Data Delay ;
+--------+---------------------------------------------------------------------------+-------------------------------------------------------------------+--------------+-------------+--------------+------------+------------+
; 16.788 ; inf_rcv:inf_rcv_inst|inf_rcv_decoder:inf_rcv_decoder_inst|cnt_data_bit[5] ; inf_rcv:inf_rcv_inst|inf_rcv_decoder:inf_rcv_decoder_inst|data[3] ; sys_clk      ; sys_clk     ; 20.000       ; -0.028     ; 3.171      ;
; 16.788 ; inf_rcv:inf_rcv_inst|inf_rcv_decoder:inf_rcv_decoder_inst|cnt_data_bit[5] ; inf_rcv:inf_rcv_inst|inf_rcv_decoder:inf_rcv_decoder_inst|data[2] ; sys_clk      ; sys_clk     ; 20.000       ; -0.028     ; 3.171      ;
; 16.788 ; inf_rcv:inf_rcv_inst|inf_rcv_decoder:inf_rcv_decoder_inst|cnt_data_bit[5] ; inf_rcv:inf_rcv_inst|inf_rcv_decoder:inf_rcv_decoder_inst|data[0] ; sys_clk      ; sys_clk     ; 20.000       ; -0.028     ; 3.171      ;
; 16.788 ; inf_rcv:inf_rcv_inst|inf_rcv_decoder:inf_rcv_decoder_inst|cnt_data_bit[5] ; inf_rcv:inf_rcv_inst|inf_rcv_decoder:inf_rcv_decoder_inst|data[1] ; sys_clk      ; sys_clk     ; 20.000       ; -0.028     ; 3.171      ;
; 16.788 ; inf_rcv:inf_rcv_inst|inf_rcv_decoder:inf_rcv_decoder_inst|cnt_data_bit[5] ; inf_rcv:inf_rcv_inst|inf_rcv_decoder:inf_rcv_decoder_inst|data[6] ; sys_clk      ; sys_clk     ; 20.000       ; -0.028     ; 3.171      ;
; 16.788 ; inf_rcv:inf_rcv_inst|inf_rcv_decoder:inf_rcv_decoder_inst|cnt_data_bit[5] ; inf_rcv:inf_rcv_inst|inf_rcv_decoder:inf_rcv_decoder_inst|data[7] ; sys_clk      ; sys_clk     ; 20.000       ; -0.028     ; 3.171      ;
; 16.788 ; inf_rcv:inf_rcv_inst|inf_rcv_decoder:inf_rcv_decoder_inst|cnt_data_bit[5] ; inf_rcv:inf_rcv_inst|inf_rcv_decoder:inf_rcv_decoder_inst|data[4] ; sys_clk      ; sys_clk     ; 20.000       ; -0.028     ; 3.171      ;
; 16.788 ; inf_rcv:inf_rcv_inst|inf_rcv_decoder:inf_rcv_decoder_inst|cnt_data_bit[5] ; inf_rcv:inf_rcv_inst|inf_rcv_decoder:inf_rcv_decoder_inst|data[5] ; sys_clk      ; sys_clk     ; 20.000       ; -0.028     ; 3.171      ;
; 16.904 ; inf_rcv:inf_rcv_inst|inf_rcv_decoder:inf_rcv_decoder_inst|cnt_data_bit[3] ; inf_rcv:inf_rcv_inst|inf_rcv_decoder:inf_rcv_decoder_inst|data[3] ; sys_clk      ; sys_clk     ; 20.000       ; -0.028     ; 3.055      ;
; 16.904 ; inf_rcv:inf_rcv_inst|inf_rcv_decoder:inf_rcv_decoder_inst|cnt_data_bit[3] ; inf_rcv:inf_rcv_inst|inf_rcv_decoder:inf_rcv_decoder_inst|data[2] ; sys_clk      ; sys_clk     ; 20.000       ; -0.028     ; 3.055      ;
; 16.904 ; inf_rcv:inf_rcv_inst|inf_rcv_decoder:inf_rcv_decoder_inst|cnt_data_bit[3] ; inf_rcv:inf_rcv_inst|inf_rcv_decoder:inf_rcv_decoder_inst|data[0] ; sys_clk      ; sys_clk     ; 20.000       ; -0.028     ; 3.055      ;
; 16.904 ; inf_rcv:inf_rcv_inst|inf_rcv_decoder:inf_rcv_decoder_inst|cnt_data_bit[3] ; inf_rcv:inf_rcv_inst|inf_rcv_decoder:inf_rcv_decoder_inst|data[1] ; sys_clk      ; sys_clk     ; 20.000       ; -0.028     ; 3.055      ;
; 16.904 ; inf_rcv:inf_rcv_inst|inf_rcv_decoder:inf_rcv_decoder_inst|cnt_data_bit[3] ; inf_rcv:inf_rcv_inst|inf_rcv_decoder:inf_rcv_decoder_inst|data[6] ; sys_clk      ; sys_clk     ; 20.000       ; -0.028     ; 3.055      ;
; 16.904 ; inf_rcv:inf_rcv_inst|inf_rcv_decoder:inf_rcv_decoder_inst|cnt_data_bit[3] ; inf_rcv:inf_rcv_inst|inf_rcv_decoder:inf_rcv_decoder_inst|data[7] ; sys_clk      ; sys_clk     ; 20.000       ; -0.028     ; 3.055      ;
; 16.904 ; inf_rcv:inf_rcv_inst|inf_rcv_decoder:inf_rcv_decoder_inst|cnt_data_bit[3] ; inf_rcv:inf_rcv_inst|inf_rcv_decoder:inf_rcv_decoder_inst|data[4] ; sys_clk      ; sys_clk     ; 20.000       ; -0.028     ; 3.055      ;
; 16.904 ; inf_rcv:inf_rcv_inst|inf_rcv_decoder:inf_rcv_decoder_inst|cnt_data_bit[3] ; inf_rcv:inf_rcv_inst|inf_rcv_decoder:inf_rcv_decoder_inst|data[5] ; sys_clk      ; sys_clk     ; 20.000       ; -0.028     ; 3.055      ;
; 16.908 ; inf_rcv:inf_rcv_inst|inf_rcv_decoder:inf_rcv_decoder_inst|cnt_data_bit[2] ; inf_rcv:inf_rcv_inst|inf_rcv_decoder:inf_rcv_decoder_inst|data[3] ; sys_clk      ; sys_clk     ; 20.000       ; -0.028     ; 3.051      ;
; 16.908 ; inf_rcv:inf_rcv_inst|inf_rcv_decoder:inf_rcv_decoder_inst|cnt_data_bit[2] ; inf_rcv:inf_rcv_inst|inf_rcv_decoder:inf_rcv_decoder_inst|data[2] ; sys_clk      ; sys_clk     ; 20.000       ; -0.028     ; 3.051      ;
; 16.908 ; inf_rcv:inf_rcv_inst|inf_rcv_decoder:inf_rcv_decoder_inst|cnt_data_bit[2] ; inf_rcv:inf_rcv_inst|inf_rcv_decoder:inf_rcv_decoder_inst|data[0] ; sys_clk      ; sys_clk     ; 20.000       ; -0.028     ; 3.051      ;
; 16.908 ; inf_rcv:inf_rcv_inst|inf_rcv_decoder:inf_rcv_decoder_inst|cnt_data_bit[2] ; inf_rcv:inf_rcv_inst|inf_rcv_decoder:inf_rcv_decoder_inst|data[1] ; sys_clk      ; sys_clk     ; 20.000       ; -0.028     ; 3.051      ;
; 16.908 ; inf_rcv:inf_rcv_inst|inf_rcv_decoder:inf_rcv_decoder_inst|cnt_data_bit[2] ; inf_rcv:inf_rcv_inst|inf_rcv_decoder:inf_rcv_decoder_inst|data[6] ; sys_clk      ; sys_clk     ; 20.000       ; -0.028     ; 3.051      ;
; 16.908 ; inf_rcv:inf_rcv_inst|inf_rcv_decoder:inf_rcv_decoder_inst|cnt_data_bit[2] ; inf_rcv:inf_rcv_inst|inf_rcv_decoder:inf_rcv_decoder_inst|data[7] ; sys_clk      ; sys_clk     ; 20.000       ; -0.028     ; 3.051      ;
; 16.908 ; inf_rcv:inf_rcv_inst|inf_rcv_decoder:inf_rcv_decoder_inst|cnt_data_bit[2] ; inf_rcv:inf_rcv_inst|inf_rcv_decoder:inf_rcv_decoder_inst|data[4] ; sys_clk      ; sys_clk     ; 20.000       ; -0.028     ; 3.051      ;
; 16.908 ; inf_rcv:inf_rcv_inst|inf_rcv_decoder:inf_rcv_decoder_inst|cnt_data_bit[2] ; inf_rcv:inf_rcv_inst|inf_rcv_decoder:inf_rcv_decoder_inst|data[5] ; sys_clk      ; sys_clk     ; 20.000       ; -0.028     ; 3.051      ;
; 16.996 ; inf_rcv:inf_rcv_inst|inf_rcv_decoder:inf_rcv_decoder_inst|cnt_data_bit[4] ; inf_rcv:inf_rcv_inst|inf_rcv_decoder:inf_rcv_decoder_inst|data[3] ; sys_clk      ; sys_clk     ; 20.000       ; -0.028     ; 2.963      ;
; 16.996 ; inf_rcv:inf_rcv_inst|inf_rcv_decoder:inf_rcv_decoder_inst|cnt_data_bit[4] ; inf_rcv:inf_rcv_inst|inf_rcv_decoder:inf_rcv_decoder_inst|data[2] ; sys_clk      ; sys_clk     ; 20.000       ; -0.028     ; 2.963      ;
; 16.996 ; inf_rcv:inf_rcv_inst|inf_rcv_decoder:inf_rcv_decoder_inst|cnt_data_bit[4] ; inf_rcv:inf_rcv_inst|inf_rcv_decoder:inf_rcv_decoder_inst|data[0] ; sys_clk      ; sys_clk     ; 20.000       ; -0.028     ; 2.963      ;
; 16.996 ; inf_rcv:inf_rcv_inst|inf_rcv_decoder:inf_rcv_decoder_inst|cnt_data_bit[4] ; inf_rcv:inf_rcv_inst|inf_rcv_decoder:inf_rcv_decoder_inst|data[1] ; sys_clk      ; sys_clk     ; 20.000       ; -0.028     ; 2.963      ;
; 16.996 ; inf_rcv:inf_rcv_inst|inf_rcv_decoder:inf_rcv_decoder_inst|cnt_data_bit[4] ; inf_rcv:inf_rcv_inst|inf_rcv_decoder:inf_rcv_decoder_inst|data[6] ; sys_clk      ; sys_clk     ; 20.000       ; -0.028     ; 2.963      ;
; 16.996 ; inf_rcv:inf_rcv_inst|inf_rcv_decoder:inf_rcv_decoder_inst|cnt_data_bit[4] ; inf_rcv:inf_rcv_inst|inf_rcv_decoder:inf_rcv_decoder_inst|data[7] ; sys_clk      ; sys_clk     ; 20.000       ; -0.028     ; 2.963      ;
; 16.996 ; inf_rcv:inf_rcv_inst|inf_rcv_decoder:inf_rcv_decoder_inst|cnt_data_bit[4] ; inf_rcv:inf_rcv_inst|inf_rcv_decoder:inf_rcv_decoder_inst|data[4] ; sys_clk      ; sys_clk     ; 20.000       ; -0.028     ; 2.963      ;
; 16.996 ; inf_rcv:inf_rcv_inst|inf_rcv_decoder:inf_rcv_decoder_inst|cnt_data_bit[4] ; inf_rcv:inf_rcv_inst|inf_rcv_decoder:inf_rcv_decoder_inst|data[5] ; sys_clk      ; sys_clk     ; 20.000       ; -0.028     ; 2.963      ;
; 16.999 ; inf_rcv:inf_rcv_inst|led_ctrl:led_ctrl_inst|cnt_50ms[14]                  ; inf_rcv:inf_rcv_inst|led_ctrl:led_ctrl_inst|cnt_50ms[1]           ; sys_clk      ; sys_clk     ; 20.000       ; -0.037     ; 2.951      ;
; 16.999 ; inf_rcv:inf_rcv_inst|led_ctrl:led_ctrl_inst|cnt_50ms[14]                  ; inf_rcv:inf_rcv_inst|led_ctrl:led_ctrl_inst|cnt_50ms[2]           ; sys_clk      ; sys_clk     ; 20.000       ; -0.037     ; 2.951      ;
; 16.999 ; inf_rcv:inf_rcv_inst|led_ctrl:led_ctrl_inst|cnt_50ms[14]                  ; inf_rcv:inf_rcv_inst|led_ctrl:led_ctrl_inst|cnt_50ms[3]           ; sys_clk      ; sys_clk     ; 20.000       ; -0.037     ; 2.951      ;
; 16.999 ; inf_rcv:inf_rcv_inst|led_ctrl:led_ctrl_inst|cnt_50ms[14]                  ; inf_rcv:inf_rcv_inst|led_ctrl:led_ctrl_inst|cnt_50ms[4]           ; sys_clk      ; sys_clk     ; 20.000       ; -0.037     ; 2.951      ;
; 16.999 ; inf_rcv:inf_rcv_inst|led_ctrl:led_ctrl_inst|cnt_50ms[14]                  ; inf_rcv:inf_rcv_inst|led_ctrl:led_ctrl_inst|cnt_50ms[5]           ; sys_clk      ; sys_clk     ; 20.000       ; -0.037     ; 2.951      ;
; 16.999 ; inf_rcv:inf_rcv_inst|led_ctrl:led_ctrl_inst|cnt_50ms[14]                  ; inf_rcv:inf_rcv_inst|led_ctrl:led_ctrl_inst|cnt_50ms[6]           ; sys_clk      ; sys_clk     ; 20.000       ; -0.037     ; 2.951      ;
; 16.999 ; inf_rcv:inf_rcv_inst|led_ctrl:led_ctrl_inst|cnt_50ms[14]                  ; inf_rcv:inf_rcv_inst|led_ctrl:led_ctrl_inst|cnt_50ms[7]           ; sys_clk      ; sys_clk     ; 20.000       ; -0.037     ; 2.951      ;
; 16.999 ; inf_rcv:inf_rcv_inst|led_ctrl:led_ctrl_inst|cnt_50ms[14]                  ; inf_rcv:inf_rcv_inst|led_ctrl:led_ctrl_inst|cnt_50ms[8]           ; sys_clk      ; sys_clk     ; 20.000       ; -0.037     ; 2.951      ;
; 16.999 ; inf_rcv:inf_rcv_inst|led_ctrl:led_ctrl_inst|cnt_50ms[14]                  ; inf_rcv:inf_rcv_inst|led_ctrl:led_ctrl_inst|cnt_50ms[9]           ; sys_clk      ; sys_clk     ; 20.000       ; -0.037     ; 2.951      ;
; 16.999 ; inf_rcv:inf_rcv_inst|led_ctrl:led_ctrl_inst|cnt_50ms[14]                  ; inf_rcv:inf_rcv_inst|led_ctrl:led_ctrl_inst|cnt_50ms[10]          ; sys_clk      ; sys_clk     ; 20.000       ; -0.037     ; 2.951      ;
; 16.999 ; inf_rcv:inf_rcv_inst|led_ctrl:led_ctrl_inst|cnt_50ms[14]                  ; inf_rcv:inf_rcv_inst|led_ctrl:led_ctrl_inst|cnt_50ms[0]           ; sys_clk      ; sys_clk     ; 20.000       ; -0.037     ; 2.951      ;
; 17.004 ; inf_rcv:inf_rcv_inst|led_ctrl:led_ctrl_inst|cnt_50ms[15]                  ; inf_rcv:inf_rcv_inst|led_ctrl:led_ctrl_inst|cnt_50ms[1]           ; sys_clk      ; sys_clk     ; 20.000       ; -0.037     ; 2.946      ;
; 17.004 ; inf_rcv:inf_rcv_inst|led_ctrl:led_ctrl_inst|cnt_50ms[15]                  ; inf_rcv:inf_rcv_inst|led_ctrl:led_ctrl_inst|cnt_50ms[2]           ; sys_clk      ; sys_clk     ; 20.000       ; -0.037     ; 2.946      ;
; 17.004 ; inf_rcv:inf_rcv_inst|led_ctrl:led_ctrl_inst|cnt_50ms[15]                  ; inf_rcv:inf_rcv_inst|led_ctrl:led_ctrl_inst|cnt_50ms[3]           ; sys_clk      ; sys_clk     ; 20.000       ; -0.037     ; 2.946      ;
; 17.004 ; inf_rcv:inf_rcv_inst|led_ctrl:led_ctrl_inst|cnt_50ms[15]                  ; inf_rcv:inf_rcv_inst|led_ctrl:led_ctrl_inst|cnt_50ms[4]           ; sys_clk      ; sys_clk     ; 20.000       ; -0.037     ; 2.946      ;
; 17.004 ; inf_rcv:inf_rcv_inst|led_ctrl:led_ctrl_inst|cnt_50ms[15]                  ; inf_rcv:inf_rcv_inst|led_ctrl:led_ctrl_inst|cnt_50ms[5]           ; sys_clk      ; sys_clk     ; 20.000       ; -0.037     ; 2.946      ;
; 17.004 ; inf_rcv:inf_rcv_inst|led_ctrl:led_ctrl_inst|cnt_50ms[15]                  ; inf_rcv:inf_rcv_inst|led_ctrl:led_ctrl_inst|cnt_50ms[6]           ; sys_clk      ; sys_clk     ; 20.000       ; -0.037     ; 2.946      ;
; 17.004 ; inf_rcv:inf_rcv_inst|led_ctrl:led_ctrl_inst|cnt_50ms[15]                  ; inf_rcv:inf_rcv_inst|led_ctrl:led_ctrl_inst|cnt_50ms[7]           ; sys_clk      ; sys_clk     ; 20.000       ; -0.037     ; 2.946      ;
; 17.004 ; inf_rcv:inf_rcv_inst|led_ctrl:led_ctrl_inst|cnt_50ms[15]                  ; inf_rcv:inf_rcv_inst|led_ctrl:led_ctrl_inst|cnt_50ms[8]           ; sys_clk      ; sys_clk     ; 20.000       ; -0.037     ; 2.946      ;
; 17.004 ; inf_rcv:inf_rcv_inst|led_ctrl:led_ctrl_inst|cnt_50ms[15]                  ; inf_rcv:inf_rcv_inst|led_ctrl:led_ctrl_inst|cnt_50ms[9]           ; sys_clk      ; sys_clk     ; 20.000       ; -0.037     ; 2.946      ;
; 17.004 ; inf_rcv:inf_rcv_inst|led_ctrl:led_ctrl_inst|cnt_50ms[15]                  ; inf_rcv:inf_rcv_inst|led_ctrl:led_ctrl_inst|cnt_50ms[10]          ; sys_clk      ; sys_clk     ; 20.000       ; -0.037     ; 2.946      ;
; 17.004 ; inf_rcv:inf_rcv_inst|led_ctrl:led_ctrl_inst|cnt_50ms[15]                  ; inf_rcv:inf_rcv_inst|led_ctrl:led_ctrl_inst|cnt_50ms[0]           ; sys_clk      ; sys_clk     ; 20.000       ; -0.037     ; 2.946      ;
; 17.084 ; inf_rcv:inf_rcv_inst|led_ctrl:led_ctrl_inst|cnt_50ms[13]                  ; inf_rcv:inf_rcv_inst|led_ctrl:led_ctrl_inst|cnt_50ms[1]           ; sys_clk      ; sys_clk     ; 20.000       ; -0.037     ; 2.866      ;
; 17.084 ; inf_rcv:inf_rcv_inst|led_ctrl:led_ctrl_inst|cnt_50ms[13]                  ; inf_rcv:inf_rcv_inst|led_ctrl:led_ctrl_inst|cnt_50ms[2]           ; sys_clk      ; sys_clk     ; 20.000       ; -0.037     ; 2.866      ;
; 17.084 ; inf_rcv:inf_rcv_inst|led_ctrl:led_ctrl_inst|cnt_50ms[13]                  ; inf_rcv:inf_rcv_inst|led_ctrl:led_ctrl_inst|cnt_50ms[3]           ; sys_clk      ; sys_clk     ; 20.000       ; -0.037     ; 2.866      ;
; 17.084 ; inf_rcv:inf_rcv_inst|led_ctrl:led_ctrl_inst|cnt_50ms[13]                  ; inf_rcv:inf_rcv_inst|led_ctrl:led_ctrl_inst|cnt_50ms[4]           ; sys_clk      ; sys_clk     ; 20.000       ; -0.037     ; 2.866      ;
; 17.084 ; inf_rcv:inf_rcv_inst|led_ctrl:led_ctrl_inst|cnt_50ms[13]                  ; inf_rcv:inf_rcv_inst|led_ctrl:led_ctrl_inst|cnt_50ms[5]           ; sys_clk      ; sys_clk     ; 20.000       ; -0.037     ; 2.866      ;
; 17.084 ; inf_rcv:inf_rcv_inst|led_ctrl:led_ctrl_inst|cnt_50ms[13]                  ; inf_rcv:inf_rcv_inst|led_ctrl:led_ctrl_inst|cnt_50ms[6]           ; sys_clk      ; sys_clk     ; 20.000       ; -0.037     ; 2.866      ;
; 17.084 ; inf_rcv:inf_rcv_inst|led_ctrl:led_ctrl_inst|cnt_50ms[13]                  ; inf_rcv:inf_rcv_inst|led_ctrl:led_ctrl_inst|cnt_50ms[7]           ; sys_clk      ; sys_clk     ; 20.000       ; -0.037     ; 2.866      ;
; 17.084 ; inf_rcv:inf_rcv_inst|led_ctrl:led_ctrl_inst|cnt_50ms[13]                  ; inf_rcv:inf_rcv_inst|led_ctrl:led_ctrl_inst|cnt_50ms[8]           ; sys_clk      ; sys_clk     ; 20.000       ; -0.037     ; 2.866      ;
; 17.084 ; inf_rcv:inf_rcv_inst|led_ctrl:led_ctrl_inst|cnt_50ms[13]                  ; inf_rcv:inf_rcv_inst|led_ctrl:led_ctrl_inst|cnt_50ms[9]           ; sys_clk      ; sys_clk     ; 20.000       ; -0.037     ; 2.866      ;
; 17.084 ; inf_rcv:inf_rcv_inst|led_ctrl:led_ctrl_inst|cnt_50ms[13]                  ; inf_rcv:inf_rcv_inst|led_ctrl:led_ctrl_inst|cnt_50ms[10]          ; sys_clk      ; sys_clk     ; 20.000       ; -0.037     ; 2.866      ;
; 17.084 ; inf_rcv:inf_rcv_inst|led_ctrl:led_ctrl_inst|cnt_50ms[13]                  ; inf_rcv:inf_rcv_inst|led_ctrl:led_ctrl_inst|cnt_50ms[0]           ; sys_clk      ; sys_clk     ; 20.000       ; -0.037     ; 2.866      ;
; 17.130 ; inf_rcv:inf_rcv_inst|led_ctrl:led_ctrl_inst|cnt_50ms[11]                  ; inf_rcv:inf_rcv_inst|led_ctrl:led_ctrl_inst|cnt_50ms[1]           ; sys_clk      ; sys_clk     ; 20.000       ; -0.037     ; 2.820      ;
; 17.130 ; inf_rcv:inf_rcv_inst|led_ctrl:led_ctrl_inst|cnt_50ms[11]                  ; inf_rcv:inf_rcv_inst|led_ctrl:led_ctrl_inst|cnt_50ms[2]           ; sys_clk      ; sys_clk     ; 20.000       ; -0.037     ; 2.820      ;
; 17.130 ; inf_rcv:inf_rcv_inst|led_ctrl:led_ctrl_inst|cnt_50ms[11]                  ; inf_rcv:inf_rcv_inst|led_ctrl:led_ctrl_inst|cnt_50ms[3]           ; sys_clk      ; sys_clk     ; 20.000       ; -0.037     ; 2.820      ;
; 17.130 ; inf_rcv:inf_rcv_inst|led_ctrl:led_ctrl_inst|cnt_50ms[11]                  ; inf_rcv:inf_rcv_inst|led_ctrl:led_ctrl_inst|cnt_50ms[4]           ; sys_clk      ; sys_clk     ; 20.000       ; -0.037     ; 2.820      ;
; 17.130 ; inf_rcv:inf_rcv_inst|led_ctrl:led_ctrl_inst|cnt_50ms[11]                  ; inf_rcv:inf_rcv_inst|led_ctrl:led_ctrl_inst|cnt_50ms[5]           ; sys_clk      ; sys_clk     ; 20.000       ; -0.037     ; 2.820      ;
; 17.130 ; inf_rcv:inf_rcv_inst|led_ctrl:led_ctrl_inst|cnt_50ms[11]                  ; inf_rcv:inf_rcv_inst|led_ctrl:led_ctrl_inst|cnt_50ms[6]           ; sys_clk      ; sys_clk     ; 20.000       ; -0.037     ; 2.820      ;
; 17.130 ; inf_rcv:inf_rcv_inst|led_ctrl:led_ctrl_inst|cnt_50ms[11]                  ; inf_rcv:inf_rcv_inst|led_ctrl:led_ctrl_inst|cnt_50ms[7]           ; sys_clk      ; sys_clk     ; 20.000       ; -0.037     ; 2.820      ;
; 17.130 ; inf_rcv:inf_rcv_inst|led_ctrl:led_ctrl_inst|cnt_50ms[11]                  ; inf_rcv:inf_rcv_inst|led_ctrl:led_ctrl_inst|cnt_50ms[8]           ; sys_clk      ; sys_clk     ; 20.000       ; -0.037     ; 2.820      ;
; 17.130 ; inf_rcv:inf_rcv_inst|led_ctrl:led_ctrl_inst|cnt_50ms[11]                  ; inf_rcv:inf_rcv_inst|led_ctrl:led_ctrl_inst|cnt_50ms[9]           ; sys_clk      ; sys_clk     ; 20.000       ; -0.037     ; 2.820      ;
; 17.130 ; inf_rcv:inf_rcv_inst|led_ctrl:led_ctrl_inst|cnt_50ms[11]                  ; inf_rcv:inf_rcv_inst|led_ctrl:led_ctrl_inst|cnt_50ms[10]          ; sys_clk      ; sys_clk     ; 20.000       ; -0.037     ; 2.820      ;
; 17.130 ; inf_rcv:inf_rcv_inst|led_ctrl:led_ctrl_inst|cnt_50ms[11]                  ; inf_rcv:inf_rcv_inst|led_ctrl:led_ctrl_inst|cnt_50ms[0]           ; sys_clk      ; sys_clk     ; 20.000       ; -0.037     ; 2.820      ;
; 17.156 ; inf_rcv:inf_rcv_inst|led_ctrl:led_ctrl_inst|cnt_50ms[12]                  ; inf_rcv:inf_rcv_inst|led_ctrl:led_ctrl_inst|cnt_50ms[1]           ; sys_clk      ; sys_clk     ; 20.000       ; -0.037     ; 2.794      ;
; 17.156 ; inf_rcv:inf_rcv_inst|led_ctrl:led_ctrl_inst|cnt_50ms[12]                  ; inf_rcv:inf_rcv_inst|led_ctrl:led_ctrl_inst|cnt_50ms[2]           ; sys_clk      ; sys_clk     ; 20.000       ; -0.037     ; 2.794      ;
; 17.156 ; inf_rcv:inf_rcv_inst|led_ctrl:led_ctrl_inst|cnt_50ms[12]                  ; inf_rcv:inf_rcv_inst|led_ctrl:led_ctrl_inst|cnt_50ms[3]           ; sys_clk      ; sys_clk     ; 20.000       ; -0.037     ; 2.794      ;
; 17.156 ; inf_rcv:inf_rcv_inst|led_ctrl:led_ctrl_inst|cnt_50ms[12]                  ; inf_rcv:inf_rcv_inst|led_ctrl:led_ctrl_inst|cnt_50ms[4]           ; sys_clk      ; sys_clk     ; 20.000       ; -0.037     ; 2.794      ;
; 17.156 ; inf_rcv:inf_rcv_inst|led_ctrl:led_ctrl_inst|cnt_50ms[12]                  ; inf_rcv:inf_rcv_inst|led_ctrl:led_ctrl_inst|cnt_50ms[5]           ; sys_clk      ; sys_clk     ; 20.000       ; -0.037     ; 2.794      ;
; 17.156 ; inf_rcv:inf_rcv_inst|led_ctrl:led_ctrl_inst|cnt_50ms[12]                  ; inf_rcv:inf_rcv_inst|led_ctrl:led_ctrl_inst|cnt_50ms[6]           ; sys_clk      ; sys_clk     ; 20.000       ; -0.037     ; 2.794      ;
; 17.156 ; inf_rcv:inf_rcv_inst|led_ctrl:led_ctrl_inst|cnt_50ms[12]                  ; inf_rcv:inf_rcv_inst|led_ctrl:led_ctrl_inst|cnt_50ms[7]           ; sys_clk      ; sys_clk     ; 20.000       ; -0.037     ; 2.794      ;
; 17.156 ; inf_rcv:inf_rcv_inst|led_ctrl:led_ctrl_inst|cnt_50ms[12]                  ; inf_rcv:inf_rcv_inst|led_ctrl:led_ctrl_inst|cnt_50ms[8]           ; sys_clk      ; sys_clk     ; 20.000       ; -0.037     ; 2.794      ;
; 17.156 ; inf_rcv:inf_rcv_inst|led_ctrl:led_ctrl_inst|cnt_50ms[12]                  ; inf_rcv:inf_rcv_inst|led_ctrl:led_ctrl_inst|cnt_50ms[9]           ; sys_clk      ; sys_clk     ; 20.000       ; -0.037     ; 2.794      ;
; 17.156 ; inf_rcv:inf_rcv_inst|led_ctrl:led_ctrl_inst|cnt_50ms[12]                  ; inf_rcv:inf_rcv_inst|led_ctrl:led_ctrl_inst|cnt_50ms[10]          ; sys_clk      ; sys_clk     ; 20.000       ; -0.037     ; 2.794      ;
; 17.156 ; inf_rcv:inf_rcv_inst|led_ctrl:led_ctrl_inst|cnt_50ms[12]                  ; inf_rcv:inf_rcv_inst|led_ctrl:led_ctrl_inst|cnt_50ms[0]           ; sys_clk      ; sys_clk     ; 20.000       ; -0.037     ; 2.794      ;
; 17.161 ; inf_rcv:inf_rcv_inst|inf_rcv_decoder:inf_rcv_decoder_inst|cnt_data_bit[0] ; inf_rcv:inf_rcv_inst|inf_rcv_decoder:inf_rcv_decoder_inst|data[3] ; sys_clk      ; sys_clk     ; 20.000       ; -0.028     ; 2.798      ;
; 17.161 ; inf_rcv:inf_rcv_inst|inf_rcv_decoder:inf_rcv_decoder_inst|cnt_data_bit[0] ; inf_rcv:inf_rcv_inst|inf_rcv_decoder:inf_rcv_decoder_inst|data[2] ; sys_clk      ; sys_clk     ; 20.000       ; -0.028     ; 2.798      ;
; 17.161 ; inf_rcv:inf_rcv_inst|inf_rcv_decoder:inf_rcv_decoder_inst|cnt_data_bit[0] ; inf_rcv:inf_rcv_inst|inf_rcv_decoder:inf_rcv_decoder_inst|data[0] ; sys_clk      ; sys_clk     ; 20.000       ; -0.028     ; 2.798      ;
; 17.161 ; inf_rcv:inf_rcv_inst|inf_rcv_decoder:inf_rcv_decoder_inst|cnt_data_bit[0] ; inf_rcv:inf_rcv_inst|inf_rcv_decoder:inf_rcv_decoder_inst|data[1] ; sys_clk      ; sys_clk     ; 20.000       ; -0.028     ; 2.798      ;
; 17.161 ; inf_rcv:inf_rcv_inst|inf_rcv_decoder:inf_rcv_decoder_inst|cnt_data_bit[0] ; inf_rcv:inf_rcv_inst|inf_rcv_decoder:inf_rcv_decoder_inst|data[6] ; sys_clk      ; sys_clk     ; 20.000       ; -0.028     ; 2.798      ;
; 17.161 ; inf_rcv:inf_rcv_inst|inf_rcv_decoder:inf_rcv_decoder_inst|cnt_data_bit[0] ; inf_rcv:inf_rcv_inst|inf_rcv_decoder:inf_rcv_decoder_inst|data[7] ; sys_clk      ; sys_clk     ; 20.000       ; -0.028     ; 2.798      ;
; 17.161 ; inf_rcv:inf_rcv_inst|inf_rcv_decoder:inf_rcv_decoder_inst|cnt_data_bit[0] ; inf_rcv:inf_rcv_inst|inf_rcv_decoder:inf_rcv_decoder_inst|data[4] ; sys_clk      ; sys_clk     ; 20.000       ; -0.028     ; 2.798      ;
; 17.161 ; inf_rcv:inf_rcv_inst|inf_rcv_decoder:inf_rcv_decoder_inst|cnt_data_bit[0] ; inf_rcv:inf_rcv_inst|inf_rcv_decoder:inf_rcv_decoder_inst|data[5] ; sys_clk      ; sys_clk     ; 20.000       ; -0.028     ; 2.798      ;
; 17.209 ; inf_rcv:inf_rcv_inst|inf_rcv_decoder:inf_rcv_decoder_inst|cnt_data_bit[1] ; inf_rcv:inf_rcv_inst|inf_rcv_decoder:inf_rcv_decoder_inst|data[3] ; sys_clk      ; sys_clk     ; 20.000       ; -0.028     ; 2.750      ;
; 17.209 ; inf_rcv:inf_rcv_inst|inf_rcv_decoder:inf_rcv_decoder_inst|cnt_data_bit[1] ; inf_rcv:inf_rcv_inst|inf_rcv_decoder:inf_rcv_decoder_inst|data[2] ; sys_clk      ; sys_clk     ; 20.000       ; -0.028     ; 2.750      ;
; 17.209 ; inf_rcv:inf_rcv_inst|inf_rcv_decoder:inf_rcv_decoder_inst|cnt_data_bit[1] ; inf_rcv:inf_rcv_inst|inf_rcv_decoder:inf_rcv_decoder_inst|data[0] ; sys_clk      ; sys_clk     ; 20.000       ; -0.028     ; 2.750      ;
; 17.209 ; inf_rcv:inf_rcv_inst|inf_rcv_decoder:inf_rcv_decoder_inst|cnt_data_bit[1] ; inf_rcv:inf_rcv_inst|inf_rcv_decoder:inf_rcv_decoder_inst|data[1] ; sys_clk      ; sys_clk     ; 20.000       ; -0.028     ; 2.750      ;
; 17.209 ; inf_rcv:inf_rcv_inst|inf_rcv_decoder:inf_rcv_decoder_inst|cnt_data_bit[1] ; inf_rcv:inf_rcv_inst|inf_rcv_decoder:inf_rcv_decoder_inst|data[6] ; sys_clk      ; sys_clk     ; 20.000       ; -0.028     ; 2.750      ;
+--------+---------------------------------------------------------------------------+-------------------------------------------------------------------+--------------+-------------+--------------+------------+------------+


+------------------------------------------------------------------------------------------------------------------------------------------------------------------------------------------------------------------------------------------------------------------------------------------------------------------------------------+
; Fast 1200mV 0C Model Setup: 'pll_25mhz_inst|altpll_component|auto_generated|pll1|clk[0]'                                                                                                                                                                                                                                           ;
+--------+-------------------------------------------------------------------+------------------------------------------------------------------------------------+------------------------------------------------------------+------------------------------------------------------------+--------------+------------+------------+
; Slack  ; From Node                                                         ; To Node                                                                            ; Launch Clock                                               ; Latch Clock                                                ; Relationship ; Clock Skew ; Data Delay ;
+--------+-------------------------------------------------------------------+------------------------------------------------------------------------------------+------------------------------------------------------------+------------------------------------------------------------+--------------+------------+------------+
; 17.416 ; inf_rcv:inf_rcv_inst|inf_rcv_decoder:inf_rcv_decoder_inst|data[5] ; pic_rgb_gen:pic_rgb_gen_inst|direct_sig_ctrl:direct_sig_ctrl_inst|direct_reg.RIGHT ; sys_clk                                                    ; pll_25mhz_inst|altpll_component|auto_generated|pll1|clk[0] ; 20.000       ; -1.319     ; 1.202      ;
; 17.417 ; inf_rcv:inf_rcv_inst|inf_rcv_decoder:inf_rcv_decoder_inst|data[5] ; pic_rgb_gen:pic_rgb_gen_inst|direct_sig_ctrl:direct_sig_ctrl_inst|direct_reg.LEFT  ; sys_clk                                                    ; pll_25mhz_inst|altpll_component|auto_generated|pll1|clk[0] ; 20.000       ; -1.319     ; 1.201      ;
; 17.417 ; inf_rcv:inf_rcv_inst|inf_rcv_decoder:inf_rcv_decoder_inst|data[4] ; pic_rgb_gen:pic_rgb_gen_inst|direct_sig_ctrl:direct_sig_ctrl_inst|direct_reg.RIGHT ; sys_clk                                                    ; pll_25mhz_inst|altpll_component|auto_generated|pll1|clk[0] ; 20.000       ; -1.319     ; 1.201      ;
; 17.418 ; inf_rcv:inf_rcv_inst|inf_rcv_decoder:inf_rcv_decoder_inst|data[4] ; pic_rgb_gen:pic_rgb_gen_inst|direct_sig_ctrl:direct_sig_ctrl_inst|direct_reg.LEFT  ; sys_clk                                                    ; pll_25mhz_inst|altpll_component|auto_generated|pll1|clk[0] ; 20.000       ; -1.319     ; 1.200      ;
; 17.459 ; inf_rcv:inf_rcv_inst|inf_rcv_decoder:inf_rcv_decoder_inst|data[5] ; pic_rgb_gen:pic_rgb_gen_inst|direct_sig_ctrl:direct_sig_ctrl_inst|direct_reg.DOWN  ; sys_clk                                                    ; pll_25mhz_inst|altpll_component|auto_generated|pll1|clk[0] ; 20.000       ; -1.319     ; 1.159      ;
; 17.460 ; inf_rcv:inf_rcv_inst|inf_rcv_decoder:inf_rcv_decoder_inst|data[4] ; pic_rgb_gen:pic_rgb_gen_inst|direct_sig_ctrl:direct_sig_ctrl_inst|direct_reg.DOWN  ; sys_clk                                                    ; pll_25mhz_inst|altpll_component|auto_generated|pll1|clk[0] ; 20.000       ; -1.319     ; 1.158      ;
; 17.524 ; inf_rcv:inf_rcv_inst|inf_rcv_decoder:inf_rcv_decoder_inst|data[5] ; pic_rgb_gen:pic_rgb_gen_inst|direct_sig_ctrl:direct_sig_ctrl_inst|direct_reg.UP    ; sys_clk                                                    ; pll_25mhz_inst|altpll_component|auto_generated|pll1|clk[0] ; 20.000       ; -1.319     ; 1.094      ;
; 17.525 ; inf_rcv:inf_rcv_inst|inf_rcv_decoder:inf_rcv_decoder_inst|data[4] ; pic_rgb_gen:pic_rgb_gen_inst|direct_sig_ctrl:direct_sig_ctrl_inst|direct_reg.UP    ; sys_clk                                                    ; pll_25mhz_inst|altpll_component|auto_generated|pll1|clk[0] ; 20.000       ; -1.319     ; 1.093      ;
; 17.553 ; inf_rcv:inf_rcv_inst|inf_rcv_decoder:inf_rcv_decoder_inst|data[7] ; pic_rgb_gen:pic_rgb_gen_inst|direct_sig_ctrl:direct_sig_ctrl_inst|direct_reg.RIGHT ; sys_clk                                                    ; pll_25mhz_inst|altpll_component|auto_generated|pll1|clk[0] ; 20.000       ; -1.319     ; 1.065      ;
; 17.554 ; inf_rcv:inf_rcv_inst|inf_rcv_decoder:inf_rcv_decoder_inst|data[7] ; pic_rgb_gen:pic_rgb_gen_inst|direct_sig_ctrl:direct_sig_ctrl_inst|direct_reg.LEFT  ; sys_clk                                                    ; pll_25mhz_inst|altpll_component|auto_generated|pll1|clk[0] ; 20.000       ; -1.319     ; 1.064      ;
; 17.562 ; inf_rcv:inf_rcv_inst|inf_rcv_decoder:inf_rcv_decoder_inst|data[6] ; pic_rgb_gen:pic_rgb_gen_inst|direct_sig_ctrl:direct_sig_ctrl_inst|direct_reg.RIGHT ; sys_clk                                                    ; pll_25mhz_inst|altpll_component|auto_generated|pll1|clk[0] ; 20.000       ; -1.319     ; 1.056      ;
; 17.563 ; inf_rcv:inf_rcv_inst|inf_rcv_decoder:inf_rcv_decoder_inst|data[6] ; pic_rgb_gen:pic_rgb_gen_inst|direct_sig_ctrl:direct_sig_ctrl_inst|direct_reg.LEFT  ; sys_clk                                                    ; pll_25mhz_inst|altpll_component|auto_generated|pll1|clk[0] ; 20.000       ; -1.319     ; 1.055      ;
; 17.596 ; inf_rcv:inf_rcv_inst|inf_rcv_decoder:inf_rcv_decoder_inst|data[7] ; pic_rgb_gen:pic_rgb_gen_inst|direct_sig_ctrl:direct_sig_ctrl_inst|direct_reg.DOWN  ; sys_clk                                                    ; pll_25mhz_inst|altpll_component|auto_generated|pll1|clk[0] ; 20.000       ; -1.319     ; 1.022      ;
; 17.605 ; inf_rcv:inf_rcv_inst|inf_rcv_decoder:inf_rcv_decoder_inst|data[6] ; pic_rgb_gen:pic_rgb_gen_inst|direct_sig_ctrl:direct_sig_ctrl_inst|direct_reg.DOWN  ; sys_clk                                                    ; pll_25mhz_inst|altpll_component|auto_generated|pll1|clk[0] ; 20.000       ; -1.319     ; 1.013      ;
; 17.661 ; inf_rcv:inf_rcv_inst|inf_rcv_decoder:inf_rcv_decoder_inst|data[7] ; pic_rgb_gen:pic_rgb_gen_inst|direct_sig_ctrl:direct_sig_ctrl_inst|direct_reg.UP    ; sys_clk                                                    ; pll_25mhz_inst|altpll_component|auto_generated|pll1|clk[0] ; 20.000       ; -1.319     ; 0.957      ;
; 17.670 ; inf_rcv:inf_rcv_inst|inf_rcv_decoder:inf_rcv_decoder_inst|data[1] ; pic_rgb_gen:pic_rgb_gen_inst|direct_sig_ctrl:direct_sig_ctrl_inst|direct_reg.UP    ; sys_clk                                                    ; pll_25mhz_inst|altpll_component|auto_generated|pll1|clk[0] ; 20.000       ; -1.319     ; 0.948      ;
; 17.670 ; inf_rcv:inf_rcv_inst|inf_rcv_decoder:inf_rcv_decoder_inst|data[6] ; pic_rgb_gen:pic_rgb_gen_inst|direct_sig_ctrl:direct_sig_ctrl_inst|direct_reg.UP    ; sys_clk                                                    ; pll_25mhz_inst|altpll_component|auto_generated|pll1|clk[0] ; 20.000       ; -1.319     ; 0.948      ;
; 17.671 ; inf_rcv:inf_rcv_inst|inf_rcv_decoder:inf_rcv_decoder_inst|data[1] ; pic_rgb_gen:pic_rgb_gen_inst|direct_sig_ctrl:direct_sig_ctrl_inst|direct_reg.RIGHT ; sys_clk                                                    ; pll_25mhz_inst|altpll_component|auto_generated|pll1|clk[0] ; 20.000       ; -1.319     ; 0.947      ;
; 17.904 ; inf_rcv:inf_rcv_inst|inf_rcv_decoder:inf_rcv_decoder_inst|data[1] ; pic_rgb_gen:pic_rgb_gen_inst|direct_sig_ctrl:direct_sig_ctrl_inst|direct_reg.LEFT  ; sys_clk                                                    ; pll_25mhz_inst|altpll_component|auto_generated|pll1|clk[0] ; 20.000       ; -1.319     ; 0.714      ;
; 17.908 ; inf_rcv:inf_rcv_inst|inf_rcv_decoder:inf_rcv_decoder_inst|data[0] ; pic_rgb_gen:pic_rgb_gen_inst|direct_sig_ctrl:direct_sig_ctrl_inst|direct_reg.RIGHT ; sys_clk                                                    ; pll_25mhz_inst|altpll_component|auto_generated|pll1|clk[0] ; 20.000       ; -1.319     ; 0.710      ;
; 17.909 ; inf_rcv:inf_rcv_inst|inf_rcv_decoder:inf_rcv_decoder_inst|data[0] ; pic_rgb_gen:pic_rgb_gen_inst|direct_sig_ctrl:direct_sig_ctrl_inst|direct_reg.LEFT  ; sys_clk                                                    ; pll_25mhz_inst|altpll_component|auto_generated|pll1|clk[0] ; 20.000       ; -1.319     ; 0.709      ;
; 17.946 ; inf_rcv:inf_rcv_inst|inf_rcv_decoder:inf_rcv_decoder_inst|data[1] ; pic_rgb_gen:pic_rgb_gen_inst|direct_sig_ctrl:direct_sig_ctrl_inst|direct_reg.DOWN  ; sys_clk                                                    ; pll_25mhz_inst|altpll_component|auto_generated|pll1|clk[0] ; 20.000       ; -1.319     ; 0.672      ;
; 17.950 ; inf_rcv:inf_rcv_inst|inf_rcv_decoder:inf_rcv_decoder_inst|data[0] ; pic_rgb_gen:pic_rgb_gen_inst|direct_sig_ctrl:direct_sig_ctrl_inst|direct_reg.DOWN  ; sys_clk                                                    ; pll_25mhz_inst|altpll_component|auto_generated|pll1|clk[0] ; 20.000       ; -1.319     ; 0.668      ;
; 18.005 ; inf_rcv:inf_rcv_inst|inf_rcv_decoder:inf_rcv_decoder_inst|data[0] ; pic_rgb_gen:pic_rgb_gen_inst|direct_sig_ctrl:direct_sig_ctrl_inst|direct_reg.UP    ; sys_clk                                                    ; pll_25mhz_inst|altpll_component|auto_generated|pll1|clk[0] ; 20.000       ; -1.319     ; 0.613      ;
; 18.008 ; inf_rcv:inf_rcv_inst|inf_rcv_decoder:inf_rcv_decoder_inst|data[3] ; pic_rgb_gen:pic_rgb_gen_inst|direct_sig_ctrl:direct_sig_ctrl_inst|direct_reg.UP    ; sys_clk                                                    ; pll_25mhz_inst|altpll_component|auto_generated|pll1|clk[0] ; 20.000       ; -1.319     ; 0.610      ;
; 18.009 ; inf_rcv:inf_rcv_inst|inf_rcv_decoder:inf_rcv_decoder_inst|data[3] ; pic_rgb_gen:pic_rgb_gen_inst|direct_sig_ctrl:direct_sig_ctrl_inst|direct_reg.RIGHT ; sys_clk                                                    ; pll_25mhz_inst|altpll_component|auto_generated|pll1|clk[0] ; 20.000       ; -1.319     ; 0.609      ;
; 18.041 ; inf_rcv:inf_rcv_inst|inf_rcv_decoder:inf_rcv_decoder_inst|data[2] ; pic_rgb_gen:pic_rgb_gen_inst|direct_sig_ctrl:direct_sig_ctrl_inst|direct_reg.LEFT  ; sys_clk                                                    ; pll_25mhz_inst|altpll_component|auto_generated|pll1|clk[0] ; 20.000       ; -1.319     ; 0.577      ;
; 18.046 ; inf_rcv:inf_rcv_inst|inf_rcv_decoder:inf_rcv_decoder_inst|data[2] ; pic_rgb_gen:pic_rgb_gen_inst|direct_sig_ctrl:direct_sig_ctrl_inst|direct_reg.RIGHT ; sys_clk                                                    ; pll_25mhz_inst|altpll_component|auto_generated|pll1|clk[0] ; 20.000       ; -1.319     ; 0.572      ;
; 18.075 ; inf_rcv:inf_rcv_inst|inf_rcv_decoder:inf_rcv_decoder_inst|data[2] ; pic_rgb_gen:pic_rgb_gen_inst|direct_sig_ctrl:direct_sig_ctrl_inst|direct_reg.DOWN  ; sys_clk                                                    ; pll_25mhz_inst|altpll_component|auto_generated|pll1|clk[0] ; 20.000       ; -1.319     ; 0.543      ;
; 18.150 ; inf_rcv:inf_rcv_inst|inf_rcv_decoder:inf_rcv_decoder_inst|data[3] ; pic_rgb_gen:pic_rgb_gen_inst|direct_sig_ctrl:direct_sig_ctrl_inst|direct_reg.DOWN  ; sys_clk                                                    ; pll_25mhz_inst|altpll_component|auto_generated|pll1|clk[0] ; 20.000       ; -1.319     ; 0.468      ;
; 18.151 ; inf_rcv:inf_rcv_inst|inf_rcv_decoder:inf_rcv_decoder_inst|data[3] ; pic_rgb_gen:pic_rgb_gen_inst|direct_sig_ctrl:direct_sig_ctrl_inst|direct_reg.LEFT  ; sys_clk                                                    ; pll_25mhz_inst|altpll_component|auto_generated|pll1|clk[0] ; 20.000       ; -1.319     ; 0.467      ;
; 18.217 ; inf_rcv:inf_rcv_inst|inf_rcv_decoder:inf_rcv_decoder_inst|data[2] ; pic_rgb_gen:pic_rgb_gen_inst|direct_sig_ctrl:direct_sig_ctrl_inst|direct_reg.UP    ; sys_clk                                                    ; pll_25mhz_inst|altpll_component|auto_generated|pll1|clk[0] ; 20.000       ; -1.319     ; 0.401      ;
; 31.072 ; vga_ctrl:vga_ctrl_inst|cnt_h[7]                                   ; pic_rgb_gen:pic_rgb_gen_inst|address_b[4]                                          ; pll_25mhz_inst|altpll_component|auto_generated|pll1|clk[0] ; pll_25mhz_inst|altpll_component|auto_generated|pll1|clk[0] ; 40.000       ; -0.044     ; 8.871      ;
; 31.156 ; vga_ctrl:vga_ctrl_inst|cnt_h[6]                                   ; pic_rgb_gen:pic_rgb_gen_inst|address_b[4]                                          ; pll_25mhz_inst|altpll_component|auto_generated|pll1|clk[0] ; pll_25mhz_inst|altpll_component|auto_generated|pll1|clk[0] ; 40.000       ; -0.044     ; 8.787      ;
; 31.251 ; vga_ctrl:vga_ctrl_inst|cnt_h[2]                                   ; pic_rgb_gen:pic_rgb_gen_inst|address_b[4]                                          ; pll_25mhz_inst|altpll_component|auto_generated|pll1|clk[0] ; pll_25mhz_inst|altpll_component|auto_generated|pll1|clk[0] ; 40.000       ; -0.044     ; 8.692      ;
; 31.254 ; vga_ctrl:vga_ctrl_inst|cnt_h[4]                                   ; pic_rgb_gen:pic_rgb_gen_inst|address_b[4]                                          ; pll_25mhz_inst|altpll_component|auto_generated|pll1|clk[0] ; pll_25mhz_inst|altpll_component|auto_generated|pll1|clk[0] ; 40.000       ; -0.044     ; 8.689      ;
; 31.287 ; vga_ctrl:vga_ctrl_inst|cnt_v[5]                                   ; pic_rgb_gen:pic_rgb_gen_inst|address_b[4]                                          ; pll_25mhz_inst|altpll_component|auto_generated|pll1|clk[0] ; pll_25mhz_inst|altpll_component|auto_generated|pll1|clk[0] ; 40.000       ; -0.041     ; 8.659      ;
; 31.309 ; vga_ctrl:vga_ctrl_inst|cnt_h[5]                                   ; pic_rgb_gen:pic_rgb_gen_inst|address_b[4]                                          ; pll_25mhz_inst|altpll_component|auto_generated|pll1|clk[0] ; pll_25mhz_inst|altpll_component|auto_generated|pll1|clk[0] ; 40.000       ; -0.044     ; 8.634      ;
; 31.330 ; vga_ctrl:vga_ctrl_inst|cnt_h[0]                                   ; pic_rgb_gen:pic_rgb_gen_inst|address_b[4]                                          ; pll_25mhz_inst|altpll_component|auto_generated|pll1|clk[0] ; pll_25mhz_inst|altpll_component|auto_generated|pll1|clk[0] ; 40.000       ; -0.044     ; 8.613      ;
; 31.380 ; vga_ctrl:vga_ctrl_inst|cnt_v[7]                                   ; pic_rgb_gen:pic_rgb_gen_inst|address_b[4]                                          ; pll_25mhz_inst|altpll_component|auto_generated|pll1|clk[0] ; pll_25mhz_inst|altpll_component|auto_generated|pll1|clk[0] ; 40.000       ; -0.041     ; 8.566      ;
; 31.393 ; vga_ctrl:vga_ctrl_inst|cnt_h[1]                                   ; pic_rgb_gen:pic_rgb_gen_inst|address_b[4]                                          ; pll_25mhz_inst|altpll_component|auto_generated|pll1|clk[0] ; pll_25mhz_inst|altpll_component|auto_generated|pll1|clk[0] ; 40.000       ; -0.044     ; 8.550      ;
; 31.438 ; vga_ctrl:vga_ctrl_inst|cnt_v[1]                                   ; pic_rgb_gen:pic_rgb_gen_inst|address_b[4]                                          ; pll_25mhz_inst|altpll_component|auto_generated|pll1|clk[0] ; pll_25mhz_inst|altpll_component|auto_generated|pll1|clk[0] ; 40.000       ; -0.042     ; 8.507      ;
; 31.454 ; vga_ctrl:vga_ctrl_inst|cnt_h[3]                                   ; pic_rgb_gen:pic_rgb_gen_inst|address_b[4]                                          ; pll_25mhz_inst|altpll_component|auto_generated|pll1|clk[0] ; pll_25mhz_inst|altpll_component|auto_generated|pll1|clk[0] ; 40.000       ; -0.044     ; 8.489      ;
; 31.467 ; vga_ctrl:vga_ctrl_inst|cnt_v[8]                                   ; pic_rgb_gen:pic_rgb_gen_inst|address_b[4]                                          ; pll_25mhz_inst|altpll_component|auto_generated|pll1|clk[0] ; pll_25mhz_inst|altpll_component|auto_generated|pll1|clk[0] ; 40.000       ; -0.041     ; 8.479      ;
; 31.475 ; vga_ctrl:vga_ctrl_inst|cnt_v[2]                                   ; pic_rgb_gen:pic_rgb_gen_inst|address_b[4]                                          ; pll_25mhz_inst|altpll_component|auto_generated|pll1|clk[0] ; pll_25mhz_inst|altpll_component|auto_generated|pll1|clk[0] ; 40.000       ; -0.042     ; 8.470      ;
; 31.476 ; vga_ctrl:vga_ctrl_inst|cnt_v[4]                                   ; pic_rgb_gen:pic_rgb_gen_inst|address_b[4]                                          ; pll_25mhz_inst|altpll_component|auto_generated|pll1|clk[0] ; pll_25mhz_inst|altpll_component|auto_generated|pll1|clk[0] ; 40.000       ; -0.041     ; 8.470      ;
; 31.499 ; vga_ctrl:vga_ctrl_inst|cnt_v[3]                                   ; pic_rgb_gen:pic_rgb_gen_inst|address_b[4]                                          ; pll_25mhz_inst|altpll_component|auto_generated|pll1|clk[0] ; pll_25mhz_inst|altpll_component|auto_generated|pll1|clk[0] ; 40.000       ; -0.041     ; 8.447      ;
; 31.520 ; vga_ctrl:vga_ctrl_inst|cnt_v[6]                                   ; pic_rgb_gen:pic_rgb_gen_inst|address_b[4]                                          ; pll_25mhz_inst|altpll_component|auto_generated|pll1|clk[0] ; pll_25mhz_inst|altpll_component|auto_generated|pll1|clk[0] ; 40.000       ; -0.041     ; 8.426      ;
; 31.535 ; vga_ctrl:vga_ctrl_inst|cnt_v[0]                                   ; pic_rgb_gen:pic_rgb_gen_inst|address_b[4]                                          ; pll_25mhz_inst|altpll_component|auto_generated|pll1|clk[0] ; pll_25mhz_inst|altpll_component|auto_generated|pll1|clk[0] ; 40.000       ; -0.041     ; 8.411      ;
; 31.719 ; vga_ctrl:vga_ctrl_inst|cnt_v[9]                                   ; pic_rgb_gen:pic_rgb_gen_inst|address_b[4]                                          ; pll_25mhz_inst|altpll_component|auto_generated|pll1|clk[0] ; pll_25mhz_inst|altpll_component|auto_generated|pll1|clk[0] ; 40.000       ; -0.042     ; 8.226      ;
; 31.768 ; vga_ctrl:vga_ctrl_inst|cnt_h[9]                                   ; pic_rgb_gen:pic_rgb_gen_inst|address_b[4]                                          ; pll_25mhz_inst|altpll_component|auto_generated|pll1|clk[0] ; pll_25mhz_inst|altpll_component|auto_generated|pll1|clk[0] ; 40.000       ; -0.042     ; 8.177      ;
; 31.817 ; vga_ctrl:vga_ctrl_inst|cnt_h[7]                                   ; pic_rgb_gen:pic_rgb_gen_inst|address_b[0]                                          ; pll_25mhz_inst|altpll_component|auto_generated|pll1|clk[0] ; pll_25mhz_inst|altpll_component|auto_generated|pll1|clk[0] ; 40.000       ; -0.039     ; 8.131      ;
; 31.839 ; vga_ctrl:vga_ctrl_inst|cnt_h[8]                                   ; pic_rgb_gen:pic_rgb_gen_inst|address_b[4]                                          ; pll_25mhz_inst|altpll_component|auto_generated|pll1|clk[0] ; pll_25mhz_inst|altpll_component|auto_generated|pll1|clk[0] ; 40.000       ; -0.042     ; 8.106      ;
; 31.910 ; vga_ctrl:vga_ctrl_inst|cnt_h[6]                                   ; pic_rgb_gen:pic_rgb_gen_inst|address_b[0]                                          ; pll_25mhz_inst|altpll_component|auto_generated|pll1|clk[0] ; pll_25mhz_inst|altpll_component|auto_generated|pll1|clk[0] ; 40.000       ; -0.039     ; 8.038      ;
; 31.990 ; vga_ctrl:vga_ctrl_inst|cnt_v[5]                                   ; pic_rgb_gen:pic_rgb_gen_inst|address_b[0]                                          ; pll_25mhz_inst|altpll_component|auto_generated|pll1|clk[0] ; pll_25mhz_inst|altpll_component|auto_generated|pll1|clk[0] ; 40.000       ; -0.036     ; 7.961      ;
; 32.029 ; vga_ctrl:vga_ctrl_inst|cnt_h[4]                                   ; pic_rgb_gen:pic_rgb_gen_inst|address_b[0]                                          ; pll_25mhz_inst|altpll_component|auto_generated|pll1|clk[0] ; pll_25mhz_inst|altpll_component|auto_generated|pll1|clk[0] ; 40.000       ; -0.039     ; 7.919      ;
; 32.037 ; vga_ctrl:vga_ctrl_inst|cnt_h[7]                                   ; pic_rgb_gen:pic_rgb_gen_inst|address_b[5]                                          ; pll_25mhz_inst|altpll_component|auto_generated|pll1|clk[0] ; pll_25mhz_inst|altpll_component|auto_generated|pll1|clk[0] ; 40.000       ; -0.051     ; 7.899      ;
; 32.067 ; vga_ctrl:vga_ctrl_inst|cnt_h[2]                                   ; pic_rgb_gen:pic_rgb_gen_inst|address_b[0]                                          ; pll_25mhz_inst|altpll_component|auto_generated|pll1|clk[0] ; pll_25mhz_inst|altpll_component|auto_generated|pll1|clk[0] ; 40.000       ; -0.039     ; 7.881      ;
; 32.077 ; vga_ctrl:vga_ctrl_inst|cnt_h[5]                                   ; pic_rgb_gen:pic_rgb_gen_inst|address_b[0]                                          ; pll_25mhz_inst|altpll_component|auto_generated|pll1|clk[0] ; pll_25mhz_inst|altpll_component|auto_generated|pll1|clk[0] ; 40.000       ; -0.039     ; 7.871      ;
; 32.083 ; vga_ctrl:vga_ctrl_inst|cnt_v[7]                                   ; pic_rgb_gen:pic_rgb_gen_inst|address_b[0]                                          ; pll_25mhz_inst|altpll_component|auto_generated|pll1|clk[0] ; pll_25mhz_inst|altpll_component|auto_generated|pll1|clk[0] ; 40.000       ; -0.036     ; 7.868      ;
; 32.121 ; vga_ctrl:vga_ctrl_inst|cnt_h[6]                                   ; pic_rgb_gen:pic_rgb_gen_inst|address_b[5]                                          ; pll_25mhz_inst|altpll_component|auto_generated|pll1|clk[0] ; pll_25mhz_inst|altpll_component|auto_generated|pll1|clk[0] ; 40.000       ; -0.051     ; 7.815      ;
; 32.141 ; vga_ctrl:vga_ctrl_inst|cnt_v[1]                                   ; pic_rgb_gen:pic_rgb_gen_inst|address_b[0]                                          ; pll_25mhz_inst|altpll_component|auto_generated|pll1|clk[0] ; pll_25mhz_inst|altpll_component|auto_generated|pll1|clk[0] ; 40.000       ; -0.037     ; 7.809      ;
; 32.148 ; vga_ctrl:vga_ctrl_inst|cnt_h[0]                                   ; pic_rgb_gen:pic_rgb_gen_inst|address_b[0]                                          ; pll_25mhz_inst|altpll_component|auto_generated|pll1|clk[0] ; pll_25mhz_inst|altpll_component|auto_generated|pll1|clk[0] ; 40.000       ; -0.039     ; 7.800      ;
; 32.170 ; vga_ctrl:vga_ctrl_inst|cnt_v[8]                                   ; pic_rgb_gen:pic_rgb_gen_inst|address_b[0]                                          ; pll_25mhz_inst|altpll_component|auto_generated|pll1|clk[0] ; pll_25mhz_inst|altpll_component|auto_generated|pll1|clk[0] ; 40.000       ; -0.036     ; 7.781      ;
; 32.189 ; vga_ctrl:vga_ctrl_inst|cnt_v[4]                                   ; pic_rgb_gen:pic_rgb_gen_inst|address_b[0]                                          ; pll_25mhz_inst|altpll_component|auto_generated|pll1|clk[0] ; pll_25mhz_inst|altpll_component|auto_generated|pll1|clk[0] ; 40.000       ; -0.036     ; 7.762      ;
; 32.189 ; vga_ctrl:vga_ctrl_inst|cnt_v[2]                                   ; pic_rgb_gen:pic_rgb_gen_inst|address_b[0]                                          ; pll_25mhz_inst|altpll_component|auto_generated|pll1|clk[0] ; pll_25mhz_inst|altpll_component|auto_generated|pll1|clk[0] ; 40.000       ; -0.037     ; 7.761      ;
; 32.190 ; vga_ctrl:vga_ctrl_inst|cnt_h[1]                                   ; pic_rgb_gen:pic_rgb_gen_inst|address_b[0]                                          ; pll_25mhz_inst|altpll_component|auto_generated|pll1|clk[0] ; pll_25mhz_inst|altpll_component|auto_generated|pll1|clk[0] ; 40.000       ; -0.039     ; 7.758      ;
; 32.202 ; vga_ctrl:vga_ctrl_inst|cnt_v[3]                                   ; pic_rgb_gen:pic_rgb_gen_inst|address_b[0]                                          ; pll_25mhz_inst|altpll_component|auto_generated|pll1|clk[0] ; pll_25mhz_inst|altpll_component|auto_generated|pll1|clk[0] ; 40.000       ; -0.036     ; 7.749      ;
; 32.216 ; vga_ctrl:vga_ctrl_inst|cnt_h[2]                                   ; pic_rgb_gen:pic_rgb_gen_inst|address_b[5]                                          ; pll_25mhz_inst|altpll_component|auto_generated|pll1|clk[0] ; pll_25mhz_inst|altpll_component|auto_generated|pll1|clk[0] ; 40.000       ; -0.051     ; 7.720      ;
; 32.219 ; vga_ctrl:vga_ctrl_inst|cnt_h[4]                                   ; pic_rgb_gen:pic_rgb_gen_inst|address_b[5]                                          ; pll_25mhz_inst|altpll_component|auto_generated|pll1|clk[0] ; pll_25mhz_inst|altpll_component|auto_generated|pll1|clk[0] ; 40.000       ; -0.051     ; 7.717      ;
; 32.223 ; vga_ctrl:vga_ctrl_inst|cnt_v[6]                                   ; pic_rgb_gen:pic_rgb_gen_inst|address_b[0]                                          ; pll_25mhz_inst|altpll_component|auto_generated|pll1|clk[0] ; pll_25mhz_inst|altpll_component|auto_generated|pll1|clk[0] ; 40.000       ; -0.036     ; 7.728      ;
; 32.238 ; vga_ctrl:vga_ctrl_inst|cnt_v[0]                                   ; pic_rgb_gen:pic_rgb_gen_inst|address_b[0]                                          ; pll_25mhz_inst|altpll_component|auto_generated|pll1|clk[0] ; pll_25mhz_inst|altpll_component|auto_generated|pll1|clk[0] ; 40.000       ; -0.036     ; 7.713      ;
; 32.239 ; vga_ctrl:vga_ctrl_inst|cnt_h[3]                                   ; pic_rgb_gen:pic_rgb_gen_inst|address_b[0]                                          ; pll_25mhz_inst|altpll_component|auto_generated|pll1|clk[0] ; pll_25mhz_inst|altpll_component|auto_generated|pll1|clk[0] ; 40.000       ; -0.039     ; 7.709      ;
; 32.246 ; vga_ctrl:vga_ctrl_inst|cnt_v[5]                                   ; pic_rgb_gen:pic_rgb_gen_inst|address_b[5]                                          ; pll_25mhz_inst|altpll_component|auto_generated|pll1|clk[0] ; pll_25mhz_inst|altpll_component|auto_generated|pll1|clk[0] ; 40.000       ; -0.048     ; 7.693      ;
; 32.274 ; vga_ctrl:vga_ctrl_inst|cnt_h[5]                                   ; pic_rgb_gen:pic_rgb_gen_inst|address_b[5]                                          ; pll_25mhz_inst|altpll_component|auto_generated|pll1|clk[0] ; pll_25mhz_inst|altpll_component|auto_generated|pll1|clk[0] ; 40.000       ; -0.051     ; 7.662      ;
; 32.295 ; vga_ctrl:vga_ctrl_inst|cnt_h[0]                                   ; pic_rgb_gen:pic_rgb_gen_inst|address_b[5]                                          ; pll_25mhz_inst|altpll_component|auto_generated|pll1|clk[0] ; pll_25mhz_inst|altpll_component|auto_generated|pll1|clk[0] ; 40.000       ; -0.051     ; 7.641      ;
; 32.339 ; vga_ctrl:vga_ctrl_inst|cnt_v[7]                                   ; pic_rgb_gen:pic_rgb_gen_inst|address_b[5]                                          ; pll_25mhz_inst|altpll_component|auto_generated|pll1|clk[0] ; pll_25mhz_inst|altpll_component|auto_generated|pll1|clk[0] ; 40.000       ; -0.048     ; 7.600      ;
; 32.358 ; vga_ctrl:vga_ctrl_inst|cnt_h[1]                                   ; pic_rgb_gen:pic_rgb_gen_inst|address_b[5]                                          ; pll_25mhz_inst|altpll_component|auto_generated|pll1|clk[0] ; pll_25mhz_inst|altpll_component|auto_generated|pll1|clk[0] ; 40.000       ; -0.051     ; 7.578      ;
; 32.397 ; vga_ctrl:vga_ctrl_inst|cnt_v[1]                                   ; pic_rgb_gen:pic_rgb_gen_inst|address_b[5]                                          ; pll_25mhz_inst|altpll_component|auto_generated|pll1|clk[0] ; pll_25mhz_inst|altpll_component|auto_generated|pll1|clk[0] ; 40.000       ; -0.049     ; 7.541      ;
; 32.419 ; vga_ctrl:vga_ctrl_inst|cnt_h[3]                                   ; pic_rgb_gen:pic_rgb_gen_inst|address_b[5]                                          ; pll_25mhz_inst|altpll_component|auto_generated|pll1|clk[0] ; pll_25mhz_inst|altpll_component|auto_generated|pll1|clk[0] ; 40.000       ; -0.051     ; 7.517      ;
; 32.426 ; vga_ctrl:vga_ctrl_inst|cnt_v[8]                                   ; pic_rgb_gen:pic_rgb_gen_inst|address_b[5]                                          ; pll_25mhz_inst|altpll_component|auto_generated|pll1|clk[0] ; pll_25mhz_inst|altpll_component|auto_generated|pll1|clk[0] ; 40.000       ; -0.048     ; 7.513      ;
; 32.435 ; vga_ctrl:vga_ctrl_inst|cnt_v[9]                                   ; pic_rgb_gen:pic_rgb_gen_inst|address_b[0]                                          ; pll_25mhz_inst|altpll_component|auto_generated|pll1|clk[0] ; pll_25mhz_inst|altpll_component|auto_generated|pll1|clk[0] ; 40.000       ; -0.037     ; 7.515      ;
; 32.440 ; vga_ctrl:vga_ctrl_inst|cnt_v[2]                                   ; pic_rgb_gen:pic_rgb_gen_inst|address_b[5]                                          ; pll_25mhz_inst|altpll_component|auto_generated|pll1|clk[0] ; pll_25mhz_inst|altpll_component|auto_generated|pll1|clk[0] ; 40.000       ; -0.049     ; 7.498      ;
; 32.441 ; vga_ctrl:vga_ctrl_inst|cnt_v[4]                                   ; pic_rgb_gen:pic_rgb_gen_inst|address_b[5]                                          ; pll_25mhz_inst|altpll_component|auto_generated|pll1|clk[0] ; pll_25mhz_inst|altpll_component|auto_generated|pll1|clk[0] ; 40.000       ; -0.048     ; 7.498      ;
; 32.458 ; vga_ctrl:vga_ctrl_inst|cnt_v[3]                                   ; pic_rgb_gen:pic_rgb_gen_inst|address_b[5]                                          ; pll_25mhz_inst|altpll_component|auto_generated|pll1|clk[0] ; pll_25mhz_inst|altpll_component|auto_generated|pll1|clk[0] ; 40.000       ; -0.048     ; 7.481      ;
; 32.479 ; vga_ctrl:vga_ctrl_inst|cnt_v[6]                                   ; pic_rgb_gen:pic_rgb_gen_inst|address_b[5]                                          ; pll_25mhz_inst|altpll_component|auto_generated|pll1|clk[0] ; pll_25mhz_inst|altpll_component|auto_generated|pll1|clk[0] ; 40.000       ; -0.048     ; 7.460      ;
; 32.494 ; vga_ctrl:vga_ctrl_inst|cnt_v[0]                                   ; pic_rgb_gen:pic_rgb_gen_inst|address_b[5]                                          ; pll_25mhz_inst|altpll_component|auto_generated|pll1|clk[0] ; pll_25mhz_inst|altpll_component|auto_generated|pll1|clk[0] ; 40.000       ; -0.048     ; 7.445      ;
; 32.525 ; vga_ctrl:vga_ctrl_inst|cnt_h[9]                                   ; pic_rgb_gen:pic_rgb_gen_inst|address_b[0]                                          ; pll_25mhz_inst|altpll_component|auto_generated|pll1|clk[0] ; pll_25mhz_inst|altpll_component|auto_generated|pll1|clk[0] ; 40.000       ; -0.037     ; 7.425      ;
; 32.586 ; vga_ctrl:vga_ctrl_inst|cnt_h[8]                                   ; pic_rgb_gen:pic_rgb_gen_inst|address_b[0]                                          ; pll_25mhz_inst|altpll_component|auto_generated|pll1|clk[0] ; pll_25mhz_inst|altpll_component|auto_generated|pll1|clk[0] ; 40.000       ; -0.037     ; 7.364      ;
; 32.684 ; vga_ctrl:vga_ctrl_inst|cnt_v[9]                                   ; pic_rgb_gen:pic_rgb_gen_inst|address_b[5]                                          ; pll_25mhz_inst|altpll_component|auto_generated|pll1|clk[0] ; pll_25mhz_inst|altpll_component|auto_generated|pll1|clk[0] ; 40.000       ; -0.049     ; 7.254      ;
; 32.733 ; vga_ctrl:vga_ctrl_inst|cnt_h[9]                                   ; pic_rgb_gen:pic_rgb_gen_inst|address_b[5]                                          ; pll_25mhz_inst|altpll_component|auto_generated|pll1|clk[0] ; pll_25mhz_inst|altpll_component|auto_generated|pll1|clk[0] ; 40.000       ; -0.049     ; 7.205      ;
; 32.788 ; vga_ctrl:vga_ctrl_inst|cnt_h[7]                                   ; pic_rgb_gen:pic_rgb_gen_inst|address_b[1]                                          ; pll_25mhz_inst|altpll_component|auto_generated|pll1|clk[0] ; pll_25mhz_inst|altpll_component|auto_generated|pll1|clk[0] ; 40.000       ; -0.041     ; 7.158      ;
; 32.804 ; vga_ctrl:vga_ctrl_inst|cnt_h[8]                                   ; pic_rgb_gen:pic_rgb_gen_inst|address_b[5]                                          ; pll_25mhz_inst|altpll_component|auto_generated|pll1|clk[0] ; pll_25mhz_inst|altpll_component|auto_generated|pll1|clk[0] ; 40.000       ; -0.049     ; 7.134      ;
; 32.881 ; vga_ctrl:vga_ctrl_inst|cnt_h[6]                                   ; pic_rgb_gen:pic_rgb_gen_inst|address_b[1]                                          ; pll_25mhz_inst|altpll_component|auto_generated|pll1|clk[0] ; pll_25mhz_inst|altpll_component|auto_generated|pll1|clk[0] ; 40.000       ; -0.041     ; 7.065      ;
; 32.961 ; vga_ctrl:vga_ctrl_inst|cnt_v[5]                                   ; pic_rgb_gen:pic_rgb_gen_inst|address_b[1]                                          ; pll_25mhz_inst|altpll_component|auto_generated|pll1|clk[0] ; pll_25mhz_inst|altpll_component|auto_generated|pll1|clk[0] ; 40.000       ; -0.038     ; 6.988      ;
; 33.000 ; vga_ctrl:vga_ctrl_inst|cnt_h[4]                                   ; pic_rgb_gen:pic_rgb_gen_inst|address_b[1]                                          ; pll_25mhz_inst|altpll_component|auto_generated|pll1|clk[0] ; pll_25mhz_inst|altpll_component|auto_generated|pll1|clk[0] ; 40.000       ; -0.041     ; 6.946      ;
; 33.038 ; vga_ctrl:vga_ctrl_inst|cnt_h[2]                                   ; pic_rgb_gen:pic_rgb_gen_inst|address_b[1]                                          ; pll_25mhz_inst|altpll_component|auto_generated|pll1|clk[0] ; pll_25mhz_inst|altpll_component|auto_generated|pll1|clk[0] ; 40.000       ; -0.041     ; 6.908      ;
; 33.048 ; vga_ctrl:vga_ctrl_inst|cnt_h[5]                                   ; pic_rgb_gen:pic_rgb_gen_inst|address_b[1]                                          ; pll_25mhz_inst|altpll_component|auto_generated|pll1|clk[0] ; pll_25mhz_inst|altpll_component|auto_generated|pll1|clk[0] ; 40.000       ; -0.041     ; 6.898      ;
; 33.054 ; vga_ctrl:vga_ctrl_inst|cnt_v[7]                                   ; pic_rgb_gen:pic_rgb_gen_inst|address_b[1]                                          ; pll_25mhz_inst|altpll_component|auto_generated|pll1|clk[0] ; pll_25mhz_inst|altpll_component|auto_generated|pll1|clk[0] ; 40.000       ; -0.038     ; 6.895      ;
; 33.112 ; vga_ctrl:vga_ctrl_inst|cnt_v[1]                                   ; pic_rgb_gen:pic_rgb_gen_inst|address_b[1]                                          ; pll_25mhz_inst|altpll_component|auto_generated|pll1|clk[0] ; pll_25mhz_inst|altpll_component|auto_generated|pll1|clk[0] ; 40.000       ; -0.039     ; 6.836      ;
+--------+-------------------------------------------------------------------+------------------------------------------------------------------------------------+------------------------------------------------------------+------------------------------------------------------------+--------------+------------+------------+


+----------------------------------------------------------------------------------------------------------------------------------------------------------------------------------------------------------------------------------------------------------------------------------------------------------------------------------------------------------------------------------------------------------------------------------------------------------------------------------------------------------------------------------------------------------------------+
; Fast 1200mV 0C Model Hold: 'pll_25mhz_inst|altpll_component|auto_generated|pll1|clk[0]'                                                                                                                                                                                                                                                                                                                                                                                                                                                                              ;
+-------+--------------------------------------------------------------------------------------------------------------------------------------------------------------------------+----------------------------------------------------------------------------------------------------------------------------------------------------------------------------------------------------------------+------------------------------------------------------------+------------------------------------------------------------+--------------+------------+------------+
; Slack ; From Node                                                                                                                                                                ; To Node                                                                                                                                                                                                        ; Launch Clock                                               ; Latch Clock                                                ; Relationship ; Clock Skew ; Data Delay ;
+-------+--------------------------------------------------------------------------------------------------------------------------------------------------------------------------+----------------------------------------------------------------------------------------------------------------------------------------------------------------------------------------------------------------+------------------------------------------------------------+------------------------------------------------------------+--------------+------------+------------+
; 0.137 ; pic_rgb_gen:pic_rgb_gen_inst|pi_data[0]                                                                                                                                  ; pic_rgb_gen:pic_rgb_gen_inst|fifo_256x8:fifo_256x8_inst|scfifo:scfifo_component|scfifo_ov21:auto_generated|a_dpfifo_v531:dpfifo|dpram_4711:FIFOram|altsyncram_q0k1:altsyncram1|ram_block2a0~porta_datain_reg0  ; pll_25mhz_inst|altpll_component|auto_generated|pll1|clk[0] ; pll_25mhz_inst|altpll_component|auto_generated|pll1|clk[0] ; 0.000        ; 0.227      ; 0.468      ;
; 0.144 ; pic_rgb_gen:pic_rgb_gen_inst|pi_data[3]                                                                                                                                  ; pic_rgb_gen:pic_rgb_gen_inst|fifo_256x8:fifo_256x8_inst|scfifo:scfifo_component|scfifo_ov21:auto_generated|a_dpfifo_v531:dpfifo|dpram_4711:FIFOram|altsyncram_q0k1:altsyncram1|ram_block2a0~porta_datain_reg0  ; pll_25mhz_inst|altpll_component|auto_generated|pll1|clk[0] ; pll_25mhz_inst|altpll_component|auto_generated|pll1|clk[0] ; 0.000        ; 0.227      ; 0.475      ;
; 0.145 ; pic_rgb_gen:pic_rgb_gen_inst|pi_data[2]                                                                                                                                  ; pic_rgb_gen:pic_rgb_gen_inst|fifo_256x8:fifo_256x8_inst|scfifo:scfifo_component|scfifo_ov21:auto_generated|a_dpfifo_v531:dpfifo|dpram_4711:FIFOram|altsyncram_q0k1:altsyncram1|ram_block2a0~porta_datain_reg0  ; pll_25mhz_inst|altpll_component|auto_generated|pll1|clk[0] ; pll_25mhz_inst|altpll_component|auto_generated|pll1|clk[0] ; 0.000        ; 0.227      ; 0.476      ;
; 0.146 ; pic_rgb_gen:pic_rgb_gen_inst|pi_data[5]                                                                                                                                  ; pic_rgb_gen:pic_rgb_gen_inst|fifo_256x8:fifo_256x8_inst|scfifo:scfifo_component|scfifo_ov21:auto_generated|a_dpfifo_v531:dpfifo|dpram_4711:FIFOram|altsyncram_q0k1:altsyncram1|ram_block2a0~porta_datain_reg0  ; pll_25mhz_inst|altpll_component|auto_generated|pll1|clk[0] ; pll_25mhz_inst|altpll_component|auto_generated|pll1|clk[0] ; 0.000        ; 0.227      ; 0.477      ;
; 0.149 ; pic_rgb_gen:pic_rgb_gen_inst|fifo_256x8:fifo_256x8_inst|scfifo:scfifo_component|scfifo_ov21:auto_generated|a_dpfifo_v531:dpfifo|cntr_3ob:wr_ptr|counter_reg_bit[0]       ; pic_rgb_gen:pic_rgb_gen_inst|fifo_256x8:fifo_256x8_inst|scfifo:scfifo_component|scfifo_ov21:auto_generated|a_dpfifo_v531:dpfifo|dpram_4711:FIFOram|altsyncram_q0k1:altsyncram1|ram_block2a0~porta_address_reg0 ; pll_25mhz_inst|altpll_component|auto_generated|pll1|clk[0] ; pll_25mhz_inst|altpll_component|auto_generated|pll1|clk[0] ; 0.000        ; 0.219      ; 0.472      ;
; 0.150 ; pic_rgb_gen:pic_rgb_gen_inst|pi_data[4]                                                                                                                                  ; pic_rgb_gen:pic_rgb_gen_inst|fifo_256x8:fifo_256x8_inst|scfifo:scfifo_component|scfifo_ov21:auto_generated|a_dpfifo_v531:dpfifo|dpram_4711:FIFOram|altsyncram_q0k1:altsyncram1|ram_block2a0~porta_datain_reg0  ; pll_25mhz_inst|altpll_component|auto_generated|pll1|clk[0] ; pll_25mhz_inst|altpll_component|auto_generated|pll1|clk[0] ; 0.000        ; 0.227      ; 0.481      ;
; 0.151 ; pic_rgb_gen:pic_rgb_gen_inst|address_b[6]                                                                                                                                ; pic_rgb_gen:pic_rgb_gen_inst|ram_256x2:ram_256x2_inst|altsyncram:altsyncram_component|altsyncram_qbh2:auto_generated|ram_block1a0~portb_address_reg0                                                           ; pll_25mhz_inst|altpll_component|auto_generated|pll1|clk[0] ; pll_25mhz_inst|altpll_component|auto_generated|pll1|clk[0] ; 0.000        ; 0.231      ; 0.486      ;
; 0.153 ; pic_rgb_gen:pic_rgb_gen_inst|address_b[0]                                                                                                                                ; pic_rgb_gen:pic_rgb_gen_inst|ram_256x2:ram_256x2_inst|altsyncram:altsyncram_component|altsyncram_qbh2:auto_generated|ram_block1a0~portb_address_reg0                                                           ; pll_25mhz_inst|altpll_component|auto_generated|pll1|clk[0] ; pll_25mhz_inst|altpll_component|auto_generated|pll1|clk[0] ; 0.000        ; 0.219      ; 0.476      ;
; 0.156 ; pic_rgb_gen:pic_rgb_gen_inst|fifo_256x8:fifo_256x8_inst|scfifo:scfifo_component|scfifo_ov21:auto_generated|a_dpfifo_v531:dpfifo|cntr_3ob:wr_ptr|counter_reg_bit[2]       ; pic_rgb_gen:pic_rgb_gen_inst|fifo_256x8:fifo_256x8_inst|scfifo:scfifo_component|scfifo_ov21:auto_generated|a_dpfifo_v531:dpfifo|dpram_4711:FIFOram|altsyncram_q0k1:altsyncram1|ram_block2a0~porta_address_reg0 ; pll_25mhz_inst|altpll_component|auto_generated|pll1|clk[0] ; pll_25mhz_inst|altpll_component|auto_generated|pll1|clk[0] ; 0.000        ; 0.219      ; 0.479      ;
; 0.156 ; pic_rgb_gen:pic_rgb_gen_inst|pi_data[1]                                                                                                                                  ; pic_rgb_gen:pic_rgb_gen_inst|fifo_256x8:fifo_256x8_inst|scfifo:scfifo_component|scfifo_ov21:auto_generated|a_dpfifo_v531:dpfifo|dpram_4711:FIFOram|altsyncram_q0k1:altsyncram1|ram_block2a0~porta_datain_reg0  ; pll_25mhz_inst|altpll_component|auto_generated|pll1|clk[0] ; pll_25mhz_inst|altpll_component|auto_generated|pll1|clk[0] ; 0.000        ; 0.227      ; 0.487      ;
; 0.156 ; pic_rgb_gen:pic_rgb_gen_inst|pi_data[7]                                                                                                                                  ; pic_rgb_gen:pic_rgb_gen_inst|fifo_256x8:fifo_256x8_inst|scfifo:scfifo_component|scfifo_ov21:auto_generated|a_dpfifo_v531:dpfifo|dpram_4711:FIFOram|altsyncram_q0k1:altsyncram1|ram_block2a0~porta_datain_reg0  ; pll_25mhz_inst|altpll_component|auto_generated|pll1|clk[0] ; pll_25mhz_inst|altpll_component|auto_generated|pll1|clk[0] ; 0.000        ; 0.227      ; 0.487      ;
; 0.160 ; pic_rgb_gen:pic_rgb_gen_inst|pi_data[6]                                                                                                                                  ; pic_rgb_gen:pic_rgb_gen_inst|fifo_256x8:fifo_256x8_inst|scfifo:scfifo_component|scfifo_ov21:auto_generated|a_dpfifo_v531:dpfifo|dpram_4711:FIFOram|altsyncram_q0k1:altsyncram1|ram_block2a0~porta_datain_reg0  ; pll_25mhz_inst|altpll_component|auto_generated|pll1|clk[0] ; pll_25mhz_inst|altpll_component|auto_generated|pll1|clk[0] ; 0.000        ; 0.227      ; 0.491      ;
; 0.161 ; pic_rgb_gen:pic_rgb_gen_inst|address_b[5]                                                                                                                                ; pic_rgb_gen:pic_rgb_gen_inst|ram_256x2:ram_256x2_inst|altsyncram:altsyncram_component|altsyncram_qbh2:auto_generated|ram_block1a0~portb_address_reg0                                                           ; pll_25mhz_inst|altpll_component|auto_generated|pll1|clk[0] ; pll_25mhz_inst|altpll_component|auto_generated|pll1|clk[0] ; 0.000        ; 0.231      ; 0.496      ;
; 0.168 ; pic_rgb_gen:pic_rgb_gen_inst|address_b[2]                                                                                                                                ; pic_rgb_gen:pic_rgb_gen_inst|ram_256x2:ram_256x2_inst|altsyncram:altsyncram_component|altsyncram_qbh2:auto_generated|ram_block1a0~portb_address_reg0                                                           ; pll_25mhz_inst|altpll_component|auto_generated|pll1|clk[0] ; pll_25mhz_inst|altpll_component|auto_generated|pll1|clk[0] ; 0.000        ; 0.221      ; 0.493      ;
; 0.171 ; pic_rgb_gen:pic_rgb_gen_inst|address_b[3]                                                                                                                                ; pic_rgb_gen:pic_rgb_gen_inst|ram_256x2:ram_256x2_inst|altsyncram:altsyncram_component|altsyncram_qbh2:auto_generated|ram_block1a0~portb_address_reg0                                                           ; pll_25mhz_inst|altpll_component|auto_generated|pll1|clk[0] ; pll_25mhz_inst|altpll_component|auto_generated|pll1|clk[0] ; 0.000        ; 0.221      ; 0.496      ;
; 0.172 ; pic_rgb_gen:pic_rgb_gen_inst|address_b[1]                                                                                                                                ; pic_rgb_gen:pic_rgb_gen_inst|ram_256x2:ram_256x2_inst|altsyncram:altsyncram_component|altsyncram_qbh2:auto_generated|ram_block1a0~portb_address_reg0                                                           ; pll_25mhz_inst|altpll_component|auto_generated|pll1|clk[0] ; pll_25mhz_inst|altpll_component|auto_generated|pll1|clk[0] ; 0.000        ; 0.221      ; 0.497      ;
; 0.172 ; pic_rgb_gen:pic_rgb_gen_inst|fifo_256x8:fifo_256x8_inst|scfifo:scfifo_component|scfifo_ov21:auto_generated|a_dpfifo_v531:dpfifo|cntr_3ob:wr_ptr|counter_reg_bit[1]       ; pic_rgb_gen:pic_rgb_gen_inst|fifo_256x8:fifo_256x8_inst|scfifo:scfifo_component|scfifo_ov21:auto_generated|a_dpfifo_v531:dpfifo|dpram_4711:FIFOram|altsyncram_q0k1:altsyncram1|ram_block2a0~porta_address_reg0 ; pll_25mhz_inst|altpll_component|auto_generated|pll1|clk[0] ; pll_25mhz_inst|altpll_component|auto_generated|pll1|clk[0] ; 0.000        ; 0.219      ; 0.495      ;
; 0.174 ; pic_rgb_gen:pic_rgb_gen_inst|fifo_256x8:fifo_256x8_inst|scfifo:scfifo_component|scfifo_ov21:auto_generated|a_dpfifo_v531:dpfifo|cntr_3ob:wr_ptr|counter_reg_bit[3]       ; pic_rgb_gen:pic_rgb_gen_inst|fifo_256x8:fifo_256x8_inst|scfifo:scfifo_component|scfifo_ov21:auto_generated|a_dpfifo_v531:dpfifo|dpram_4711:FIFOram|altsyncram_q0k1:altsyncram1|ram_block2a0~porta_address_reg0 ; pll_25mhz_inst|altpll_component|auto_generated|pll1|clk[0] ; pll_25mhz_inst|altpll_component|auto_generated|pll1|clk[0] ; 0.000        ; 0.219      ; 0.497      ;
; 0.186 ; vga_ctrl:vga_ctrl_inst|cnt_v[1]                                                                                                                                          ; vga_ctrl:vga_ctrl_inst|cnt_v[1]                                                                                                                                                                                ; pll_25mhz_inst|altpll_component|auto_generated|pll1|clk[0] ; pll_25mhz_inst|altpll_component|auto_generated|pll1|clk[0] ; 0.000        ; 0.037      ; 0.307      ;
; 0.186 ; vga_ctrl:vga_ctrl_inst|cnt_v[2]                                                                                                                                          ; vga_ctrl:vga_ctrl_inst|cnt_v[2]                                                                                                                                                                                ; pll_25mhz_inst|altpll_component|auto_generated|pll1|clk[0] ; pll_25mhz_inst|altpll_component|auto_generated|pll1|clk[0] ; 0.000        ; 0.037      ; 0.307      ;
; 0.186 ; vga_ctrl:vga_ctrl_inst|cnt_v[3]                                                                                                                                          ; vga_ctrl:vga_ctrl_inst|cnt_v[3]                                                                                                                                                                                ; pll_25mhz_inst|altpll_component|auto_generated|pll1|clk[0] ; pll_25mhz_inst|altpll_component|auto_generated|pll1|clk[0] ; 0.000        ; 0.037      ; 0.307      ;
; 0.186 ; vga_ctrl:vga_ctrl_inst|cnt_v[4]                                                                                                                                          ; vga_ctrl:vga_ctrl_inst|cnt_v[4]                                                                                                                                                                                ; pll_25mhz_inst|altpll_component|auto_generated|pll1|clk[0] ; pll_25mhz_inst|altpll_component|auto_generated|pll1|clk[0] ; 0.000        ; 0.037      ; 0.307      ;
; 0.186 ; vga_ctrl:vga_ctrl_inst|cnt_v[5]                                                                                                                                          ; vga_ctrl:vga_ctrl_inst|cnt_v[5]                                                                                                                                                                                ; pll_25mhz_inst|altpll_component|auto_generated|pll1|clk[0] ; pll_25mhz_inst|altpll_component|auto_generated|pll1|clk[0] ; 0.000        ; 0.037      ; 0.307      ;
; 0.186 ; vga_ctrl:vga_ctrl_inst|cnt_v[6]                                                                                                                                          ; vga_ctrl:vga_ctrl_inst|cnt_v[6]                                                                                                                                                                                ; pll_25mhz_inst|altpll_component|auto_generated|pll1|clk[0] ; pll_25mhz_inst|altpll_component|auto_generated|pll1|clk[0] ; 0.000        ; 0.037      ; 0.307      ;
; 0.186 ; vga_ctrl:vga_ctrl_inst|cnt_v[7]                                                                                                                                          ; vga_ctrl:vga_ctrl_inst|cnt_v[7]                                                                                                                                                                                ; pll_25mhz_inst|altpll_component|auto_generated|pll1|clk[0] ; pll_25mhz_inst|altpll_component|auto_generated|pll1|clk[0] ; 0.000        ; 0.037      ; 0.307      ;
; 0.186 ; vga_ctrl:vga_ctrl_inst|cnt_v[8]                                                                                                                                          ; vga_ctrl:vga_ctrl_inst|cnt_v[8]                                                                                                                                                                                ; pll_25mhz_inst|altpll_component|auto_generated|pll1|clk[0] ; pll_25mhz_inst|altpll_component|auto_generated|pll1|clk[0] ; 0.000        ; 0.037      ; 0.307      ;
; 0.186 ; vga_ctrl:vga_ctrl_inst|cnt_v[9]                                                                                                                                          ; vga_ctrl:vga_ctrl_inst|cnt_v[9]                                                                                                                                                                                ; pll_25mhz_inst|altpll_component|auto_generated|pll1|clk[0] ; pll_25mhz_inst|altpll_component|auto_generated|pll1|clk[0] ; 0.000        ; 0.037      ; 0.307      ;
; 0.186 ; vga_ctrl:vga_ctrl_inst|cnt_v[0]                                                                                                                                          ; vga_ctrl:vga_ctrl_inst|cnt_v[0]                                                                                                                                                                                ; pll_25mhz_inst|altpll_component|auto_generated|pll1|clk[0] ; pll_25mhz_inst|altpll_component|auto_generated|pll1|clk[0] ; 0.000        ; 0.037      ; 0.307      ;
; 0.186 ; pic_rgb_gen:pic_rgb_gen_inst|new_head_y[0]                                                                                                                               ; pic_rgb_gen:pic_rgb_gen_inst|new_head_y[0]                                                                                                                                                                     ; pll_25mhz_inst|altpll_component|auto_generated|pll1|clk[0] ; pll_25mhz_inst|altpll_component|auto_generated|pll1|clk[0] ; 0.000        ; 0.037      ; 0.307      ;
; 0.186 ; pic_rgb_gen:pic_rgb_gen_inst|new_head_x[0]                                                                                                                               ; pic_rgb_gen:pic_rgb_gen_inst|new_head_x[0]                                                                                                                                                                     ; pll_25mhz_inst|altpll_component|auto_generated|pll1|clk[0] ; pll_25mhz_inst|altpll_component|auto_generated|pll1|clk[0] ; 0.000        ; 0.037      ; 0.307      ;
; 0.187 ; pic_rgb_gen:pic_rgb_gen_inst|pre_game                                                                                                                                    ; pic_rgb_gen:pic_rgb_gen_inst|pre_game                                                                                                                                                                          ; pll_25mhz_inst|altpll_component|auto_generated|pll1|clk[0] ; pll_25mhz_inst|altpll_component|auto_generated|pll1|clk[0] ; 0.000        ; 0.036      ; 0.307      ;
; 0.187 ; pic_rgb_gen:pic_rgb_gen_inst|state.IDLE                                                                                                                                  ; pic_rgb_gen:pic_rgb_gen_inst|state.IDLE                                                                                                                                                                        ; pll_25mhz_inst|altpll_component|auto_generated|pll1|clk[0] ; pll_25mhz_inst|altpll_component|auto_generated|pll1|clk[0] ; 0.000        ; 0.036      ; 0.307      ;
; 0.187 ; pic_rgb_gen:pic_rgb_gen_inst|state.GENF                                                                                                                                  ; pic_rgb_gen:pic_rgb_gen_inst|state.GENF                                                                                                                                                                        ; pll_25mhz_inst|altpll_component|auto_generated|pll1|clk[0] ; pll_25mhz_inst|altpll_component|auto_generated|pll1|clk[0] ; 0.000        ; 0.036      ; 0.307      ;
; 0.187 ; pic_rgb_gen:pic_rgb_gen_inst|death                                                                                                                                       ; pic_rgb_gen:pic_rgb_gen_inst|death                                                                                                                                                                             ; pll_25mhz_inst|altpll_component|auto_generated|pll1|clk[0] ; pll_25mhz_inst|altpll_component|auto_generated|pll1|clk[0] ; 0.000        ; 0.036      ; 0.307      ;
; 0.187 ; pic_rgb_gen:pic_rgb_gen_inst|prbs32_to_8:prbs32_to_8_inst|lfsr_reg[0]                                                                                                    ; pic_rgb_gen:pic_rgb_gen_inst|prbs32_to_8:prbs32_to_8_inst|lfsr_reg[0]                                                                                                                                          ; pll_25mhz_inst|altpll_component|auto_generated|pll1|clk[0] ; pll_25mhz_inst|altpll_component|auto_generated|pll1|clk[0] ; 0.000        ; 0.036      ; 0.307      ;
; 0.187 ; pic_rgb_gen:pic_rgb_gen_inst|fifo_256x8:fifo_256x8_inst|scfifo:scfifo_component|scfifo_ov21:auto_generated|a_dpfifo_v531:dpfifo|a_fefifo_18e:fifo_state|b_full           ; pic_rgb_gen:pic_rgb_gen_inst|fifo_256x8:fifo_256x8_inst|scfifo:scfifo_component|scfifo_ov21:auto_generated|a_dpfifo_v531:dpfifo|a_fefifo_18e:fifo_state|b_full                                                 ; pll_25mhz_inst|altpll_component|auto_generated|pll1|clk[0] ; pll_25mhz_inst|altpll_component|auto_generated|pll1|clk[0] ; 0.000        ; 0.036      ; 0.307      ;
; 0.188 ; pic_rgb_gen:pic_rgb_gen_inst|fifo_256x8:fifo_256x8_inst|scfifo:scfifo_component|scfifo_ov21:auto_generated|a_dpfifo_v531:dpfifo|cntr_3ob:wr_ptr|counter_reg_bit[5]       ; pic_rgb_gen:pic_rgb_gen_inst|fifo_256x8:fifo_256x8_inst|scfifo:scfifo_component|scfifo_ov21:auto_generated|a_dpfifo_v531:dpfifo|dpram_4711:FIFOram|altsyncram_q0k1:altsyncram1|ram_block2a0~porta_address_reg0 ; pll_25mhz_inst|altpll_component|auto_generated|pll1|clk[0] ; pll_25mhz_inst|altpll_component|auto_generated|pll1|clk[0] ; 0.000        ; 0.219      ; 0.511      ;
; 0.191 ; pic_rgb_gen:pic_rgb_gen_inst|fifo_256x8:fifo_256x8_inst|scfifo:scfifo_component|scfifo_ov21:auto_generated|a_dpfifo_v531:dpfifo|cntr_3ob:rd_ptr_count|counter_reg_bit[3] ; pic_rgb_gen:pic_rgb_gen_inst|fifo_256x8:fifo_256x8_inst|scfifo:scfifo_component|scfifo_ov21:auto_generated|a_dpfifo_v531:dpfifo|dpram_4711:FIFOram|altsyncram_q0k1:altsyncram1|ram_block2a0~portb_address_reg0 ; pll_25mhz_inst|altpll_component|auto_generated|pll1|clk[0] ; pll_25mhz_inst|altpll_component|auto_generated|pll1|clk[0] ; 0.000        ; 0.182      ; 0.477      ;
; 0.191 ; pic_rgb_gen:pic_rgb_gen_inst|fifo_256x8:fifo_256x8_inst|scfifo:scfifo_component|scfifo_ov21:auto_generated|a_dpfifo_v531:dpfifo|cntr_3ob:rd_ptr_count|counter_reg_bit[7] ; pic_rgb_gen:pic_rgb_gen_inst|fifo_256x8:fifo_256x8_inst|scfifo:scfifo_component|scfifo_ov21:auto_generated|a_dpfifo_v531:dpfifo|dpram_4711:FIFOram|altsyncram_q0k1:altsyncram1|ram_block2a0~portb_address_reg0 ; pll_25mhz_inst|altpll_component|auto_generated|pll1|clk[0] ; pll_25mhz_inst|altpll_component|auto_generated|pll1|clk[0] ; 0.000        ; 0.182      ; 0.477      ;
; 0.192 ; pic_rgb_gen:pic_rgb_gen_inst|fifo_256x8:fifo_256x8_inst|scfifo:scfifo_component|scfifo_ov21:auto_generated|a_dpfifo_v531:dpfifo|cntr_3ob:rd_ptr_count|counter_reg_bit[1] ; pic_rgb_gen:pic_rgb_gen_inst|fifo_256x8:fifo_256x8_inst|scfifo:scfifo_component|scfifo_ov21:auto_generated|a_dpfifo_v531:dpfifo|dpram_4711:FIFOram|altsyncram_q0k1:altsyncram1|ram_block2a0~portb_address_reg0 ; pll_25mhz_inst|altpll_component|auto_generated|pll1|clk[0] ; pll_25mhz_inst|altpll_component|auto_generated|pll1|clk[0] ; 0.000        ; 0.182      ; 0.478      ;
; 0.193 ; pic_rgb_gen:pic_rgb_gen_inst|fifo_256x8:fifo_256x8_inst|scfifo:scfifo_component|scfifo_ov21:auto_generated|a_dpfifo_v531:dpfifo|cntr_3ob:rd_ptr_count|counter_reg_bit[5] ; pic_rgb_gen:pic_rgb_gen_inst|fifo_256x8:fifo_256x8_inst|scfifo:scfifo_component|scfifo_ov21:auto_generated|a_dpfifo_v531:dpfifo|dpram_4711:FIFOram|altsyncram_q0k1:altsyncram1|ram_block2a0~portb_address_reg0 ; pll_25mhz_inst|altpll_component|auto_generated|pll1|clk[0] ; pll_25mhz_inst|altpll_component|auto_generated|pll1|clk[0] ; 0.000        ; 0.182      ; 0.479      ;
; 0.194 ; pic_rgb_gen:pic_rgb_gen_inst|cnt_pre_addr[0]                                                                                                                             ; pic_rgb_gen:pic_rgb_gen_inst|cnt_pre_addr[0]                                                                                                                                                                   ; pll_25mhz_inst|altpll_component|auto_generated|pll1|clk[0] ; pll_25mhz_inst|altpll_component|auto_generated|pll1|clk[0] ; 0.000        ; 0.036      ; 0.314      ;
; 0.194 ; pic_rgb_gen:pic_rgb_gen_inst|lfsr_shift                                                                                                                                  ; pic_rgb_gen:pic_rgb_gen_inst|lfsr_shift                                                                                                                                                                        ; pll_25mhz_inst|altpll_component|auto_generated|pll1|clk[0] ; pll_25mhz_inst|altpll_component|auto_generated|pll1|clk[0] ; 0.000        ; 0.036      ; 0.314      ;
; 0.194 ; pic_rgb_gen:pic_rgb_gen_inst|prbs32_to_8:prbs32_to_8_inst|lfsr_reg[3]                                                                                                    ; pic_rgb_gen:pic_rgb_gen_inst|prbs32_to_8:prbs32_to_8_inst|lfsr_reg[4]                                                                                                                                          ; pll_25mhz_inst|altpll_component|auto_generated|pll1|clk[0] ; pll_25mhz_inst|altpll_component|auto_generated|pll1|clk[0] ; 0.000        ; 0.037      ; 0.315      ;
; 0.194 ; pic_rgb_gen:pic_rgb_gen_inst|prbs32_to_8:prbs32_to_8_inst|lfsr_reg[19]                                                                                                   ; pic_rgb_gen:pic_rgb_gen_inst|prbs32_to_8:prbs32_to_8_inst|lfsr_reg[20]                                                                                                                                         ; pll_25mhz_inst|altpll_component|auto_generated|pll1|clk[0] ; pll_25mhz_inst|altpll_component|auto_generated|pll1|clk[0] ; 0.000        ; 0.036      ; 0.314      ;
; 0.195 ; pic_rgb_gen:pic_rgb_gen_inst|prbs32_to_8:prbs32_to_8_inst|lfsr_reg[6]                                                                                                    ; pic_rgb_gen:pic_rgb_gen_inst|prbs32_to_8:prbs32_to_8_inst|lfsr_reg[7]                                                                                                                                          ; pll_25mhz_inst|altpll_component|auto_generated|pll1|clk[0] ; pll_25mhz_inst|altpll_component|auto_generated|pll1|clk[0] ; 0.000        ; 0.037      ; 0.316      ;
; 0.195 ; pic_rgb_gen:pic_rgb_gen_inst|prbs32_to_8:prbs32_to_8_inst|lfsr_reg[28]                                                                                                   ; pic_rgb_gen:pic_rgb_gen_inst|prbs32_to_8:prbs32_to_8_inst|lfsr_reg[29]                                                                                                                                         ; pll_25mhz_inst|altpll_component|auto_generated|pll1|clk[0] ; pll_25mhz_inst|altpll_component|auto_generated|pll1|clk[0] ; 0.000        ; 0.036      ; 0.315      ;
; 0.196 ; pic_rgb_gen:pic_rgb_gen_inst|fifo_256x8:fifo_256x8_inst|scfifo:scfifo_component|scfifo_ov21:auto_generated|a_dpfifo_v531:dpfifo|cntr_3ob:rd_ptr_count|counter_reg_bit[6] ; pic_rgb_gen:pic_rgb_gen_inst|fifo_256x8:fifo_256x8_inst|scfifo:scfifo_component|scfifo_ov21:auto_generated|a_dpfifo_v531:dpfifo|dpram_4711:FIFOram|altsyncram_q0k1:altsyncram1|ram_block2a0~portb_address_reg0 ; pll_25mhz_inst|altpll_component|auto_generated|pll1|clk[0] ; pll_25mhz_inst|altpll_component|auto_generated|pll1|clk[0] ; 0.000        ; 0.182      ; 0.482      ;
; 0.198 ; pic_rgb_gen:pic_rgb_gen_inst|state.LFSR                                                                                                                                  ; pic_rgb_gen:pic_rgb_gen_inst|lfsr_shift                                                                                                                                                                        ; pll_25mhz_inst|altpll_component|auto_generated|pll1|clk[0] ; pll_25mhz_inst|altpll_component|auto_generated|pll1|clk[0] ; 0.000        ; 0.036      ; 0.318      ;
; 0.199 ; pic_rgb_gen:pic_rgb_gen_inst|prbs32_to_8:prbs32_to_8_inst|lfsr_reg[26]                                                                                                   ; pic_rgb_gen:pic_rgb_gen_inst|seed[0]                                                                                                                                                                           ; pll_25mhz_inst|altpll_component|auto_generated|pll1|clk[0] ; pll_25mhz_inst|altpll_component|auto_generated|pll1|clk[0] ; 0.000        ; 0.036      ; 0.319      ;
; 0.200 ; pic_rgb_gen:pic_rgb_gen_inst|seed[5]                                                                                                                                     ; pic_rgb_gen:pic_rgb_gen_inst|prbs8bit:prbs8bit_inst|lfsr_reg[5]                                                                                                                                                ; pll_25mhz_inst|altpll_component|auto_generated|pll1|clk[0] ; pll_25mhz_inst|altpll_component|auto_generated|pll1|clk[0] ; 0.000        ; 0.037      ; 0.321      ;
; 0.201 ; pic_rgb_gen:pic_rgb_gen_inst|fifo_256x8:fifo_256x8_inst|scfifo:scfifo_component|scfifo_ov21:auto_generated|a_dpfifo_v531:dpfifo|cntr_3ob:rd_ptr_count|counter_reg_bit[0] ; pic_rgb_gen:pic_rgb_gen_inst|fifo_256x8:fifo_256x8_inst|scfifo:scfifo_component|scfifo_ov21:auto_generated|a_dpfifo_v531:dpfifo|dpram_4711:FIFOram|altsyncram_q0k1:altsyncram1|ram_block2a0~portb_address_reg0 ; pll_25mhz_inst|altpll_component|auto_generated|pll1|clk[0] ; pll_25mhz_inst|altpll_component|auto_generated|pll1|clk[0] ; 0.000        ; 0.182      ; 0.487      ;
; 0.205 ; pic_rgb_gen:pic_rgb_gen_inst|game_tick_dly2                                                                                                                              ; pic_rgb_gen:pic_rgb_gen_inst|pi_en                                                                                                                                                                             ; pll_25mhz_inst|altpll_component|auto_generated|pll1|clk[0] ; pll_25mhz_inst|altpll_component|auto_generated|pll1|clk[0] ; 0.000        ; 0.036      ; 0.325      ;
; 0.205 ; pic_rgb_gen:pic_rgb_gen_inst|pre_game_dly                                                                                                                                ; pic_rgb_gen:pic_rgb_gen_inst|state.IDLE                                                                                                                                                                        ; pll_25mhz_inst|altpll_component|auto_generated|pll1|clk[0] ; pll_25mhz_inst|altpll_component|auto_generated|pll1|clk[0] ; 0.000        ; 0.036      ; 0.325      ;
; 0.206 ; pic_rgb_gen:pic_rgb_gen_inst|prbs32_to_8:prbs32_to_8_inst|lfsr_reg[1]                                                                                                    ; pic_rgb_gen:pic_rgb_gen_inst|seed[2]                                                                                                                                                                           ; pll_25mhz_inst|altpll_component|auto_generated|pll1|clk[0] ; pll_25mhz_inst|altpll_component|auto_generated|pll1|clk[0] ; 0.000        ; 0.036      ; 0.326      ;
; 0.206 ; pic_rgb_gen:pic_rgb_gen_inst|prbs8bit:prbs8bit_inst|lfsr_reg[5]                                                                                                          ; pic_rgb_gen:pic_rgb_gen_inst|prbs8bit:prbs8bit_inst|lfsr_reg[6]                                                                                                                                                ; pll_25mhz_inst|altpll_component|auto_generated|pll1|clk[0] ; pll_25mhz_inst|altpll_component|auto_generated|pll1|clk[0] ; 0.000        ; 0.037      ; 0.327      ;
; 0.206 ; pic_rgb_gen:pic_rgb_gen_inst|prbs32_to_8:prbs32_to_8_inst|lfsr_reg[2]                                                                                                    ; pic_rgb_gen:pic_rgb_gen_inst|prbs32_to_8:prbs32_to_8_inst|lfsr_reg[0]                                                                                                                                          ; pll_25mhz_inst|altpll_component|auto_generated|pll1|clk[0] ; pll_25mhz_inst|altpll_component|auto_generated|pll1|clk[0] ; 0.000        ; 0.036      ; 0.326      ;
; 0.207 ; pic_rgb_gen:pic_rgb_gen_inst|prbs32_to_8:prbs32_to_8_inst|lfsr_reg[5]                                                                                                    ; pic_rgb_gen:pic_rgb_gen_inst|prbs32_to_8:prbs32_to_8_inst|lfsr_reg[6]                                                                                                                                          ; pll_25mhz_inst|altpll_component|auto_generated|pll1|clk[0] ; pll_25mhz_inst|altpll_component|auto_generated|pll1|clk[0] ; 0.000        ; 0.037      ; 0.328      ;
; 0.208 ; pic_rgb_gen:pic_rgb_gen_inst|prbs8bit:prbs8bit_inst|lfsr_reg[3]                                                                                                          ; pic_rgb_gen:pic_rgb_gen_inst|prbs8bit:prbs8bit_inst|lfsr_reg[4]                                                                                                                                                ; pll_25mhz_inst|altpll_component|auto_generated|pll1|clk[0] ; pll_25mhz_inst|altpll_component|auto_generated|pll1|clk[0] ; 0.000        ; 0.037      ; 0.329      ;
; 0.210 ; pic_rgb_gen:pic_rgb_gen_inst|fifo_256x8:fifo_256x8_inst|scfifo:scfifo_component|scfifo_ov21:auto_generated|a_dpfifo_v531:dpfifo|cntr_3ob:rd_ptr_count|counter_reg_bit[4] ; pic_rgb_gen:pic_rgb_gen_inst|fifo_256x8:fifo_256x8_inst|scfifo:scfifo_component|scfifo_ov21:auto_generated|a_dpfifo_v531:dpfifo|dpram_4711:FIFOram|altsyncram_q0k1:altsyncram1|ram_block2a0~portb_address_reg0 ; pll_25mhz_inst|altpll_component|auto_generated|pll1|clk[0] ; pll_25mhz_inst|altpll_component|auto_generated|pll1|clk[0] ; 0.000        ; 0.182      ; 0.496      ;
; 0.211 ; pic_rgb_gen:pic_rgb_gen_inst|game_tick_dly5                                                                                                                              ; pic_rgb_gen:pic_rgb_gen_inst|po_en                                                                                                                                                                             ; pll_25mhz_inst|altpll_component|auto_generated|pll1|clk[0] ; pll_25mhz_inst|altpll_component|auto_generated|pll1|clk[0] ; 0.000        ; 0.036      ; 0.331      ;
; 0.240 ; pic_rgb_gen:pic_rgb_gen_inst|address_a[4]                                                                                                                                ; pic_rgb_gen:pic_rgb_gen_inst|ram_256x2:ram_256x2_inst|altsyncram:altsyncram_component|altsyncram_qbh2:auto_generated|ram_block1a0~porta_address_reg0                                                           ; pll_25mhz_inst|altpll_component|auto_generated|pll1|clk[0] ; pll_25mhz_inst|altpll_component|auto_generated|pll1|clk[0] ; 0.000        ; 0.232      ; 0.576      ;
; 0.246 ; pic_rgb_gen:pic_rgb_gen_inst|address_a[6]                                                                                                                                ; pic_rgb_gen:pic_rgb_gen_inst|ram_256x2:ram_256x2_inst|altsyncram:altsyncram_component|altsyncram_qbh2:auto_generated|ram_block1a0~porta_address_reg0                                                           ; pll_25mhz_inst|altpll_component|auto_generated|pll1|clk[0] ; pll_25mhz_inst|altpll_component|auto_generated|pll1|clk[0] ; 0.000        ; 0.232      ; 0.582      ;
; 0.251 ; pic_rgb_gen:pic_rgb_gen_inst|prbs32_to_8:prbs32_to_8_inst|lfsr_reg[4]                                                                                                    ; pic_rgb_gen:pic_rgb_gen_inst|prbs32_to_8:prbs32_to_8_inst|lfsr_reg[5]                                                                                                                                          ; pll_25mhz_inst|altpll_component|auto_generated|pll1|clk[0] ; pll_25mhz_inst|altpll_component|auto_generated|pll1|clk[0] ; 0.000        ; 0.037      ; 0.372      ;
; 0.251 ; pic_rgb_gen:pic_rgb_gen_inst|prbs32_to_8:prbs32_to_8_inst|lfsr_reg[10]                                                                                                   ; pic_rgb_gen:pic_rgb_gen_inst|prbs32_to_8:prbs32_to_8_inst|lfsr_reg[11]                                                                                                                                         ; pll_25mhz_inst|altpll_component|auto_generated|pll1|clk[0] ; pll_25mhz_inst|altpll_component|auto_generated|pll1|clk[0] ; 0.000        ; 0.037      ; 0.372      ;
; 0.252 ; pic_rgb_gen:pic_rgb_gen_inst|seed[4]                                                                                                                                     ; pic_rgb_gen:pic_rgb_gen_inst|prbs8bit:prbs8bit_inst|lfsr_reg[4]                                                                                                                                                ; pll_25mhz_inst|altpll_component|auto_generated|pll1|clk[0] ; pll_25mhz_inst|altpll_component|auto_generated|pll1|clk[0] ; 0.000        ; 0.037      ; 0.373      ;
; 0.253 ; pic_rgb_gen:pic_rgb_gen_inst|prbs32_to_8:prbs32_to_8_inst|lfsr_reg[30]                                                                                                   ; pic_rgb_gen:pic_rgb_gen_inst|seed[3]                                                                                                                                                                           ; pll_25mhz_inst|altpll_component|auto_generated|pll1|clk[0] ; pll_25mhz_inst|altpll_component|auto_generated|pll1|clk[0] ; 0.000        ; 0.036      ; 0.373      ;
; 0.253 ; pic_rgb_gen:pic_rgb_gen_inst|seed[6]                                                                                                                                     ; pic_rgb_gen:pic_rgb_gen_inst|prbs8bit:prbs8bit_inst|lfsr_reg[6]                                                                                                                                                ; pll_25mhz_inst|altpll_component|auto_generated|pll1|clk[0] ; pll_25mhz_inst|altpll_component|auto_generated|pll1|clk[0] ; 0.000        ; 0.037      ; 0.374      ;
; 0.254 ; pic_rgb_gen:pic_rgb_gen_inst|prbs32_to_8:prbs32_to_8_inst|lfsr_reg[25]                                                                                                   ; pic_rgb_gen:pic_rgb_gen_inst|prbs32_to_8:prbs32_to_8_inst|lfsr_reg[26]                                                                                                                                         ; pll_25mhz_inst|altpll_component|auto_generated|pll1|clk[0] ; pll_25mhz_inst|altpll_component|auto_generated|pll1|clk[0] ; 0.000        ; 0.036      ; 0.374      ;
; 0.255 ; pic_rgb_gen:pic_rgb_gen_inst|prbs32_to_8:prbs32_to_8_inst|lfsr_reg[0]                                                                                                    ; pic_rgb_gen:pic_rgb_gen_inst|prbs32_to_8:prbs32_to_8_inst|lfsr_reg[1]                                                                                                                                          ; pll_25mhz_inst|altpll_component|auto_generated|pll1|clk[0] ; pll_25mhz_inst|altpll_component|auto_generated|pll1|clk[0] ; 0.000        ; 0.036      ; 0.375      ;
; 0.255 ; pic_rgb_gen:pic_rgb_gen_inst|prbs32_to_8:prbs32_to_8_inst|lfsr_reg[14]                                                                                                   ; pic_rgb_gen:pic_rgb_gen_inst|prbs32_to_8:prbs32_to_8_inst|lfsr_reg[15]                                                                                                                                         ; pll_25mhz_inst|altpll_component|auto_generated|pll1|clk[0] ; pll_25mhz_inst|altpll_component|auto_generated|pll1|clk[0] ; 0.000        ; 0.037      ; 0.376      ;
; 0.256 ; pic_rgb_gen:pic_rgb_gen_inst|address_a[2]                                                                                                                                ; pic_rgb_gen:pic_rgb_gen_inst|ram_256x2:ram_256x2_inst|altsyncram:altsyncram_component|altsyncram_qbh2:auto_generated|ram_block1a0~porta_address_reg0                                                           ; pll_25mhz_inst|altpll_component|auto_generated|pll1|clk[0] ; pll_25mhz_inst|altpll_component|auto_generated|pll1|clk[0] ; 0.000        ; 0.232      ; 0.592      ;
; 0.256 ; pic_rgb_gen:pic_rgb_gen_inst|address_a[7]                                                                                                                                ; pic_rgb_gen:pic_rgb_gen_inst|ram_256x2:ram_256x2_inst|altsyncram:altsyncram_component|altsyncram_qbh2:auto_generated|ram_block1a0~porta_address_reg0                                                           ; pll_25mhz_inst|altpll_component|auto_generated|pll1|clk[0] ; pll_25mhz_inst|altpll_component|auto_generated|pll1|clk[0] ; 0.000        ; 0.232      ; 0.592      ;
; 0.258 ; pic_rgb_gen:pic_rgb_gen_inst|address_a[1]                                                                                                                                ; pic_rgb_gen:pic_rgb_gen_inst|ram_256x2:ram_256x2_inst|altsyncram:altsyncram_component|altsyncram_qbh2:auto_generated|ram_block1a0~porta_address_reg0                                                           ; pll_25mhz_inst|altpll_component|auto_generated|pll1|clk[0] ; pll_25mhz_inst|altpll_component|auto_generated|pll1|clk[0] ; 0.000        ; 0.232      ; 0.594      ;
; 0.258 ; pic_rgb_gen:pic_rgb_gen_inst|fruit                                                                                                                                       ; pic_rgb_gen:pic_rgb_gen_inst|po_en                                                                                                                                                                             ; pll_25mhz_inst|altpll_component|auto_generated|pll1|clk[0] ; pll_25mhz_inst|altpll_component|auto_generated|pll1|clk[0] ; 0.000        ; 0.036      ; 0.378      ;
; 0.259 ; pic_rgb_gen:pic_rgb_gen_inst|prbs32_to_8:prbs32_to_8_inst|lfsr_reg[23]                                                                                                   ; pic_rgb_gen:pic_rgb_gen_inst|prbs32_to_8:prbs32_to_8_inst|lfsr_reg[24]                                                                                                                                         ; pll_25mhz_inst|altpll_component|auto_generated|pll1|clk[0] ; pll_25mhz_inst|altpll_component|auto_generated|pll1|clk[0] ; 0.000        ; 0.036      ; 0.379      ;
; 0.260 ; pic_rgb_gen:pic_rgb_gen_inst|fruit                                                                                                                                       ; pic_rgb_gen:pic_rgb_gen_inst|fruit_req                                                                                                                                                                         ; pll_25mhz_inst|altpll_component|auto_generated|pll1|clk[0] ; pll_25mhz_inst|altpll_component|auto_generated|pll1|clk[0] ; 0.000        ; 0.036      ; 0.380      ;
; 0.260 ; pic_rgb_gen:pic_rgb_gen_inst|address_a[5]                                                                                                                                ; pic_rgb_gen:pic_rgb_gen_inst|ram_256x2:ram_256x2_inst|altsyncram:altsyncram_component|altsyncram_qbh2:auto_generated|ram_block1a0~porta_address_reg0                                                           ; pll_25mhz_inst|altpll_component|auto_generated|pll1|clk[0] ; pll_25mhz_inst|altpll_component|auto_generated|pll1|clk[0] ; 0.000        ; 0.232      ; 0.596      ;
; 0.262 ; pic_rgb_gen:pic_rgb_gen_inst|prbs32_to_8:prbs32_to_8_inst|lfsr_reg[22]                                                                                                   ; pic_rgb_gen:pic_rgb_gen_inst|prbs32_to_8:prbs32_to_8_inst|lfsr_reg[23]                                                                                                                                         ; pll_25mhz_inst|altpll_component|auto_generated|pll1|clk[0] ; pll_25mhz_inst|altpll_component|auto_generated|pll1|clk[0] ; 0.000        ; 0.037      ; 0.383      ;
; 0.264 ; pic_rgb_gen:pic_rgb_gen_inst|new_head_y[3]                                                                                                                               ; pic_rgb_gen:pic_rgb_gen_inst|new_head_y[3]                                                                                                                                                                     ; pll_25mhz_inst|altpll_component|auto_generated|pll1|clk[0] ; pll_25mhz_inst|altpll_component|auto_generated|pll1|clk[0] ; 0.000        ; 0.036      ; 0.384      ;
; 0.266 ; pic_rgb_gen:pic_rgb_gen_inst|lfsr_shift_dly1                                                                                                                             ; pic_rgb_gen:pic_rgb_gen_inst|lfsr_shift_dly2                                                                                                                                                                   ; pll_25mhz_inst|altpll_component|auto_generated|pll1|clk[0] ; pll_25mhz_inst|altpll_component|auto_generated|pll1|clk[0] ; 0.000        ; 0.036      ; 0.386      ;
; 0.266 ; pic_rgb_gen:pic_rgb_gen_inst|address_a[3]                                                                                                                                ; pic_rgb_gen:pic_rgb_gen_inst|ram_256x2:ram_256x2_inst|altsyncram:altsyncram_component|altsyncram_qbh2:auto_generated|ram_block1a0~porta_address_reg0                                                           ; pll_25mhz_inst|altpll_component|auto_generated|pll1|clk[0] ; pll_25mhz_inst|altpll_component|auto_generated|pll1|clk[0] ; 0.000        ; 0.232      ; 0.602      ;
; 0.266 ; pic_rgb_gen:pic_rgb_gen_inst|prbs32_to_8:prbs32_to_8_inst|lfsr_reg[7]                                                                                                    ; pic_rgb_gen:pic_rgb_gen_inst|prbs32_to_8:prbs32_to_8_inst|lfsr_reg[8]                                                                                                                                          ; pll_25mhz_inst|altpll_component|auto_generated|pll1|clk[0] ; pll_25mhz_inst|altpll_component|auto_generated|pll1|clk[0] ; 0.000        ; 0.037      ; 0.387      ;
; 0.267 ; pic_rgb_gen:pic_rgb_gen_inst|prbs32_to_8:prbs32_to_8_inst|lfsr_reg[27]                                                                                                   ; pic_rgb_gen:pic_rgb_gen_inst|prbs32_to_8:prbs32_to_8_inst|lfsr_reg[28]                                                                                                                                         ; pll_25mhz_inst|altpll_component|auto_generated|pll1|clk[0] ; pll_25mhz_inst|altpll_component|auto_generated|pll1|clk[0] ; 0.000        ; 0.036      ; 0.387      ;
; 0.268 ; pic_rgb_gen:pic_rgb_gen_inst|prbs32_to_8:prbs32_to_8_inst|lfsr_reg[15]                                                                                                   ; pic_rgb_gen:pic_rgb_gen_inst|prbs32_to_8:prbs32_to_8_inst|lfsr_reg[16]                                                                                                                                         ; pll_25mhz_inst|altpll_component|auto_generated|pll1|clk[0] ; pll_25mhz_inst|altpll_component|auto_generated|pll1|clk[0] ; 0.000        ; 0.037      ; 0.389      ;
; 0.270 ; pic_rgb_gen:pic_rgb_gen_inst|new_head_x[2]                                                                                                                               ; pic_rgb_gen:pic_rgb_gen_inst|address_a[2]                                                                                                                                                                      ; pll_25mhz_inst|altpll_component|auto_generated|pll1|clk[0] ; pll_25mhz_inst|altpll_component|auto_generated|pll1|clk[0] ; 0.000        ; 0.037      ; 0.391      ;
; 0.271 ; pic_rgb_gen:pic_rgb_gen_inst|prbs32_to_8:prbs32_to_8_inst|lfsr_reg[14]                                                                                                   ; pic_rgb_gen:pic_rgb_gen_inst|seed[1]                                                                                                                                                                           ; pll_25mhz_inst|altpll_component|auto_generated|pll1|clk[0] ; pll_25mhz_inst|altpll_component|auto_generated|pll1|clk[0] ; 0.000        ; 0.037      ; 0.392      ;
; 0.275 ; pic_rgb_gen:pic_rgb_gen_inst|prbs32_to_8:prbs32_to_8_inst|lfsr_reg[23]                                                                                                   ; pic_rgb_gen:pic_rgb_gen_inst|seed[7]                                                                                                                                                                           ; pll_25mhz_inst|altpll_component|auto_generated|pll1|clk[0] ; pll_25mhz_inst|altpll_component|auto_generated|pll1|clk[0] ; 0.000        ; 0.036      ; 0.395      ;
; 0.276 ; pic_rgb_gen:pic_rgb_gen_inst|game_tick_dly4                                                                                                                              ; pic_rgb_gen:pic_rgb_gen_inst|fruit                                                                                                                                                                             ; pll_25mhz_inst|altpll_component|auto_generated|pll1|clk[0] ; pll_25mhz_inst|altpll_component|auto_generated|pll1|clk[0] ; 0.000        ; 0.036      ; 0.396      ;
; 0.281 ; pic_rgb_gen:pic_rgb_gen_inst|pre_game                                                                                                                                    ; pic_rgb_gen:pic_rgb_gen_inst|pre_game_dly                                                                                                                                                                      ; pll_25mhz_inst|altpll_component|auto_generated|pll1|clk[0] ; pll_25mhz_inst|altpll_component|auto_generated|pll1|clk[0] ; 0.000        ; 0.037      ; 0.402      ;
; 0.285 ; pic_rgb_gen:pic_rgb_gen_inst|game_tick_dly5                                                                                                                              ; pic_rgb_gen:pic_rgb_gen_inst|wr_en_a                                                                                                                                                                           ; pll_25mhz_inst|altpll_component|auto_generated|pll1|clk[0] ; pll_25mhz_inst|altpll_component|auto_generated|pll1|clk[0] ; 0.000        ; 0.035      ; 0.404      ;
; 0.286 ; pic_rgb_gen:pic_rgb_gen_inst|state.IDLE                                                                                                                                  ; pic_rgb_gen:pic_rgb_gen_inst|state.TICK                                                                                                                                                                        ; pll_25mhz_inst|altpll_component|auto_generated|pll1|clk[0] ; pll_25mhz_inst|altpll_component|auto_generated|pll1|clk[0] ; 0.000        ; 0.036      ; 0.406      ;
; 0.286 ; pic_rgb_gen:pic_rgb_gen_inst|state.IDLE                                                                                                                                  ; pic_rgb_gen:pic_rgb_gen_inst|wr_data_a[1]                                                                                                                                                                      ; pll_25mhz_inst|altpll_component|auto_generated|pll1|clk[0] ; pll_25mhz_inst|altpll_component|auto_generated|pll1|clk[0] ; 0.000        ; 0.036      ; 0.406      ;
; 0.290 ; pic_rgb_gen:pic_rgb_gen_inst|game_tick_dly4                                                                                                                              ; pic_rgb_gen:pic_rgb_gen_inst|game_tick_dly5                                                                                                                                                                    ; pll_25mhz_inst|altpll_component|auto_generated|pll1|clk[0] ; pll_25mhz_inst|altpll_component|auto_generated|pll1|clk[0] ; 0.000        ; 0.036      ; 0.410      ;
; 0.297 ; pic_rgb_gen:pic_rgb_gen_inst|cnt_tick[9]                                                                                                                                 ; pic_rgb_gen:pic_rgb_gen_inst|cnt_tick[9]                                                                                                                                                                       ; pll_25mhz_inst|altpll_component|auto_generated|pll1|clk[0] ; pll_25mhz_inst|altpll_component|auto_generated|pll1|clk[0] ; 0.000        ; 0.036      ; 0.417      ;
; 0.297 ; pic_rgb_gen:pic_rgb_gen_inst|cnt_tick[10]                                                                                                                                ; pic_rgb_gen:pic_rgb_gen_inst|cnt_tick[10]                                                                                                                                                                      ; pll_25mhz_inst|altpll_component|auto_generated|pll1|clk[0] ; pll_25mhz_inst|altpll_component|auto_generated|pll1|clk[0] ; 0.000        ; 0.036      ; 0.417      ;
; 0.298 ; pic_rgb_gen:pic_rgb_gen_inst|state.TICK                                                                                                                                  ; pic_rgb_gen:pic_rgb_gen_inst|game_tick_dly7                                                                                                                                                                    ; pll_25mhz_inst|altpll_component|auto_generated|pll1|clk[0] ; pll_25mhz_inst|altpll_component|auto_generated|pll1|clk[0] ; 0.000        ; 0.037      ; 0.419      ;
; 0.298 ; pic_rgb_gen:pic_rgb_gen_inst|cnt_tick[1]                                                                                                                                 ; pic_rgb_gen:pic_rgb_gen_inst|cnt_tick[1]                                                                                                                                                                       ; pll_25mhz_inst|altpll_component|auto_generated|pll1|clk[0] ; pll_25mhz_inst|altpll_component|auto_generated|pll1|clk[0] ; 0.000        ; 0.036      ; 0.418      ;
; 0.298 ; pic_rgb_gen:pic_rgb_gen_inst|cnt_tick[5]                                                                                                                                 ; pic_rgb_gen:pic_rgb_gen_inst|cnt_tick[5]                                                                                                                                                                       ; pll_25mhz_inst|altpll_component|auto_generated|pll1|clk[0] ; pll_25mhz_inst|altpll_component|auto_generated|pll1|clk[0] ; 0.000        ; 0.036      ; 0.418      ;
; 0.298 ; pic_rgb_gen:pic_rgb_gen_inst|cnt_tick[8]                                                                                                                                 ; pic_rgb_gen:pic_rgb_gen_inst|cnt_tick[8]                                                                                                                                                                       ; pll_25mhz_inst|altpll_component|auto_generated|pll1|clk[0] ; pll_25mhz_inst|altpll_component|auto_generated|pll1|clk[0] ; 0.000        ; 0.036      ; 0.418      ;
+-------+--------------------------------------------------------------------------------------------------------------------------------------------------------------------------+----------------------------------------------------------------------------------------------------------------------------------------------------------------------------------------------------------------+------------------------------------------------------------+------------------------------------------------------------+--------------+------------+------------+


+-------------------------------------------------------------------------------------------------------------------------------------------------------------------------------------------------------------------------------------------------------------------------------------------------------------------------------------------+
; Fast 1200mV 0C Model Hold: 'sys_clk'                                                                                                                                                                                                                                                                                                      ;
+-------+------------------------------------------------------------------------------------------------------------------------------+------------------------------------------------------------------------------------------------------------------------------+--------------+-------------+--------------+------------+------------+
; Slack ; From Node                                                                                                                    ; To Node                                                                                                                      ; Launch Clock ; Latch Clock ; Relationship ; Clock Skew ; Data Delay ;
+-------+------------------------------------------------------------------------------------------------------------------------------+------------------------------------------------------------------------------------------------------------------------------+--------------+-------------+--------------+------------+------------+
; 0.186 ; inf_rcv:inf_rcv_inst|seg_595_dynamic:seg_595_dynamic_inst|seg_dynamic:seg_dynamic_inst|bcd_8421:bcd_8421_inst|data_shift[21] ; inf_rcv:inf_rcv_inst|seg_595_dynamic:seg_595_dynamic_inst|seg_dynamic:seg_dynamic_inst|bcd_8421:bcd_8421_inst|data_shift[21] ; sys_clk      ; sys_clk     ; 0.000        ; 0.037      ; 0.307      ;
; 0.186 ; inf_rcv:inf_rcv_inst|seg_595_dynamic:seg_595_dynamic_inst|seg_dynamic:seg_dynamic_inst|bcd_8421:bcd_8421_inst|data_shift[22] ; inf_rcv:inf_rcv_inst|seg_595_dynamic:seg_595_dynamic_inst|seg_dynamic:seg_dynamic_inst|bcd_8421:bcd_8421_inst|data_shift[22] ; sys_clk      ; sys_clk     ; 0.000        ; 0.037      ; 0.307      ;
; 0.186 ; inf_rcv:inf_rcv_inst|seg_595_dynamic:seg_595_dynamic_inst|seg_dynamic:seg_dynamic_inst|bcd_8421:bcd_8421_inst|data_shift[23] ; inf_rcv:inf_rcv_inst|seg_595_dynamic:seg_595_dynamic_inst|seg_dynamic:seg_dynamic_inst|bcd_8421:bcd_8421_inst|data_shift[23] ; sys_clk      ; sys_clk     ; 0.000        ; 0.037      ; 0.307      ;
; 0.186 ; inf_rcv:inf_rcv_inst|seg_595_dynamic:seg_595_dynamic_inst|seg_dynamic:seg_dynamic_inst|bcd_8421:bcd_8421_inst|data_shift[25] ; inf_rcv:inf_rcv_inst|seg_595_dynamic:seg_595_dynamic_inst|seg_dynamic:seg_dynamic_inst|bcd_8421:bcd_8421_inst|data_shift[25] ; sys_clk      ; sys_clk     ; 0.000        ; 0.037      ; 0.307      ;
; 0.186 ; inf_rcv:inf_rcv_inst|seg_595_dynamic:seg_595_dynamic_inst|seg_dynamic:seg_dynamic_inst|bcd_8421:bcd_8421_inst|data_shift[30] ; inf_rcv:inf_rcv_inst|seg_595_dynamic:seg_595_dynamic_inst|seg_dynamic:seg_dynamic_inst|bcd_8421:bcd_8421_inst|data_shift[30] ; sys_clk      ; sys_clk     ; 0.000        ; 0.037      ; 0.307      ;
; 0.186 ; inf_rcv:inf_rcv_inst|seg_595_dynamic:seg_595_dynamic_inst|seg_dynamic:seg_dynamic_inst|bcd_8421:bcd_8421_inst|data_shift[31] ; inf_rcv:inf_rcv_inst|seg_595_dynamic:seg_595_dynamic_inst|seg_dynamic:seg_dynamic_inst|bcd_8421:bcd_8421_inst|data_shift[31] ; sys_clk      ; sys_clk     ; 0.000        ; 0.037      ; 0.307      ;
; 0.186 ; inf_rcv:inf_rcv_inst|seg_595_dynamic:seg_595_dynamic_inst|seg_dynamic:seg_dynamic_inst|bcd_8421:bcd_8421_inst|data_shift[39] ; inf_rcv:inf_rcv_inst|seg_595_dynamic:seg_595_dynamic_inst|seg_dynamic:seg_dynamic_inst|bcd_8421:bcd_8421_inst|data_shift[39] ; sys_clk      ; sys_clk     ; 0.000        ; 0.037      ; 0.307      ;
; 0.186 ; inf_rcv:inf_rcv_inst|seg_595_dynamic:seg_595_dynamic_inst|seg_dynamic:seg_dynamic_inst|bcd_8421:bcd_8421_inst|data_shift[38] ; inf_rcv:inf_rcv_inst|seg_595_dynamic:seg_595_dynamic_inst|seg_dynamic:seg_dynamic_inst|bcd_8421:bcd_8421_inst|data_shift[38] ; sys_clk      ; sys_clk     ; 0.000        ; 0.037      ; 0.307      ;
; 0.186 ; inf_rcv:inf_rcv_inst|seg_595_dynamic:seg_595_dynamic_inst|seg_dynamic:seg_dynamic_inst|bcd_8421:bcd_8421_inst|data_shift[43] ; inf_rcv:inf_rcv_inst|seg_595_dynamic:seg_595_dynamic_inst|seg_dynamic:seg_dynamic_inst|bcd_8421:bcd_8421_inst|data_shift[43] ; sys_clk      ; sys_clk     ; 0.000        ; 0.037      ; 0.307      ;
; 0.186 ; inf_rcv:inf_rcv_inst|seg_595_dynamic:seg_595_dynamic_inst|seg_dynamic:seg_dynamic_inst|bcd_8421:bcd_8421_inst|data_shift[42] ; inf_rcv:inf_rcv_inst|seg_595_dynamic:seg_595_dynamic_inst|seg_dynamic:seg_dynamic_inst|bcd_8421:bcd_8421_inst|data_shift[42] ; sys_clk      ; sys_clk     ; 0.000        ; 0.037      ; 0.307      ;
; 0.186 ; inf_rcv:inf_rcv_inst|seg_595_dynamic:seg_595_dynamic_inst|seg_dynamic:seg_dynamic_inst|cnt_sel[1]                            ; inf_rcv:inf_rcv_inst|seg_595_dynamic:seg_595_dynamic_inst|seg_dynamic:seg_dynamic_inst|cnt_sel[1]                            ; sys_clk      ; sys_clk     ; 0.000        ; 0.037      ; 0.307      ;
; 0.186 ; inf_rcv:inf_rcv_inst|seg_595_dynamic:seg_595_dynamic_inst|seg_dynamic:seg_dynamic_inst|cnt_sel[2]                            ; inf_rcv:inf_rcv_inst|seg_595_dynamic:seg_595_dynamic_inst|seg_dynamic:seg_dynamic_inst|cnt_sel[2]                            ; sys_clk      ; sys_clk     ; 0.000        ; 0.037      ; 0.307      ;
; 0.186 ; inf_rcv:inf_rcv_inst|seg_595_dynamic:seg_595_dynamic_inst|seg_dynamic:seg_dynamic_inst|sel_reg[0]                            ; inf_rcv:inf_rcv_inst|seg_595_dynamic:seg_595_dynamic_inst|seg_dynamic:seg_dynamic_inst|sel_reg[0]                            ; sys_clk      ; sys_clk     ; 0.000        ; 0.037      ; 0.307      ;
; 0.186 ; inf_rcv:inf_rcv_inst|seg_595_dynamic:seg_595_dynamic_inst|hc595_ctrl:hc595_ctrl_inst|ds                                      ; inf_rcv:inf_rcv_inst|seg_595_dynamic:seg_595_dynamic_inst|hc595_ctrl:hc595_ctrl_inst|ds                                      ; sys_clk      ; sys_clk     ; 0.000        ; 0.037      ; 0.307      ;
; 0.187 ; inf_rcv:inf_rcv_inst|inf_rcv_decoder:inf_rcv_decoder_inst|cnt_data_bit[0]                                                    ; inf_rcv:inf_rcv_inst|inf_rcv_decoder:inf_rcv_decoder_inst|cnt_data_bit[0]                                                    ; sys_clk      ; sys_clk     ; 0.000        ; 0.036      ; 0.307      ;
; 0.187 ; inf_rcv:inf_rcv_inst|inf_rcv_decoder:inf_rcv_decoder_inst|cnt_data_bit[1]                                                    ; inf_rcv:inf_rcv_inst|inf_rcv_decoder:inf_rcv_decoder_inst|cnt_data_bit[1]                                                    ; sys_clk      ; sys_clk     ; 0.000        ; 0.036      ; 0.307      ;
; 0.187 ; inf_rcv:inf_rcv_inst|inf_rcv_decoder:inf_rcv_decoder_inst|cnt_data_bit[2]                                                    ; inf_rcv:inf_rcv_inst|inf_rcv_decoder:inf_rcv_decoder_inst|cnt_data_bit[2]                                                    ; sys_clk      ; sys_clk     ; 0.000        ; 0.036      ; 0.307      ;
; 0.187 ; inf_rcv:inf_rcv_inst|inf_rcv_decoder:inf_rcv_decoder_inst|cnt_data_bit[3]                                                    ; inf_rcv:inf_rcv_inst|inf_rcv_decoder:inf_rcv_decoder_inst|cnt_data_bit[3]                                                    ; sys_clk      ; sys_clk     ; 0.000        ; 0.036      ; 0.307      ;
; 0.187 ; inf_rcv:inf_rcv_inst|inf_rcv_decoder:inf_rcv_decoder_inst|cnt_data_bit[4]                                                    ; inf_rcv:inf_rcv_inst|inf_rcv_decoder:inf_rcv_decoder_inst|cnt_data_bit[4]                                                    ; sys_clk      ; sys_clk     ; 0.000        ; 0.036      ; 0.307      ;
; 0.187 ; inf_rcv:inf_rcv_inst|inf_rcv_decoder:inf_rcv_decoder_inst|cnt_data_bit[5]                                                    ; inf_rcv:inf_rcv_inst|inf_rcv_decoder:inf_rcv_decoder_inst|cnt_data_bit[5]                                                    ; sys_clk      ; sys_clk     ; 0.000        ; 0.036      ; 0.307      ;
; 0.187 ; inf_rcv:inf_rcv_inst|inf_rcv_decoder:inf_rcv_decoder_inst|state.DATA                                                         ; inf_rcv:inf_rcv_inst|inf_rcv_decoder:inf_rcv_decoder_inst|state.DATA                                                         ; sys_clk      ; sys_clk     ; 0.000        ; 0.036      ; 0.307      ;
; 0.187 ; inf_rcv:inf_rcv_inst|inf_rcv_decoder:inf_rcv_decoder_inst|state.N_9MS                                                        ; inf_rcv:inf_rcv_inst|inf_rcv_decoder:inf_rcv_decoder_inst|state.N_9MS                                                        ; sys_clk      ; sys_clk     ; 0.000        ; 0.036      ; 0.307      ;
; 0.187 ; inf_rcv:inf_rcv_inst|inf_rcv_decoder:inf_rcv_decoder_inst|state.ARBIT                                                        ; inf_rcv:inf_rcv_inst|inf_rcv_decoder:inf_rcv_decoder_inst|state.ARBIT                                                        ; sys_clk      ; sys_clk     ; 0.000        ; 0.036      ; 0.307      ;
; 0.187 ; inf_rcv:inf_rcv_inst|inf_rcv_decoder:inf_rcv_decoder_inst|data_reg[18]                                                       ; inf_rcv:inf_rcv_inst|inf_rcv_decoder:inf_rcv_decoder_inst|data_reg[18]                                                       ; sys_clk      ; sys_clk     ; 0.000        ; 0.036      ; 0.307      ;
; 0.187 ; inf_rcv:inf_rcv_inst|inf_rcv_decoder:inf_rcv_decoder_inst|data_reg[27]                                                       ; inf_rcv:inf_rcv_inst|inf_rcv_decoder:inf_rcv_decoder_inst|data_reg[27]                                                       ; sys_clk      ; sys_clk     ; 0.000        ; 0.036      ; 0.307      ;
; 0.187 ; inf_rcv:inf_rcv_inst|inf_rcv_decoder:inf_rcv_decoder_inst|data_reg[26]                                                       ; inf_rcv:inf_rcv_inst|inf_rcv_decoder:inf_rcv_decoder_inst|data_reg[26]                                                       ; sys_clk      ; sys_clk     ; 0.000        ; 0.036      ; 0.307      ;
; 0.187 ; inf_rcv:inf_rcv_inst|inf_rcv_decoder:inf_rcv_decoder_inst|data_reg[19]                                                       ; inf_rcv:inf_rcv_inst|inf_rcv_decoder:inf_rcv_decoder_inst|data_reg[19]                                                       ; sys_clk      ; sys_clk     ; 0.000        ; 0.036      ; 0.307      ;
; 0.187 ; inf_rcv:inf_rcv_inst|inf_rcv_decoder:inf_rcv_decoder_inst|data_reg[31]                                                       ; inf_rcv:inf_rcv_inst|inf_rcv_decoder:inf_rcv_decoder_inst|data_reg[31]                                                       ; sys_clk      ; sys_clk     ; 0.000        ; 0.036      ; 0.307      ;
; 0.187 ; inf_rcv:inf_rcv_inst|inf_rcv_decoder:inf_rcv_decoder_inst|data_reg[23]                                                       ; inf_rcv:inf_rcv_inst|inf_rcv_decoder:inf_rcv_decoder_inst|data_reg[23]                                                       ; sys_clk      ; sys_clk     ; 0.000        ; 0.036      ; 0.307      ;
; 0.187 ; inf_rcv:inf_rcv_inst|inf_rcv_decoder:inf_rcv_decoder_inst|data_reg[30]                                                       ; inf_rcv:inf_rcv_inst|inf_rcv_decoder:inf_rcv_decoder_inst|data_reg[30]                                                       ; sys_clk      ; sys_clk     ; 0.000        ; 0.036      ; 0.307      ;
; 0.187 ; inf_rcv:inf_rcv_inst|inf_rcv_decoder:inf_rcv_decoder_inst|data_reg[22]                                                       ; inf_rcv:inf_rcv_inst|inf_rcv_decoder:inf_rcv_decoder_inst|data_reg[22]                                                       ; sys_clk      ; sys_clk     ; 0.000        ; 0.036      ; 0.307      ;
; 0.187 ; inf_rcv:inf_rcv_inst|inf_rcv_decoder:inf_rcv_decoder_inst|data_reg[21]                                                       ; inf_rcv:inf_rcv_inst|inf_rcv_decoder:inf_rcv_decoder_inst|data_reg[21]                                                       ; sys_clk      ; sys_clk     ; 0.000        ; 0.036      ; 0.307      ;
; 0.187 ; inf_rcv:inf_rcv_inst|inf_rcv_decoder:inf_rcv_decoder_inst|data_reg[29]                                                       ; inf_rcv:inf_rcv_inst|inf_rcv_decoder:inf_rcv_decoder_inst|data_reg[29]                                                       ; sys_clk      ; sys_clk     ; 0.000        ; 0.036      ; 0.307      ;
; 0.187 ; inf_rcv:inf_rcv_inst|inf_rcv_decoder:inf_rcv_decoder_inst|data_reg[28]                                                       ; inf_rcv:inf_rcv_inst|inf_rcv_decoder:inf_rcv_decoder_inst|data_reg[28]                                                       ; sys_clk      ; sys_clk     ; 0.000        ; 0.036      ; 0.307      ;
; 0.187 ; inf_rcv:inf_rcv_inst|inf_rcv_decoder:inf_rcv_decoder_inst|data_reg[20]                                                       ; inf_rcv:inf_rcv_inst|inf_rcv_decoder:inf_rcv_decoder_inst|data_reg[20]                                                       ; sys_clk      ; sys_clk     ; 0.000        ; 0.036      ; 0.307      ;
; 0.187 ; inf_rcv:inf_rcv_inst|inf_rcv_decoder:inf_rcv_decoder_inst|data_reg[14]                                                       ; inf_rcv:inf_rcv_inst|inf_rcv_decoder:inf_rcv_decoder_inst|data_reg[14]                                                       ; sys_clk      ; sys_clk     ; 0.000        ; 0.036      ; 0.307      ;
; 0.187 ; inf_rcv:inf_rcv_inst|inf_rcv_decoder:inf_rcv_decoder_inst|data_reg[7]                                                        ; inf_rcv:inf_rcv_inst|inf_rcv_decoder:inf_rcv_decoder_inst|data_reg[7]                                                        ; sys_clk      ; sys_clk     ; 0.000        ; 0.036      ; 0.307      ;
; 0.187 ; inf_rcv:inf_rcv_inst|inf_rcv_decoder:inf_rcv_decoder_inst|data_reg[15]                                                       ; inf_rcv:inf_rcv_inst|inf_rcv_decoder:inf_rcv_decoder_inst|data_reg[15]                                                       ; sys_clk      ; sys_clk     ; 0.000        ; 0.036      ; 0.307      ;
; 0.187 ; inf_rcv:inf_rcv_inst|inf_rcv_decoder:inf_rcv_decoder_inst|data_reg[6]                                                        ; inf_rcv:inf_rcv_inst|inf_rcv_decoder:inf_rcv_decoder_inst|data_reg[6]                                                        ; sys_clk      ; sys_clk     ; 0.000        ; 0.036      ; 0.307      ;
; 0.187 ; inf_rcv:inf_rcv_inst|inf_rcv_decoder:inf_rcv_decoder_inst|data_reg[12]                                                       ; inf_rcv:inf_rcv_inst|inf_rcv_decoder:inf_rcv_decoder_inst|data_reg[12]                                                       ; sys_clk      ; sys_clk     ; 0.000        ; 0.036      ; 0.307      ;
; 0.187 ; inf_rcv:inf_rcv_inst|inf_rcv_decoder:inf_rcv_decoder_inst|data_reg[4]                                                        ; inf_rcv:inf_rcv_inst|inf_rcv_decoder:inf_rcv_decoder_inst|data_reg[4]                                                        ; sys_clk      ; sys_clk     ; 0.000        ; 0.036      ; 0.307      ;
; 0.187 ; inf_rcv:inf_rcv_inst|inf_rcv_decoder:inf_rcv_decoder_inst|data_reg[13]                                                       ; inf_rcv:inf_rcv_inst|inf_rcv_decoder:inf_rcv_decoder_inst|data_reg[13]                                                       ; sys_clk      ; sys_clk     ; 0.000        ; 0.036      ; 0.307      ;
; 0.187 ; inf_rcv:inf_rcv_inst|inf_rcv_decoder:inf_rcv_decoder_inst|data_reg[5]                                                        ; inf_rcv:inf_rcv_inst|inf_rcv_decoder:inf_rcv_decoder_inst|data_reg[5]                                                        ; sys_clk      ; sys_clk     ; 0.000        ; 0.036      ; 0.307      ;
; 0.187 ; inf_rcv:inf_rcv_inst|seg_595_dynamic:seg_595_dynamic_inst|hc595_ctrl:hc595_ctrl_inst|cnt_bit[0]                              ; inf_rcv:inf_rcv_inst|seg_595_dynamic:seg_595_dynamic_inst|hc595_ctrl:hc595_ctrl_inst|cnt_bit[0]                              ; sys_clk      ; sys_clk     ; 0.000        ; 0.036      ; 0.307      ;
; 0.187 ; inf_rcv:inf_rcv_inst|seg_595_dynamic:seg_595_dynamic_inst|hc595_ctrl:hc595_ctrl_inst|cnt_bit[1]                              ; inf_rcv:inf_rcv_inst|seg_595_dynamic:seg_595_dynamic_inst|hc595_ctrl:hc595_ctrl_inst|cnt_bit[1]                              ; sys_clk      ; sys_clk     ; 0.000        ; 0.036      ; 0.307      ;
; 0.187 ; inf_rcv:inf_rcv_inst|seg_595_dynamic:seg_595_dynamic_inst|hc595_ctrl:hc595_ctrl_inst|cnt_bit[3]                              ; inf_rcv:inf_rcv_inst|seg_595_dynamic:seg_595_dynamic_inst|hc595_ctrl:hc595_ctrl_inst|cnt_bit[3]                              ; sys_clk      ; sys_clk     ; 0.000        ; 0.036      ; 0.307      ;
; 0.187 ; inf_rcv:inf_rcv_inst|seg_595_dynamic:seg_595_dynamic_inst|hc595_ctrl:hc595_ctrl_inst|cnt_bit[2]                              ; inf_rcv:inf_rcv_inst|seg_595_dynamic:seg_595_dynamic_inst|hc595_ctrl:hc595_ctrl_inst|cnt_bit[2]                              ; sys_clk      ; sys_clk     ; 0.000        ; 0.036      ; 0.307      ;
; 0.187 ; inf_rcv:inf_rcv_inst|seg_595_dynamic:seg_595_dynamic_inst|seg_dynamic:seg_dynamic_inst|bcd_8421:bcd_8421_inst|data_shift[33] ; inf_rcv:inf_rcv_inst|seg_595_dynamic:seg_595_dynamic_inst|seg_dynamic:seg_dynamic_inst|bcd_8421:bcd_8421_inst|data_shift[33] ; sys_clk      ; sys_clk     ; 0.000        ; 0.036      ; 0.307      ;
; 0.187 ; inf_rcv:inf_rcv_inst|seg_595_dynamic:seg_595_dynamic_inst|seg_dynamic:seg_dynamic_inst|bcd_8421:bcd_8421_inst|data_shift[0]  ; inf_rcv:inf_rcv_inst|seg_595_dynamic:seg_595_dynamic_inst|seg_dynamic:seg_dynamic_inst|bcd_8421:bcd_8421_inst|data_shift[0]  ; sys_clk      ; sys_clk     ; 0.000        ; 0.036      ; 0.307      ;
; 0.187 ; inf_rcv:inf_rcv_inst|seg_595_dynamic:seg_595_dynamic_inst|seg_dynamic:seg_dynamic_inst|bcd_8421:bcd_8421_inst|data_shift[26] ; inf_rcv:inf_rcv_inst|seg_595_dynamic:seg_595_dynamic_inst|seg_dynamic:seg_dynamic_inst|bcd_8421:bcd_8421_inst|data_shift[26] ; sys_clk      ; sys_clk     ; 0.000        ; 0.036      ; 0.307      ;
; 0.187 ; inf_rcv:inf_rcv_inst|seg_595_dynamic:seg_595_dynamic_inst|seg_dynamic:seg_dynamic_inst|bcd_8421:bcd_8421_inst|data_shift[27] ; inf_rcv:inf_rcv_inst|seg_595_dynamic:seg_595_dynamic_inst|seg_dynamic:seg_dynamic_inst|bcd_8421:bcd_8421_inst|data_shift[27] ; sys_clk      ; sys_clk     ; 0.000        ; 0.036      ; 0.307      ;
; 0.187 ; inf_rcv:inf_rcv_inst|seg_595_dynamic:seg_595_dynamic_inst|seg_dynamic:seg_dynamic_inst|bcd_8421:bcd_8421_inst|data_shift[29] ; inf_rcv:inf_rcv_inst|seg_595_dynamic:seg_595_dynamic_inst|seg_dynamic:seg_dynamic_inst|bcd_8421:bcd_8421_inst|data_shift[29] ; sys_clk      ; sys_clk     ; 0.000        ; 0.036      ; 0.307      ;
; 0.187 ; inf_rcv:inf_rcv_inst|seg_595_dynamic:seg_595_dynamic_inst|seg_dynamic:seg_dynamic_inst|bcd_8421:bcd_8421_inst|data_shift[34] ; inf_rcv:inf_rcv_inst|seg_595_dynamic:seg_595_dynamic_inst|seg_dynamic:seg_dynamic_inst|bcd_8421:bcd_8421_inst|data_shift[34] ; sys_clk      ; sys_clk     ; 0.000        ; 0.036      ; 0.307      ;
; 0.187 ; inf_rcv:inf_rcv_inst|seg_595_dynamic:seg_595_dynamic_inst|seg_dynamic:seg_dynamic_inst|bcd_8421:bcd_8421_inst|data_shift[35] ; inf_rcv:inf_rcv_inst|seg_595_dynamic:seg_595_dynamic_inst|seg_dynamic:seg_dynamic_inst|bcd_8421:bcd_8421_inst|data_shift[35] ; sys_clk      ; sys_clk     ; 0.000        ; 0.036      ; 0.307      ;
; 0.187 ; inf_rcv:inf_rcv_inst|seg_595_dynamic:seg_595_dynamic_inst|seg_dynamic:seg_dynamic_inst|bcd_8421:bcd_8421_inst|data_shift[37] ; inf_rcv:inf_rcv_inst|seg_595_dynamic:seg_595_dynamic_inst|seg_dynamic:seg_dynamic_inst|bcd_8421:bcd_8421_inst|data_shift[37] ; sys_clk      ; sys_clk     ; 0.000        ; 0.036      ; 0.307      ;
; 0.187 ; inf_rcv:inf_rcv_inst|seg_595_dynamic:seg_595_dynamic_inst|seg_dynamic:seg_dynamic_inst|bcd_8421:bcd_8421_inst|data_shift[41] ; inf_rcv:inf_rcv_inst|seg_595_dynamic:seg_595_dynamic_inst|seg_dynamic:seg_dynamic_inst|bcd_8421:bcd_8421_inst|data_shift[41] ; sys_clk      ; sys_clk     ; 0.000        ; 0.036      ; 0.307      ;
; 0.188 ; inf_rcv:inf_rcv_inst|inf_rcv_decoder:inf_rcv_decoder_inst|data_reg[16]                                                       ; inf_rcv:inf_rcv_inst|inf_rcv_decoder:inf_rcv_decoder_inst|data_reg[16]                                                       ; sys_clk      ; sys_clk     ; 0.000        ; 0.035      ; 0.307      ;
; 0.188 ; inf_rcv:inf_rcv_inst|inf_rcv_decoder:inf_rcv_decoder_inst|data_reg[25]                                                       ; inf_rcv:inf_rcv_inst|inf_rcv_decoder:inf_rcv_decoder_inst|data_reg[25]                                                       ; sys_clk      ; sys_clk     ; 0.000        ; 0.035      ; 0.307      ;
; 0.188 ; inf_rcv:inf_rcv_inst|inf_rcv_decoder:inf_rcv_decoder_inst|data_reg[24]                                                       ; inf_rcv:inf_rcv_inst|inf_rcv_decoder:inf_rcv_decoder_inst|data_reg[24]                                                       ; sys_clk      ; sys_clk     ; 0.000        ; 0.035      ; 0.307      ;
; 0.188 ; inf_rcv:inf_rcv_inst|inf_rcv_decoder:inf_rcv_decoder_inst|data_reg[17]                                                       ; inf_rcv:inf_rcv_inst|inf_rcv_decoder:inf_rcv_decoder_inst|data_reg[17]                                                       ; sys_clk      ; sys_clk     ; 0.000        ; 0.035      ; 0.307      ;
; 0.188 ; inf_rcv:inf_rcv_inst|inf_rcv_decoder:inf_rcv_decoder_inst|data_reg[11]                                                       ; inf_rcv:inf_rcv_inst|inf_rcv_decoder:inf_rcv_decoder_inst|data_reg[11]                                                       ; sys_clk      ; sys_clk     ; 0.000        ; 0.035      ; 0.307      ;
; 0.188 ; inf_rcv:inf_rcv_inst|inf_rcv_decoder:inf_rcv_decoder_inst|data_reg[2]                                                        ; inf_rcv:inf_rcv_inst|inf_rcv_decoder:inf_rcv_decoder_inst|data_reg[2]                                                        ; sys_clk      ; sys_clk     ; 0.000        ; 0.035      ; 0.307      ;
; 0.188 ; inf_rcv:inf_rcv_inst|inf_rcv_decoder:inf_rcv_decoder_inst|data_reg[10]                                                       ; inf_rcv:inf_rcv_inst|inf_rcv_decoder:inf_rcv_decoder_inst|data_reg[10]                                                       ; sys_clk      ; sys_clk     ; 0.000        ; 0.035      ; 0.307      ;
; 0.188 ; inf_rcv:inf_rcv_inst|inf_rcv_decoder:inf_rcv_decoder_inst|data_reg[3]                                                        ; inf_rcv:inf_rcv_inst|inf_rcv_decoder:inf_rcv_decoder_inst|data_reg[3]                                                        ; sys_clk      ; sys_clk     ; 0.000        ; 0.035      ; 0.307      ;
; 0.188 ; inf_rcv:inf_rcv_inst|inf_rcv_decoder:inf_rcv_decoder_inst|data_reg[0]                                                        ; inf_rcv:inf_rcv_inst|inf_rcv_decoder:inf_rcv_decoder_inst|data_reg[0]                                                        ; sys_clk      ; sys_clk     ; 0.000        ; 0.035      ; 0.307      ;
; 0.188 ; inf_rcv:inf_rcv_inst|inf_rcv_decoder:inf_rcv_decoder_inst|data_reg[1]                                                        ; inf_rcv:inf_rcv_inst|inf_rcv_decoder:inf_rcv_decoder_inst|data_reg[1]                                                        ; sys_clk      ; sys_clk     ; 0.000        ; 0.035      ; 0.307      ;
; 0.188 ; inf_rcv:inf_rcv_inst|inf_rcv_decoder:inf_rcv_decoder_inst|data_reg[8]                                                        ; inf_rcv:inf_rcv_inst|inf_rcv_decoder:inf_rcv_decoder_inst|data_reg[8]                                                        ; sys_clk      ; sys_clk     ; 0.000        ; 0.035      ; 0.307      ;
; 0.188 ; inf_rcv:inf_rcv_inst|inf_rcv_decoder:inf_rcv_decoder_inst|data_reg[9]                                                        ; inf_rcv:inf_rcv_inst|inf_rcv_decoder:inf_rcv_decoder_inst|data_reg[9]                                                        ; sys_clk      ; sys_clk     ; 0.000        ; 0.035      ; 0.307      ;
; 0.193 ; inf_rcv:inf_rcv_inst|seg_595_dynamic:seg_595_dynamic_inst|hc595_ctrl:hc595_ctrl_inst|cnt_4[0]                                ; inf_rcv:inf_rcv_inst|seg_595_dynamic:seg_595_dynamic_inst|hc595_ctrl:hc595_ctrl_inst|cnt_4[0]                                ; sys_clk      ; sys_clk     ; 0.000        ; 0.037      ; 0.314      ;
; 0.193 ; inf_rcv:inf_rcv_inst|seg_595_dynamic:seg_595_dynamic_inst|seg_dynamic:seg_dynamic_inst|bcd_8421:bcd_8421_inst|data_shift[15] ; inf_rcv:inf_rcv_inst|seg_595_dynamic:seg_595_dynamic_inst|seg_dynamic:seg_dynamic_inst|bcd_8421:bcd_8421_inst|data_shift[16] ; sys_clk      ; sys_clk     ; 0.000        ; 0.036      ; 0.313      ;
; 0.193 ; inf_rcv:inf_rcv_inst|seg_595_dynamic:seg_595_dynamic_inst|seg_dynamic:seg_dynamic_inst|bcd_8421:bcd_8421_inst|data_shift[20] ; inf_rcv:inf_rcv_inst|seg_595_dynamic:seg_595_dynamic_inst|seg_dynamic:seg_dynamic_inst|bcd_8421:bcd_8421_inst|data_shift[20] ; sys_clk      ; sys_clk     ; 0.000        ; 0.037      ; 0.314      ;
; 0.193 ; inf_rcv:inf_rcv_inst|seg_595_dynamic:seg_595_dynamic_inst|seg_dynamic:seg_dynamic_inst|bcd_8421:bcd_8421_inst|data_shift[24] ; inf_rcv:inf_rcv_inst|seg_595_dynamic:seg_595_dynamic_inst|seg_dynamic:seg_dynamic_inst|bcd_8421:bcd_8421_inst|data_shift[24] ; sys_clk      ; sys_clk     ; 0.000        ; 0.037      ; 0.314      ;
; 0.193 ; inf_rcv:inf_rcv_inst|seg_595_dynamic:seg_595_dynamic_inst|seg_dynamic:seg_dynamic_inst|cnt_sel[0]                            ; inf_rcv:inf_rcv_inst|seg_595_dynamic:seg_595_dynamic_inst|seg_dynamic:seg_dynamic_inst|cnt_sel[0]                            ; sys_clk      ; sys_clk     ; 0.000        ; 0.037      ; 0.314      ;
; 0.194 ; inf_rcv:inf_rcv_inst|seg_595_dynamic:seg_595_dynamic_inst|seg_dynamic:seg_dynamic_inst|bcd_8421:bcd_8421_inst|data_shift[3]  ; inf_rcv:inf_rcv_inst|seg_595_dynamic:seg_595_dynamic_inst|seg_dynamic:seg_dynamic_inst|bcd_8421:bcd_8421_inst|data_shift[4]  ; sys_clk      ; sys_clk     ; 0.000        ; 0.036      ; 0.314      ;
; 0.194 ; inf_rcv:inf_rcv_inst|seg_595_dynamic:seg_595_dynamic_inst|seg_dynamic:seg_dynamic_inst|bcd_8421:bcd_8421_inst|data_shift[7]  ; inf_rcv:inf_rcv_inst|seg_595_dynamic:seg_595_dynamic_inst|seg_dynamic:seg_dynamic_inst|bcd_8421:bcd_8421_inst|data_shift[8]  ; sys_clk      ; sys_clk     ; 0.000        ; 0.036      ; 0.314      ;
; 0.194 ; inf_rcv:inf_rcv_inst|seg_595_dynamic:seg_595_dynamic_inst|seg_dynamic:seg_dynamic_inst|bcd_8421:bcd_8421_inst|data_shift[9]  ; inf_rcv:inf_rcv_inst|seg_595_dynamic:seg_595_dynamic_inst|seg_dynamic:seg_dynamic_inst|bcd_8421:bcd_8421_inst|data_shift[10] ; sys_clk      ; sys_clk     ; 0.000        ; 0.036      ; 0.314      ;
; 0.194 ; inf_rcv:inf_rcv_inst|seg_595_dynamic:seg_595_dynamic_inst|seg_dynamic:seg_dynamic_inst|bcd_8421:bcd_8421_inst|data_shift[10] ; inf_rcv:inf_rcv_inst|seg_595_dynamic:seg_595_dynamic_inst|seg_dynamic:seg_dynamic_inst|bcd_8421:bcd_8421_inst|data_shift[11] ; sys_clk      ; sys_clk     ; 0.000        ; 0.036      ; 0.314      ;
; 0.194 ; inf_rcv:inf_rcv_inst|seg_595_dynamic:seg_595_dynamic_inst|seg_dynamic:seg_dynamic_inst|bcd_8421:bcd_8421_inst|data_shift[14] ; inf_rcv:inf_rcv_inst|seg_595_dynamic:seg_595_dynamic_inst|seg_dynamic:seg_dynamic_inst|bcd_8421:bcd_8421_inst|data_shift[15] ; sys_clk      ; sys_clk     ; 0.000        ; 0.036      ; 0.314      ;
; 0.194 ; inf_rcv:inf_rcv_inst|seg_595_dynamic:seg_595_dynamic_inst|seg_dynamic:seg_dynamic_inst|bcd_8421:bcd_8421_inst|data_shift[16] ; inf_rcv:inf_rcv_inst|seg_595_dynamic:seg_595_dynamic_inst|seg_dynamic:seg_dynamic_inst|bcd_8421:bcd_8421_inst|data_shift[17] ; sys_clk      ; sys_clk     ; 0.000        ; 0.036      ; 0.314      ;
; 0.194 ; inf_rcv:inf_rcv_inst|seg_595_dynamic:seg_595_dynamic_inst|seg_dynamic:seg_dynamic_inst|bcd_8421:bcd_8421_inst|data_shift[17] ; inf_rcv:inf_rcv_inst|seg_595_dynamic:seg_595_dynamic_inst|seg_dynamic:seg_dynamic_inst|bcd_8421:bcd_8421_inst|data_shift[18] ; sys_clk      ; sys_clk     ; 0.000        ; 0.036      ; 0.314      ;
; 0.194 ; inf_rcv:inf_rcv_inst|seg_595_dynamic:seg_595_dynamic_inst|seg_dynamic:seg_dynamic_inst|bcd_8421:bcd_8421_inst|data_shift[18] ; inf_rcv:inf_rcv_inst|seg_595_dynamic:seg_595_dynamic_inst|seg_dynamic:seg_dynamic_inst|bcd_8421:bcd_8421_inst|data_shift[19] ; sys_clk      ; sys_clk     ; 0.000        ; 0.036      ; 0.314      ;
; 0.194 ; inf_rcv:inf_rcv_inst|seg_595_dynamic:seg_595_dynamic_inst|seg_dynamic:seg_dynamic_inst|bcd_8421:bcd_8421_inst|data_shift[28] ; inf_rcv:inf_rcv_inst|seg_595_dynamic:seg_595_dynamic_inst|seg_dynamic:seg_dynamic_inst|bcd_8421:bcd_8421_inst|data_shift[28] ; sys_clk      ; sys_clk     ; 0.000        ; 0.036      ; 0.314      ;
; 0.194 ; inf_rcv:inf_rcv_inst|seg_595_dynamic:seg_595_dynamic_inst|seg_dynamic:seg_dynamic_inst|bcd_8421:bcd_8421_inst|data_shift[32] ; inf_rcv:inf_rcv_inst|seg_595_dynamic:seg_595_dynamic_inst|seg_dynamic:seg_dynamic_inst|bcd_8421:bcd_8421_inst|data_shift[32] ; sys_clk      ; sys_clk     ; 0.000        ; 0.036      ; 0.314      ;
; 0.194 ; inf_rcv:inf_rcv_inst|seg_595_dynamic:seg_595_dynamic_inst|seg_dynamic:seg_dynamic_inst|bcd_8421:bcd_8421_inst|data_shift[36] ; inf_rcv:inf_rcv_inst|seg_595_dynamic:seg_595_dynamic_inst|seg_dynamic:seg_dynamic_inst|bcd_8421:bcd_8421_inst|data_shift[36] ; sys_clk      ; sys_clk     ; 0.000        ; 0.036      ; 0.314      ;
; 0.194 ; inf_rcv:inf_rcv_inst|seg_595_dynamic:seg_595_dynamic_inst|seg_dynamic:seg_dynamic_inst|bcd_8421:bcd_8421_inst|data_shift[40] ; inf_rcv:inf_rcv_inst|seg_595_dynamic:seg_595_dynamic_inst|seg_dynamic:seg_dynamic_inst|bcd_8421:bcd_8421_inst|data_shift[40] ; sys_clk      ; sys_clk     ; 0.000        ; 0.036      ; 0.314      ;
; 0.195 ; inf_rcv:inf_rcv_inst|seg_595_dynamic:seg_595_dynamic_inst|seg_dynamic:seg_dynamic_inst|bcd_8421:bcd_8421_inst|data_shift[11] ; inf_rcv:inf_rcv_inst|seg_595_dynamic:seg_595_dynamic_inst|seg_dynamic:seg_dynamic_inst|bcd_8421:bcd_8421_inst|data_shift[12] ; sys_clk      ; sys_clk     ; 0.000        ; 0.036      ; 0.315      ;
; 0.197 ; inf_rcv:inf_rcv_inst|seg_595_dynamic:seg_595_dynamic_inst|seg_dynamic:seg_dynamic_inst|sel_reg[3]                            ; inf_rcv:inf_rcv_inst|seg_595_dynamic:seg_595_dynamic_inst|seg_dynamic:seg_dynamic_inst|sel[3]                                ; sys_clk      ; sys_clk     ; 0.000        ; 0.037      ; 0.318      ;
; 0.198 ; inf_rcv:inf_rcv_inst|led_ctrl:led_ctrl_inst|cnt_50ms[21]                                                                     ; inf_rcv:inf_rcv_inst|led_ctrl:led_ctrl_inst|cnt_50ms[21]                                                                     ; sys_clk      ; sys_clk     ; 0.000        ; 0.036      ; 0.318      ;
; 0.198 ; inf_rcv:inf_rcv_inst|seg_595_dynamic:seg_595_dynamic_inst|seg_dynamic:seg_dynamic_inst|sel_reg[3]                            ; inf_rcv:inf_rcv_inst|seg_595_dynamic:seg_595_dynamic_inst|seg_dynamic:seg_dynamic_inst|sel_reg[4]                            ; sys_clk      ; sys_clk     ; 0.000        ; 0.037      ; 0.319      ;
; 0.198 ; inf_rcv:inf_rcv_inst|seg_595_dynamic:seg_595_dynamic_inst|seg_dynamic:seg_dynamic_inst|sel_reg[1]                            ; inf_rcv:inf_rcv_inst|seg_595_dynamic:seg_595_dynamic_inst|seg_dynamic:seg_dynamic_inst|sel[1]                                ; sys_clk      ; sys_clk     ; 0.000        ; 0.037      ; 0.319      ;
; 0.198 ; inf_rcv:inf_rcv_inst|led_ctrl:led_ctrl_inst|cnt_50ms[20]                                                                     ; inf_rcv:inf_rcv_inst|led_ctrl:led_ctrl_inst|led                                                                              ; sys_clk      ; sys_clk     ; 0.000        ; 0.036      ; 0.318      ;
; 0.204 ; inf_rcv:inf_rcv_inst|seg_595_dynamic:seg_595_dynamic_inst|seg_dynamic:seg_dynamic_inst|bcd_8421:bcd_8421_inst|ten[3]         ; inf_rcv:inf_rcv_inst|seg_595_dynamic:seg_595_dynamic_inst|seg_dynamic:seg_dynamic_inst|data_reg[4]                           ; sys_clk      ; sys_clk     ; 0.000        ; 0.036      ; 0.324      ;
; 0.204 ; inf_rcv:inf_rcv_inst|seg_595_dynamic:seg_595_dynamic_inst|seg_dynamic:seg_dynamic_inst|bcd_8421:bcd_8421_inst|t_tho[0]       ; inf_rcv:inf_rcv_inst|seg_595_dynamic:seg_595_dynamic_inst|seg_dynamic:seg_dynamic_inst|data_reg[16]                          ; sys_clk      ; sys_clk     ; 0.000        ; 0.037      ; 0.325      ;
; 0.205 ; inf_rcv:inf_rcv_inst|seg_595_dynamic:seg_595_dynamic_inst|seg_dynamic:seg_dynamic_inst|bcd_8421:bcd_8421_inst|ten[3]         ; inf_rcv:inf_rcv_inst|seg_595_dynamic:seg_595_dynamic_inst|seg_dynamic:seg_dynamic_inst|data_reg[7]                           ; sys_clk      ; sys_clk     ; 0.000        ; 0.036      ; 0.325      ;
; 0.205 ; inf_rcv:inf_rcv_inst|seg_595_dynamic:seg_595_dynamic_inst|seg_dynamic:seg_dynamic_inst|sel_reg[4]                            ; inf_rcv:inf_rcv_inst|seg_595_dynamic:seg_595_dynamic_inst|seg_dynamic:seg_dynamic_inst|sel_reg[5]                            ; sys_clk      ; sys_clk     ; 0.000        ; 0.037      ; 0.326      ;
; 0.206 ; inf_rcv:inf_rcv_inst|seg_595_dynamic:seg_595_dynamic_inst|seg_dynamic:seg_dynamic_inst|bcd_8421:bcd_8421_inst|t_tho[0]       ; inf_rcv:inf_rcv_inst|seg_595_dynamic:seg_595_dynamic_inst|seg_dynamic:seg_dynamic_inst|data_reg[17]                          ; sys_clk      ; sys_clk     ; 0.000        ; 0.037      ; 0.327      ;
; 0.206 ; inf_rcv:inf_rcv_inst|seg_595_dynamic:seg_595_dynamic_inst|seg_dynamic:seg_dynamic_inst|bcd_8421:bcd_8421_inst|h_hun[0]       ; inf_rcv:inf_rcv_inst|seg_595_dynamic:seg_595_dynamic_inst|seg_dynamic:seg_dynamic_inst|data_reg[20]                          ; sys_clk      ; sys_clk     ; 0.000        ; 0.037      ; 0.327      ;
; 0.207 ; inf_rcv:inf_rcv_inst|seg_595_dynamic:seg_595_dynamic_inst|seg_dynamic:seg_dynamic_inst|bcd_8421:bcd_8421_inst|data_shift[28] ; inf_rcv:inf_rcv_inst|seg_595_dynamic:seg_595_dynamic_inst|seg_dynamic:seg_dynamic_inst|bcd_8421:bcd_8421_inst|data_shift[29] ; sys_clk      ; sys_clk     ; 0.000        ; 0.036      ; 0.327      ;
; 0.208 ; inf_rcv:inf_rcv_inst|seg_595_dynamic:seg_595_dynamic_inst|seg_dynamic:seg_dynamic_inst|bcd_8421:bcd_8421_inst|data_shift[26] ; inf_rcv:inf_rcv_inst|seg_595_dynamic:seg_595_dynamic_inst|seg_dynamic:seg_dynamic_inst|bcd_8421:bcd_8421_inst|ten[2]         ; sys_clk      ; sys_clk     ; 0.000        ; 0.036      ; 0.328      ;
; 0.208 ; inf_rcv:inf_rcv_inst|seg_595_dynamic:seg_595_dynamic_inst|seg_dynamic:seg_dynamic_inst|bcd_8421:bcd_8421_inst|ten[3]         ; inf_rcv:inf_rcv_inst|seg_595_dynamic:seg_595_dynamic_inst|seg_dynamic:seg_dynamic_inst|data_reg[5]                           ; sys_clk      ; sys_clk     ; 0.000        ; 0.036      ; 0.328      ;
+-------+------------------------------------------------------------------------------------------------------------------------------+------------------------------------------------------------------------------------------------------------------------------+--------------+-------------+--------------+------------+------------+


+---------------------------------------------------------------------------------------------------------------------------------------------------------------------------------------------------------------+
; Fast 1200mV 0C Model Minimum Pulse Width: 'sys_clk'                                                                                                                                                           ;
+-------+--------------+----------------+-----------------+---------+------------+------------------------------------------------------------------------------------------------------------------------------+
; Slack ; Actual Width ; Required Width ; Type            ; Clock   ; Clock Edge ; Target                                                                                                                       ;
+-------+--------------+----------------+-----------------+---------+------------+------------------------------------------------------------------------------------------------------------------------------+
; 9.434 ; 9.618        ; 0.184          ; Low Pulse Width ; sys_clk ; Rise       ; inf_rcv:inf_rcv_inst|inf_rcv_decoder:inf_rcv_decoder_inst|cnt[10]                                                            ;
; 9.434 ; 9.618        ; 0.184          ; Low Pulse Width ; sys_clk ; Rise       ; inf_rcv:inf_rcv_inst|inf_rcv_decoder:inf_rcv_decoder_inst|cnt[11]                                                            ;
; 9.434 ; 9.618        ; 0.184          ; Low Pulse Width ; sys_clk ; Rise       ; inf_rcv:inf_rcv_inst|inf_rcv_decoder:inf_rcv_decoder_inst|cnt[12]                                                            ;
; 9.434 ; 9.618        ; 0.184          ; Low Pulse Width ; sys_clk ; Rise       ; inf_rcv:inf_rcv_inst|inf_rcv_decoder:inf_rcv_decoder_inst|cnt[13]                                                            ;
; 9.434 ; 9.618        ; 0.184          ; Low Pulse Width ; sys_clk ; Rise       ; inf_rcv:inf_rcv_inst|inf_rcv_decoder:inf_rcv_decoder_inst|cnt[14]                                                            ;
; 9.434 ; 9.618        ; 0.184          ; Low Pulse Width ; sys_clk ; Rise       ; inf_rcv:inf_rcv_inst|inf_rcv_decoder:inf_rcv_decoder_inst|cnt[15]                                                            ;
; 9.434 ; 9.618        ; 0.184          ; Low Pulse Width ; sys_clk ; Rise       ; inf_rcv:inf_rcv_inst|inf_rcv_decoder:inf_rcv_decoder_inst|cnt[16]                                                            ;
; 9.434 ; 9.618        ; 0.184          ; Low Pulse Width ; sys_clk ; Rise       ; inf_rcv:inf_rcv_inst|inf_rcv_decoder:inf_rcv_decoder_inst|cnt[17]                                                            ;
; 9.434 ; 9.618        ; 0.184          ; Low Pulse Width ; sys_clk ; Rise       ; inf_rcv:inf_rcv_inst|inf_rcv_decoder:inf_rcv_decoder_inst|cnt[18]                                                            ;
; 9.434 ; 9.618        ; 0.184          ; Low Pulse Width ; sys_clk ; Rise       ; inf_rcv:inf_rcv_inst|inf_rcv_decoder:inf_rcv_decoder_inst|cnt[9]                                                             ;
; 9.434 ; 9.618        ; 0.184          ; Low Pulse Width ; sys_clk ; Rise       ; inf_rcv:inf_rcv_inst|inf_rcv_decoder:inf_rcv_decoder_inst|flag_1_69ms                                                        ;
; 9.434 ; 9.618        ; 0.184          ; Low Pulse Width ; sys_clk ; Rise       ; inf_rcv:inf_rcv_inst|inf_rcv_decoder:inf_rcv_decoder_inst|flag_2_25ms                                                        ;
; 9.434 ; 9.618        ; 0.184          ; Low Pulse Width ; sys_clk ; Rise       ; inf_rcv:inf_rcv_inst|inf_rcv_decoder:inf_rcv_decoder_inst|flag_4_5ms                                                         ;
; 9.434 ; 9.618        ; 0.184          ; Low Pulse Width ; sys_clk ; Rise       ; inf_rcv:inf_rcv_inst|inf_rcv_decoder:inf_rcv_decoder_inst|flag_560us                                                         ;
; 9.434 ; 9.618        ; 0.184          ; Low Pulse Width ; sys_clk ; Rise       ; inf_rcv:inf_rcv_inst|inf_rcv_decoder:inf_rcv_decoder_inst|flag_9ms                                                           ;
; 9.435 ; 9.619        ; 0.184          ; Low Pulse Width ; sys_clk ; Rise       ; inf_rcv:inf_rcv_inst|inf_rcv_decoder:inf_rcv_decoder_inst|cnt[0]                                                             ;
; 9.435 ; 9.619        ; 0.184          ; Low Pulse Width ; sys_clk ; Rise       ; inf_rcv:inf_rcv_inst|inf_rcv_decoder:inf_rcv_decoder_inst|cnt[1]                                                             ;
; 9.435 ; 9.619        ; 0.184          ; Low Pulse Width ; sys_clk ; Rise       ; inf_rcv:inf_rcv_inst|inf_rcv_decoder:inf_rcv_decoder_inst|cnt[2]                                                             ;
; 9.435 ; 9.619        ; 0.184          ; Low Pulse Width ; sys_clk ; Rise       ; inf_rcv:inf_rcv_inst|inf_rcv_decoder:inf_rcv_decoder_inst|cnt[3]                                                             ;
; 9.435 ; 9.619        ; 0.184          ; Low Pulse Width ; sys_clk ; Rise       ; inf_rcv:inf_rcv_inst|inf_rcv_decoder:inf_rcv_decoder_inst|cnt[4]                                                             ;
; 9.435 ; 9.619        ; 0.184          ; Low Pulse Width ; sys_clk ; Rise       ; inf_rcv:inf_rcv_inst|inf_rcv_decoder:inf_rcv_decoder_inst|cnt[5]                                                             ;
; 9.435 ; 9.619        ; 0.184          ; Low Pulse Width ; sys_clk ; Rise       ; inf_rcv:inf_rcv_inst|inf_rcv_decoder:inf_rcv_decoder_inst|cnt[6]                                                             ;
; 9.435 ; 9.619        ; 0.184          ; Low Pulse Width ; sys_clk ; Rise       ; inf_rcv:inf_rcv_inst|inf_rcv_decoder:inf_rcv_decoder_inst|cnt[7]                                                             ;
; 9.435 ; 9.619        ; 0.184          ; Low Pulse Width ; sys_clk ; Rise       ; inf_rcv:inf_rcv_inst|inf_rcv_decoder:inf_rcv_decoder_inst|cnt[8]                                                             ;
; 9.435 ; 9.619        ; 0.184          ; Low Pulse Width ; sys_clk ; Rise       ; inf_rcv:inf_rcv_inst|inf_rcv_decoder:inf_rcv_decoder_inst|cnt_data_bit[0]                                                    ;
; 9.435 ; 9.619        ; 0.184          ; Low Pulse Width ; sys_clk ; Rise       ; inf_rcv:inf_rcv_inst|inf_rcv_decoder:inf_rcv_decoder_inst|cnt_data_bit[1]                                                    ;
; 9.435 ; 9.619        ; 0.184          ; Low Pulse Width ; sys_clk ; Rise       ; inf_rcv:inf_rcv_inst|inf_rcv_decoder:inf_rcv_decoder_inst|cnt_data_bit[2]                                                    ;
; 9.435 ; 9.619        ; 0.184          ; Low Pulse Width ; sys_clk ; Rise       ; inf_rcv:inf_rcv_inst|inf_rcv_decoder:inf_rcv_decoder_inst|cnt_data_bit[3]                                                    ;
; 9.435 ; 9.619        ; 0.184          ; Low Pulse Width ; sys_clk ; Rise       ; inf_rcv:inf_rcv_inst|inf_rcv_decoder:inf_rcv_decoder_inst|cnt_data_bit[4]                                                    ;
; 9.435 ; 9.619        ; 0.184          ; Low Pulse Width ; sys_clk ; Rise       ; inf_rcv:inf_rcv_inst|inf_rcv_decoder:inf_rcv_decoder_inst|cnt_data_bit[5]                                                    ;
; 9.435 ; 9.619        ; 0.184          ; Low Pulse Width ; sys_clk ; Rise       ; inf_rcv:inf_rcv_inst|inf_rcv_decoder:inf_rcv_decoder_inst|data_reg[0]                                                        ;
; 9.435 ; 9.619        ; 0.184          ; Low Pulse Width ; sys_clk ; Rise       ; inf_rcv:inf_rcv_inst|inf_rcv_decoder:inf_rcv_decoder_inst|data_reg[10]                                                       ;
; 9.435 ; 9.619        ; 0.184          ; Low Pulse Width ; sys_clk ; Rise       ; inf_rcv:inf_rcv_inst|inf_rcv_decoder:inf_rcv_decoder_inst|data_reg[11]                                                       ;
; 9.435 ; 9.619        ; 0.184          ; Low Pulse Width ; sys_clk ; Rise       ; inf_rcv:inf_rcv_inst|inf_rcv_decoder:inf_rcv_decoder_inst|data_reg[12]                                                       ;
; 9.435 ; 9.619        ; 0.184          ; Low Pulse Width ; sys_clk ; Rise       ; inf_rcv:inf_rcv_inst|inf_rcv_decoder:inf_rcv_decoder_inst|data_reg[13]                                                       ;
; 9.435 ; 9.619        ; 0.184          ; Low Pulse Width ; sys_clk ; Rise       ; inf_rcv:inf_rcv_inst|inf_rcv_decoder:inf_rcv_decoder_inst|data_reg[14]                                                       ;
; 9.435 ; 9.619        ; 0.184          ; Low Pulse Width ; sys_clk ; Rise       ; inf_rcv:inf_rcv_inst|inf_rcv_decoder:inf_rcv_decoder_inst|data_reg[15]                                                       ;
; 9.435 ; 9.619        ; 0.184          ; Low Pulse Width ; sys_clk ; Rise       ; inf_rcv:inf_rcv_inst|inf_rcv_decoder:inf_rcv_decoder_inst|data_reg[16]                                                       ;
; 9.435 ; 9.619        ; 0.184          ; Low Pulse Width ; sys_clk ; Rise       ; inf_rcv:inf_rcv_inst|inf_rcv_decoder:inf_rcv_decoder_inst|data_reg[17]                                                       ;
; 9.435 ; 9.619        ; 0.184          ; Low Pulse Width ; sys_clk ; Rise       ; inf_rcv:inf_rcv_inst|inf_rcv_decoder:inf_rcv_decoder_inst|data_reg[1]                                                        ;
; 9.435 ; 9.619        ; 0.184          ; Low Pulse Width ; sys_clk ; Rise       ; inf_rcv:inf_rcv_inst|inf_rcv_decoder:inf_rcv_decoder_inst|data_reg[24]                                                       ;
; 9.435 ; 9.619        ; 0.184          ; Low Pulse Width ; sys_clk ; Rise       ; inf_rcv:inf_rcv_inst|inf_rcv_decoder:inf_rcv_decoder_inst|data_reg[25]                                                       ;
; 9.435 ; 9.619        ; 0.184          ; Low Pulse Width ; sys_clk ; Rise       ; inf_rcv:inf_rcv_inst|inf_rcv_decoder:inf_rcv_decoder_inst|data_reg[2]                                                        ;
; 9.435 ; 9.619        ; 0.184          ; Low Pulse Width ; sys_clk ; Rise       ; inf_rcv:inf_rcv_inst|inf_rcv_decoder:inf_rcv_decoder_inst|data_reg[3]                                                        ;
; 9.435 ; 9.619        ; 0.184          ; Low Pulse Width ; sys_clk ; Rise       ; inf_rcv:inf_rcv_inst|inf_rcv_decoder:inf_rcv_decoder_inst|data_reg[4]                                                        ;
; 9.435 ; 9.619        ; 0.184          ; Low Pulse Width ; sys_clk ; Rise       ; inf_rcv:inf_rcv_inst|inf_rcv_decoder:inf_rcv_decoder_inst|data_reg[5]                                                        ;
; 9.435 ; 9.619        ; 0.184          ; Low Pulse Width ; sys_clk ; Rise       ; inf_rcv:inf_rcv_inst|inf_rcv_decoder:inf_rcv_decoder_inst|data_reg[6]                                                        ;
; 9.435 ; 9.619        ; 0.184          ; Low Pulse Width ; sys_clk ; Rise       ; inf_rcv:inf_rcv_inst|inf_rcv_decoder:inf_rcv_decoder_inst|data_reg[7]                                                        ;
; 9.435 ; 9.619        ; 0.184          ; Low Pulse Width ; sys_clk ; Rise       ; inf_rcv:inf_rcv_inst|inf_rcv_decoder:inf_rcv_decoder_inst|data_reg[8]                                                        ;
; 9.435 ; 9.619        ; 0.184          ; Low Pulse Width ; sys_clk ; Rise       ; inf_rcv:inf_rcv_inst|inf_rcv_decoder:inf_rcv_decoder_inst|data_reg[9]                                                        ;
; 9.435 ; 9.619        ; 0.184          ; Low Pulse Width ; sys_clk ; Rise       ; inf_rcv:inf_rcv_inst|inf_rcv_decoder:inf_rcv_decoder_inst|inf_in_dly2                                                        ;
; 9.435 ; 9.619        ; 0.184          ; Low Pulse Width ; sys_clk ; Rise       ; inf_rcv:inf_rcv_inst|inf_rcv_decoder:inf_rcv_decoder_inst|inf_in_dly3                                                        ;
; 9.435 ; 9.619        ; 0.184          ; Low Pulse Width ; sys_clk ; Rise       ; inf_rcv:inf_rcv_inst|inf_rcv_decoder:inf_rcv_decoder_inst|repeat_en                                                          ;
; 9.435 ; 9.619        ; 0.184          ; Low Pulse Width ; sys_clk ; Rise       ; inf_rcv:inf_rcv_inst|inf_rcv_decoder:inf_rcv_decoder_inst|state.ARBIT                                                        ;
; 9.435 ; 9.619        ; 0.184          ; Low Pulse Width ; sys_clk ; Rise       ; inf_rcv:inf_rcv_inst|inf_rcv_decoder:inf_rcv_decoder_inst|state.DATA                                                         ;
; 9.435 ; 9.619        ; 0.184          ; Low Pulse Width ; sys_clk ; Rise       ; inf_rcv:inf_rcv_inst|inf_rcv_decoder:inf_rcv_decoder_inst|state.IDLE                                                         ;
; 9.435 ; 9.619        ; 0.184          ; Low Pulse Width ; sys_clk ; Rise       ; inf_rcv:inf_rcv_inst|inf_rcv_decoder:inf_rcv_decoder_inst|state.N_9MS                                                        ;
; 9.435 ; 9.619        ; 0.184          ; Low Pulse Width ; sys_clk ; Rise       ; inf_rcv:inf_rcv_inst|inf_rcv_decoder:inf_rcv_decoder_inst|state.REPEAT                                                       ;
; 9.435 ; 9.619        ; 0.184          ; Low Pulse Width ; sys_clk ; Rise       ; inf_rcv:inf_rcv_inst|led_ctrl:led_ctrl_inst|cnt_50ms[11]                                                                     ;
; 9.435 ; 9.619        ; 0.184          ; Low Pulse Width ; sys_clk ; Rise       ; inf_rcv:inf_rcv_inst|led_ctrl:led_ctrl_inst|cnt_50ms[12]                                                                     ;
; 9.435 ; 9.619        ; 0.184          ; Low Pulse Width ; sys_clk ; Rise       ; inf_rcv:inf_rcv_inst|led_ctrl:led_ctrl_inst|cnt_50ms[13]                                                                     ;
; 9.435 ; 9.619        ; 0.184          ; Low Pulse Width ; sys_clk ; Rise       ; inf_rcv:inf_rcv_inst|led_ctrl:led_ctrl_inst|cnt_50ms[14]                                                                     ;
; 9.435 ; 9.619        ; 0.184          ; Low Pulse Width ; sys_clk ; Rise       ; inf_rcv:inf_rcv_inst|led_ctrl:led_ctrl_inst|cnt_50ms[15]                                                                     ;
; 9.435 ; 9.619        ; 0.184          ; Low Pulse Width ; sys_clk ; Rise       ; inf_rcv:inf_rcv_inst|led_ctrl:led_ctrl_inst|cnt_50ms[16]                                                                     ;
; 9.435 ; 9.619        ; 0.184          ; Low Pulse Width ; sys_clk ; Rise       ; inf_rcv:inf_rcv_inst|led_ctrl:led_ctrl_inst|cnt_50ms[17]                                                                     ;
; 9.435 ; 9.619        ; 0.184          ; Low Pulse Width ; sys_clk ; Rise       ; inf_rcv:inf_rcv_inst|led_ctrl:led_ctrl_inst|cnt_50ms[18]                                                                     ;
; 9.435 ; 9.619        ; 0.184          ; Low Pulse Width ; sys_clk ; Rise       ; inf_rcv:inf_rcv_inst|led_ctrl:led_ctrl_inst|cnt_50ms[19]                                                                     ;
; 9.435 ; 9.619        ; 0.184          ; Low Pulse Width ; sys_clk ; Rise       ; inf_rcv:inf_rcv_inst|led_ctrl:led_ctrl_inst|cnt_50ms[20]                                                                     ;
; 9.435 ; 9.619        ; 0.184          ; Low Pulse Width ; sys_clk ; Rise       ; inf_rcv:inf_rcv_inst|led_ctrl:led_ctrl_inst|cnt_50ms[21]                                                                     ;
; 9.435 ; 9.619        ; 0.184          ; Low Pulse Width ; sys_clk ; Rise       ; inf_rcv:inf_rcv_inst|led_ctrl:led_ctrl_inst|led                                                                              ;
; 9.435 ; 9.619        ; 0.184          ; Low Pulse Width ; sys_clk ; Rise       ; inf_rcv:inf_rcv_inst|led_ctrl:led_ctrl_inst|repeat_en_dly1                                                                   ;
; 9.435 ; 9.619        ; 0.184          ; Low Pulse Width ; sys_clk ; Rise       ; inf_rcv:inf_rcv_inst|led_ctrl:led_ctrl_inst|repeat_en_dly2                                                                   ;
; 9.435 ; 9.619        ; 0.184          ; Low Pulse Width ; sys_clk ; Rise       ; inf_rcv:inf_rcv_inst|seg_595_dynamic:seg_595_dynamic_inst|hc595_ctrl:hc595_ctrl_inst|cnt_bit[0]                              ;
; 9.435 ; 9.619        ; 0.184          ; Low Pulse Width ; sys_clk ; Rise       ; inf_rcv:inf_rcv_inst|seg_595_dynamic:seg_595_dynamic_inst|hc595_ctrl:hc595_ctrl_inst|cnt_bit[1]                              ;
; 9.435 ; 9.619        ; 0.184          ; Low Pulse Width ; sys_clk ; Rise       ; inf_rcv:inf_rcv_inst|seg_595_dynamic:seg_595_dynamic_inst|hc595_ctrl:hc595_ctrl_inst|cnt_bit[2]                              ;
; 9.435 ; 9.619        ; 0.184          ; Low Pulse Width ; sys_clk ; Rise       ; inf_rcv:inf_rcv_inst|seg_595_dynamic:seg_595_dynamic_inst|hc595_ctrl:hc595_ctrl_inst|cnt_bit[3]                              ;
; 9.435 ; 9.619        ; 0.184          ; Low Pulse Width ; sys_clk ; Rise       ; inf_rcv:inf_rcv_inst|seg_595_dynamic:seg_595_dynamic_inst|hc595_ctrl:hc595_ctrl_inst|stcp                                    ;
; 9.435 ; 9.619        ; 0.184          ; Low Pulse Width ; sys_clk ; Rise       ; inf_rcv:inf_rcv_inst|seg_595_dynamic:seg_595_dynamic_inst|seg_dynamic:seg_dynamic_inst|sel[4]                                ;
; 9.435 ; 9.619        ; 0.184          ; Low Pulse Width ; sys_clk ; Rise       ; inf_rcv:inf_rcv_inst|seg_595_dynamic:seg_595_dynamic_inst|seg_dynamic:seg_dynamic_inst|sel[5]                                ;
; 9.436 ; 9.620        ; 0.184          ; Low Pulse Width ; sys_clk ; Rise       ; inf_rcv:inf_rcv_inst|inf_rcv_decoder:inf_rcv_decoder_inst|data[0]                                                            ;
; 9.436 ; 9.620        ; 0.184          ; Low Pulse Width ; sys_clk ; Rise       ; inf_rcv:inf_rcv_inst|inf_rcv_decoder:inf_rcv_decoder_inst|data[1]                                                            ;
; 9.436 ; 9.620        ; 0.184          ; Low Pulse Width ; sys_clk ; Rise       ; inf_rcv:inf_rcv_inst|inf_rcv_decoder:inf_rcv_decoder_inst|data[2]                                                            ;
; 9.436 ; 9.620        ; 0.184          ; Low Pulse Width ; sys_clk ; Rise       ; inf_rcv:inf_rcv_inst|inf_rcv_decoder:inf_rcv_decoder_inst|data[3]                                                            ;
; 9.436 ; 9.620        ; 0.184          ; Low Pulse Width ; sys_clk ; Rise       ; inf_rcv:inf_rcv_inst|inf_rcv_decoder:inf_rcv_decoder_inst|data[4]                                                            ;
; 9.436 ; 9.620        ; 0.184          ; Low Pulse Width ; sys_clk ; Rise       ; inf_rcv:inf_rcv_inst|inf_rcv_decoder:inf_rcv_decoder_inst|data[5]                                                            ;
; 9.436 ; 9.620        ; 0.184          ; Low Pulse Width ; sys_clk ; Rise       ; inf_rcv:inf_rcv_inst|inf_rcv_decoder:inf_rcv_decoder_inst|data[6]                                                            ;
; 9.436 ; 9.620        ; 0.184          ; Low Pulse Width ; sys_clk ; Rise       ; inf_rcv:inf_rcv_inst|inf_rcv_decoder:inf_rcv_decoder_inst|data[7]                                                            ;
; 9.436 ; 9.620        ; 0.184          ; Low Pulse Width ; sys_clk ; Rise       ; inf_rcv:inf_rcv_inst|inf_rcv_decoder:inf_rcv_decoder_inst|inf_in_dly1                                                        ;
; 9.436 ; 9.620        ; 0.184          ; Low Pulse Width ; sys_clk ; Rise       ; inf_rcv:inf_rcv_inst|seg_595_dynamic:seg_595_dynamic_inst|seg_dynamic:seg_dynamic_inst|bcd_8421:bcd_8421_inst|data_shift[0]  ;
; 9.436 ; 9.620        ; 0.184          ; Low Pulse Width ; sys_clk ; Rise       ; inf_rcv:inf_rcv_inst|seg_595_dynamic:seg_595_dynamic_inst|seg_dynamic:seg_dynamic_inst|bcd_8421:bcd_8421_inst|data_shift[10] ;
; 9.436 ; 9.620        ; 0.184          ; Low Pulse Width ; sys_clk ; Rise       ; inf_rcv:inf_rcv_inst|seg_595_dynamic:seg_595_dynamic_inst|seg_dynamic:seg_dynamic_inst|bcd_8421:bcd_8421_inst|data_shift[11] ;
; 9.436 ; 9.620        ; 0.184          ; Low Pulse Width ; sys_clk ; Rise       ; inf_rcv:inf_rcv_inst|seg_595_dynamic:seg_595_dynamic_inst|seg_dynamic:seg_dynamic_inst|bcd_8421:bcd_8421_inst|data_shift[12] ;
; 9.436 ; 9.620        ; 0.184          ; Low Pulse Width ; sys_clk ; Rise       ; inf_rcv:inf_rcv_inst|seg_595_dynamic:seg_595_dynamic_inst|seg_dynamic:seg_dynamic_inst|bcd_8421:bcd_8421_inst|data_shift[13] ;
; 9.436 ; 9.620        ; 0.184          ; Low Pulse Width ; sys_clk ; Rise       ; inf_rcv:inf_rcv_inst|seg_595_dynamic:seg_595_dynamic_inst|seg_dynamic:seg_dynamic_inst|bcd_8421:bcd_8421_inst|data_shift[14] ;
; 9.436 ; 9.620        ; 0.184          ; Low Pulse Width ; sys_clk ; Rise       ; inf_rcv:inf_rcv_inst|seg_595_dynamic:seg_595_dynamic_inst|seg_dynamic:seg_dynamic_inst|bcd_8421:bcd_8421_inst|data_shift[15] ;
; 9.436 ; 9.620        ; 0.184          ; Low Pulse Width ; sys_clk ; Rise       ; inf_rcv:inf_rcv_inst|seg_595_dynamic:seg_595_dynamic_inst|seg_dynamic:seg_dynamic_inst|bcd_8421:bcd_8421_inst|data_shift[16] ;
; 9.436 ; 9.620        ; 0.184          ; Low Pulse Width ; sys_clk ; Rise       ; inf_rcv:inf_rcv_inst|seg_595_dynamic:seg_595_dynamic_inst|seg_dynamic:seg_dynamic_inst|bcd_8421:bcd_8421_inst|data_shift[17] ;
; 9.436 ; 9.620        ; 0.184          ; Low Pulse Width ; sys_clk ; Rise       ; inf_rcv:inf_rcv_inst|seg_595_dynamic:seg_595_dynamic_inst|seg_dynamic:seg_dynamic_inst|bcd_8421:bcd_8421_inst|data_shift[18] ;
; 9.436 ; 9.620        ; 0.184          ; Low Pulse Width ; sys_clk ; Rise       ; inf_rcv:inf_rcv_inst|seg_595_dynamic:seg_595_dynamic_inst|seg_dynamic:seg_dynamic_inst|bcd_8421:bcd_8421_inst|data_shift[19] ;
; 9.436 ; 9.620        ; 0.184          ; Low Pulse Width ; sys_clk ; Rise       ; inf_rcv:inf_rcv_inst|seg_595_dynamic:seg_595_dynamic_inst|seg_dynamic:seg_dynamic_inst|bcd_8421:bcd_8421_inst|data_shift[1]  ;
+-------+--------------+----------------+-----------------+---------+------------+------------------------------------------------------------------------------------------------------------------------------+


+------------------------------------------------------------------------------------------------------------------------------------------------------------------------------------------------------------------------------------------------------------------------------------------------------------------------------------------------------+
; Fast 1200mV 0C Model Minimum Pulse Width: 'pll_25mhz_inst|altpll_component|auto_generated|pll1|clk[0]'                                                                                                                                                                                                                                               ;
+--------+--------------+----------------+------------------+------------------------------------------------------------+------------+----------------------------------------------------------------------------------------------------------------------------------------------------------------------------------------------------------------+
; Slack  ; Actual Width ; Required Width ; Type             ; Clock                                                      ; Clock Edge ; Target                                                                                                                                                                                                         ;
+--------+--------------+----------------+------------------+------------------------------------------------------------+------------+----------------------------------------------------------------------------------------------------------------------------------------------------------------------------------------------------------------+
; 19.734 ; 19.964       ; 0.230          ; Low Pulse Width  ; pll_25mhz_inst|altpll_component|auto_generated|pll1|clk[0] ; Rise       ; pic_rgb_gen:pic_rgb_gen_inst|fifo_256x8:fifo_256x8_inst|scfifo:scfifo_component|scfifo_ov21:auto_generated|a_dpfifo_v531:dpfifo|dpram_4711:FIFOram|altsyncram_q0k1:altsyncram1|ram_block2a0~porta_address_reg0 ;
; 19.734 ; 19.964       ; 0.230          ; Low Pulse Width  ; pll_25mhz_inst|altpll_component|auto_generated|pll1|clk[0] ; Rise       ; pic_rgb_gen:pic_rgb_gen_inst|fifo_256x8:fifo_256x8_inst|scfifo:scfifo_component|scfifo_ov21:auto_generated|a_dpfifo_v531:dpfifo|dpram_4711:FIFOram|altsyncram_q0k1:altsyncram1|ram_block2a0~porta_we_reg       ;
; 19.734 ; 19.964       ; 0.230          ; Low Pulse Width  ; pll_25mhz_inst|altpll_component|auto_generated|pll1|clk[0] ; Rise       ; pic_rgb_gen:pic_rgb_gen_inst|ram_256x2:ram_256x2_inst|altsyncram:altsyncram_component|altsyncram_qbh2:auto_generated|ram_block1a0~porta_address_reg0                                                           ;
; 19.734 ; 19.964       ; 0.230          ; Low Pulse Width  ; pll_25mhz_inst|altpll_component|auto_generated|pll1|clk[0] ; Rise       ; pic_rgb_gen:pic_rgb_gen_inst|ram_256x2:ram_256x2_inst|altsyncram:altsyncram_component|altsyncram_qbh2:auto_generated|ram_block1a0~porta_we_reg                                                                 ;
; 19.735 ; 19.965       ; 0.230          ; Low Pulse Width  ; pll_25mhz_inst|altpll_component|auto_generated|pll1|clk[0] ; Rise       ; pic_rgb_gen:pic_rgb_gen_inst|ram_256x2:ram_256x2_inst|altsyncram:altsyncram_component|altsyncram_qbh2:auto_generated|ram_block1a0~portb_address_reg0                                                           ;
; 19.736 ; 19.966       ; 0.230          ; Low Pulse Width  ; pll_25mhz_inst|altpll_component|auto_generated|pll1|clk[0] ; Rise       ; pic_rgb_gen:pic_rgb_gen_inst|fifo_256x8:fifo_256x8_inst|scfifo:scfifo_component|scfifo_ov21:auto_generated|a_dpfifo_v531:dpfifo|dpram_4711:FIFOram|altsyncram_q0k1:altsyncram1|ram_block2a0~porta_datain_reg0  ;
; 19.736 ; 19.966       ; 0.230          ; Low Pulse Width  ; pll_25mhz_inst|altpll_component|auto_generated|pll1|clk[0] ; Rise       ; pic_rgb_gen:pic_rgb_gen_inst|fifo_256x8:fifo_256x8_inst|scfifo:scfifo_component|scfifo_ov21:auto_generated|a_dpfifo_v531:dpfifo|dpram_4711:FIFOram|altsyncram_q0k1:altsyncram1|ram_block2a0~portb_address_reg0 ;
; 19.736 ; 19.966       ; 0.230          ; Low Pulse Width  ; pll_25mhz_inst|altpll_component|auto_generated|pll1|clk[0] ; Rise       ; pic_rgb_gen:pic_rgb_gen_inst|ram_256x2:ram_256x2_inst|altsyncram:altsyncram_component|altsyncram_qbh2:auto_generated|ram_block1a0~porta_datain_reg0                                                            ;
; 19.737 ; 19.967       ; 0.230          ; Low Pulse Width  ; pll_25mhz_inst|altpll_component|auto_generated|pll1|clk[0] ; Rise       ; pic_rgb_gen:pic_rgb_gen_inst|ram_256x2:ram_256x2_inst|altsyncram:altsyncram_component|altsyncram_qbh2:auto_generated|ram_block1a0~portb_datain_reg0                                                            ;
; 19.796 ; 19.980       ; 0.184          ; Low Pulse Width  ; pll_25mhz_inst|altpll_component|auto_generated|pll1|clk[0] ; Rise       ; pic_rgb_gen:pic_rgb_gen_inst|address_b[0]                                                                                                                                                                      ;
; 19.796 ; 19.980       ; 0.184          ; Low Pulse Width  ; pll_25mhz_inst|altpll_component|auto_generated|pll1|clk[0] ; Rise       ; pic_rgb_gen:pic_rgb_gen_inst|fifo_256x8:fifo_256x8_inst|scfifo:scfifo_component|scfifo_ov21:auto_generated|a_dpfifo_v531:dpfifo|a_fefifo_18e:fifo_state|b_full                                                 ;
; 19.796 ; 19.980       ; 0.184          ; Low Pulse Width  ; pll_25mhz_inst|altpll_component|auto_generated|pll1|clk[0] ; Rise       ; pic_rgb_gen:pic_rgb_gen_inst|fifo_256x8:fifo_256x8_inst|scfifo:scfifo_component|scfifo_ov21:auto_generated|a_dpfifo_v531:dpfifo|a_fefifo_18e:fifo_state|b_non_empty                                            ;
; 19.796 ; 19.980       ; 0.184          ; Low Pulse Width  ; pll_25mhz_inst|altpll_component|auto_generated|pll1|clk[0] ; Rise       ; pic_rgb_gen:pic_rgb_gen_inst|fifo_256x8:fifo_256x8_inst|scfifo:scfifo_component|scfifo_ov21:auto_generated|a_dpfifo_v531:dpfifo|a_fefifo_18e:fifo_state|cntr_fo7:count_usedw|counter_reg_bit[0]                ;
; 19.796 ; 19.980       ; 0.184          ; Low Pulse Width  ; pll_25mhz_inst|altpll_component|auto_generated|pll1|clk[0] ; Rise       ; pic_rgb_gen:pic_rgb_gen_inst|fifo_256x8:fifo_256x8_inst|scfifo:scfifo_component|scfifo_ov21:auto_generated|a_dpfifo_v531:dpfifo|a_fefifo_18e:fifo_state|cntr_fo7:count_usedw|counter_reg_bit[1]                ;
; 19.796 ; 19.980       ; 0.184          ; Low Pulse Width  ; pll_25mhz_inst|altpll_component|auto_generated|pll1|clk[0] ; Rise       ; pic_rgb_gen:pic_rgb_gen_inst|fifo_256x8:fifo_256x8_inst|scfifo:scfifo_component|scfifo_ov21:auto_generated|a_dpfifo_v531:dpfifo|a_fefifo_18e:fifo_state|cntr_fo7:count_usedw|counter_reg_bit[2]                ;
; 19.796 ; 19.980       ; 0.184          ; Low Pulse Width  ; pll_25mhz_inst|altpll_component|auto_generated|pll1|clk[0] ; Rise       ; pic_rgb_gen:pic_rgb_gen_inst|fifo_256x8:fifo_256x8_inst|scfifo:scfifo_component|scfifo_ov21:auto_generated|a_dpfifo_v531:dpfifo|a_fefifo_18e:fifo_state|cntr_fo7:count_usedw|counter_reg_bit[3]                ;
; 19.796 ; 19.980       ; 0.184          ; Low Pulse Width  ; pll_25mhz_inst|altpll_component|auto_generated|pll1|clk[0] ; Rise       ; pic_rgb_gen:pic_rgb_gen_inst|fifo_256x8:fifo_256x8_inst|scfifo:scfifo_component|scfifo_ov21:auto_generated|a_dpfifo_v531:dpfifo|a_fefifo_18e:fifo_state|cntr_fo7:count_usedw|counter_reg_bit[4]                ;
; 19.796 ; 19.980       ; 0.184          ; Low Pulse Width  ; pll_25mhz_inst|altpll_component|auto_generated|pll1|clk[0] ; Rise       ; pic_rgb_gen:pic_rgb_gen_inst|fifo_256x8:fifo_256x8_inst|scfifo:scfifo_component|scfifo_ov21:auto_generated|a_dpfifo_v531:dpfifo|a_fefifo_18e:fifo_state|cntr_fo7:count_usedw|counter_reg_bit[5]                ;
; 19.796 ; 19.980       ; 0.184          ; Low Pulse Width  ; pll_25mhz_inst|altpll_component|auto_generated|pll1|clk[0] ; Rise       ; pic_rgb_gen:pic_rgb_gen_inst|fifo_256x8:fifo_256x8_inst|scfifo:scfifo_component|scfifo_ov21:auto_generated|a_dpfifo_v531:dpfifo|a_fefifo_18e:fifo_state|cntr_fo7:count_usedw|counter_reg_bit[6]                ;
; 19.796 ; 19.980       ; 0.184          ; Low Pulse Width  ; pll_25mhz_inst|altpll_component|auto_generated|pll1|clk[0] ; Rise       ; pic_rgb_gen:pic_rgb_gen_inst|fifo_256x8:fifo_256x8_inst|scfifo:scfifo_component|scfifo_ov21:auto_generated|a_dpfifo_v531:dpfifo|a_fefifo_18e:fifo_state|cntr_fo7:count_usedw|counter_reg_bit[7]                ;
; 19.796 ; 19.980       ; 0.184          ; Low Pulse Width  ; pll_25mhz_inst|altpll_component|auto_generated|pll1|clk[0] ; Rise       ; pic_rgb_gen:pic_rgb_gen_inst|fifo_256x8:fifo_256x8_inst|scfifo:scfifo_component|scfifo_ov21:auto_generated|a_dpfifo_v531:dpfifo|cntr_3ob:rd_ptr_count|counter_reg_bit[0]                                       ;
; 19.796 ; 19.980       ; 0.184          ; Low Pulse Width  ; pll_25mhz_inst|altpll_component|auto_generated|pll1|clk[0] ; Rise       ; pic_rgb_gen:pic_rgb_gen_inst|fifo_256x8:fifo_256x8_inst|scfifo:scfifo_component|scfifo_ov21:auto_generated|a_dpfifo_v531:dpfifo|cntr_3ob:rd_ptr_count|counter_reg_bit[1]                                       ;
; 19.796 ; 19.980       ; 0.184          ; Low Pulse Width  ; pll_25mhz_inst|altpll_component|auto_generated|pll1|clk[0] ; Rise       ; pic_rgb_gen:pic_rgb_gen_inst|fifo_256x8:fifo_256x8_inst|scfifo:scfifo_component|scfifo_ov21:auto_generated|a_dpfifo_v531:dpfifo|cntr_3ob:rd_ptr_count|counter_reg_bit[2]                                       ;
; 19.796 ; 19.980       ; 0.184          ; Low Pulse Width  ; pll_25mhz_inst|altpll_component|auto_generated|pll1|clk[0] ; Rise       ; pic_rgb_gen:pic_rgb_gen_inst|fifo_256x8:fifo_256x8_inst|scfifo:scfifo_component|scfifo_ov21:auto_generated|a_dpfifo_v531:dpfifo|cntr_3ob:rd_ptr_count|counter_reg_bit[3]                                       ;
; 19.796 ; 19.980       ; 0.184          ; Low Pulse Width  ; pll_25mhz_inst|altpll_component|auto_generated|pll1|clk[0] ; Rise       ; pic_rgb_gen:pic_rgb_gen_inst|fifo_256x8:fifo_256x8_inst|scfifo:scfifo_component|scfifo_ov21:auto_generated|a_dpfifo_v531:dpfifo|cntr_3ob:rd_ptr_count|counter_reg_bit[4]                                       ;
; 19.796 ; 19.980       ; 0.184          ; Low Pulse Width  ; pll_25mhz_inst|altpll_component|auto_generated|pll1|clk[0] ; Rise       ; pic_rgb_gen:pic_rgb_gen_inst|fifo_256x8:fifo_256x8_inst|scfifo:scfifo_component|scfifo_ov21:auto_generated|a_dpfifo_v531:dpfifo|cntr_3ob:rd_ptr_count|counter_reg_bit[5]                                       ;
; 19.796 ; 19.980       ; 0.184          ; Low Pulse Width  ; pll_25mhz_inst|altpll_component|auto_generated|pll1|clk[0] ; Rise       ; pic_rgb_gen:pic_rgb_gen_inst|fifo_256x8:fifo_256x8_inst|scfifo:scfifo_component|scfifo_ov21:auto_generated|a_dpfifo_v531:dpfifo|cntr_3ob:rd_ptr_count|counter_reg_bit[6]                                       ;
; 19.796 ; 19.980       ; 0.184          ; Low Pulse Width  ; pll_25mhz_inst|altpll_component|auto_generated|pll1|clk[0] ; Rise       ; pic_rgb_gen:pic_rgb_gen_inst|fifo_256x8:fifo_256x8_inst|scfifo:scfifo_component|scfifo_ov21:auto_generated|a_dpfifo_v531:dpfifo|cntr_3ob:rd_ptr_count|counter_reg_bit[7]                                       ;
; 19.796 ; 19.980       ; 0.184          ; Low Pulse Width  ; pll_25mhz_inst|altpll_component|auto_generated|pll1|clk[0] ; Rise       ; pic_rgb_gen:pic_rgb_gen_inst|fifo_256x8:fifo_256x8_inst|scfifo:scfifo_component|scfifo_ov21:auto_generated|a_dpfifo_v531:dpfifo|cntr_3ob:wr_ptr|counter_reg_bit[0]                                             ;
; 19.796 ; 19.980       ; 0.184          ; Low Pulse Width  ; pll_25mhz_inst|altpll_component|auto_generated|pll1|clk[0] ; Rise       ; pic_rgb_gen:pic_rgb_gen_inst|fifo_256x8:fifo_256x8_inst|scfifo:scfifo_component|scfifo_ov21:auto_generated|a_dpfifo_v531:dpfifo|cntr_3ob:wr_ptr|counter_reg_bit[1]                                             ;
; 19.796 ; 19.980       ; 0.184          ; Low Pulse Width  ; pll_25mhz_inst|altpll_component|auto_generated|pll1|clk[0] ; Rise       ; pic_rgb_gen:pic_rgb_gen_inst|fifo_256x8:fifo_256x8_inst|scfifo:scfifo_component|scfifo_ov21:auto_generated|a_dpfifo_v531:dpfifo|cntr_3ob:wr_ptr|counter_reg_bit[2]                                             ;
; 19.796 ; 19.980       ; 0.184          ; Low Pulse Width  ; pll_25mhz_inst|altpll_component|auto_generated|pll1|clk[0] ; Rise       ; pic_rgb_gen:pic_rgb_gen_inst|fifo_256x8:fifo_256x8_inst|scfifo:scfifo_component|scfifo_ov21:auto_generated|a_dpfifo_v531:dpfifo|cntr_3ob:wr_ptr|counter_reg_bit[3]                                             ;
; 19.796 ; 19.980       ; 0.184          ; Low Pulse Width  ; pll_25mhz_inst|altpll_component|auto_generated|pll1|clk[0] ; Rise       ; pic_rgb_gen:pic_rgb_gen_inst|fifo_256x8:fifo_256x8_inst|scfifo:scfifo_component|scfifo_ov21:auto_generated|a_dpfifo_v531:dpfifo|cntr_3ob:wr_ptr|counter_reg_bit[4]                                             ;
; 19.796 ; 19.980       ; 0.184          ; Low Pulse Width  ; pll_25mhz_inst|altpll_component|auto_generated|pll1|clk[0] ; Rise       ; pic_rgb_gen:pic_rgb_gen_inst|fifo_256x8:fifo_256x8_inst|scfifo:scfifo_component|scfifo_ov21:auto_generated|a_dpfifo_v531:dpfifo|cntr_3ob:wr_ptr|counter_reg_bit[5]                                             ;
; 19.796 ; 19.980       ; 0.184          ; Low Pulse Width  ; pll_25mhz_inst|altpll_component|auto_generated|pll1|clk[0] ; Rise       ; pic_rgb_gen:pic_rgb_gen_inst|fifo_256x8:fifo_256x8_inst|scfifo:scfifo_component|scfifo_ov21:auto_generated|a_dpfifo_v531:dpfifo|cntr_3ob:wr_ptr|counter_reg_bit[6]                                             ;
; 19.796 ; 19.980       ; 0.184          ; Low Pulse Width  ; pll_25mhz_inst|altpll_component|auto_generated|pll1|clk[0] ; Rise       ; pic_rgb_gen:pic_rgb_gen_inst|fifo_256x8:fifo_256x8_inst|scfifo:scfifo_component|scfifo_ov21:auto_generated|a_dpfifo_v531:dpfifo|cntr_3ob:wr_ptr|counter_reg_bit[7]                                             ;
; 19.796 ; 19.980       ; 0.184          ; Low Pulse Width  ; pll_25mhz_inst|altpll_component|auto_generated|pll1|clk[0] ; Rise       ; vga_ctrl:vga_ctrl_inst|cnt_h[0]                                                                                                                                                                                ;
; 19.796 ; 19.980       ; 0.184          ; Low Pulse Width  ; pll_25mhz_inst|altpll_component|auto_generated|pll1|clk[0] ; Rise       ; vga_ctrl:vga_ctrl_inst|cnt_h[1]                                                                                                                                                                                ;
; 19.796 ; 19.980       ; 0.184          ; Low Pulse Width  ; pll_25mhz_inst|altpll_component|auto_generated|pll1|clk[0] ; Rise       ; vga_ctrl:vga_ctrl_inst|cnt_h[2]                                                                                                                                                                                ;
; 19.796 ; 19.980       ; 0.184          ; Low Pulse Width  ; pll_25mhz_inst|altpll_component|auto_generated|pll1|clk[0] ; Rise       ; vga_ctrl:vga_ctrl_inst|cnt_h[3]                                                                                                                                                                                ;
; 19.796 ; 19.980       ; 0.184          ; Low Pulse Width  ; pll_25mhz_inst|altpll_component|auto_generated|pll1|clk[0] ; Rise       ; vga_ctrl:vga_ctrl_inst|cnt_h[4]                                                                                                                                                                                ;
; 19.796 ; 19.980       ; 0.184          ; Low Pulse Width  ; pll_25mhz_inst|altpll_component|auto_generated|pll1|clk[0] ; Rise       ; vga_ctrl:vga_ctrl_inst|cnt_h[5]                                                                                                                                                                                ;
; 19.796 ; 19.980       ; 0.184          ; Low Pulse Width  ; pll_25mhz_inst|altpll_component|auto_generated|pll1|clk[0] ; Rise       ; vga_ctrl:vga_ctrl_inst|cnt_h[6]                                                                                                                                                                                ;
; 19.796 ; 19.980       ; 0.184          ; Low Pulse Width  ; pll_25mhz_inst|altpll_component|auto_generated|pll1|clk[0] ; Rise       ; vga_ctrl:vga_ctrl_inst|cnt_h[7]                                                                                                                                                                                ;
; 19.797 ; 19.981       ; 0.184          ; Low Pulse Width  ; pll_25mhz_inst|altpll_component|auto_generated|pll1|clk[0] ; Rise       ; pic_rgb_gen:pic_rgb_gen_inst|address_a[0]                                                                                                                                                                      ;
; 19.797 ; 19.981       ; 0.184          ; Low Pulse Width  ; pll_25mhz_inst|altpll_component|auto_generated|pll1|clk[0] ; Rise       ; pic_rgb_gen:pic_rgb_gen_inst|address_a[1]                                                                                                                                                                      ;
; 19.797 ; 19.981       ; 0.184          ; Low Pulse Width  ; pll_25mhz_inst|altpll_component|auto_generated|pll1|clk[0] ; Rise       ; pic_rgb_gen:pic_rgb_gen_inst|address_a[2]                                                                                                                                                                      ;
; 19.797 ; 19.981       ; 0.184          ; Low Pulse Width  ; pll_25mhz_inst|altpll_component|auto_generated|pll1|clk[0] ; Rise       ; pic_rgb_gen:pic_rgb_gen_inst|address_a[3]                                                                                                                                                                      ;
; 19.797 ; 19.981       ; 0.184          ; Low Pulse Width  ; pll_25mhz_inst|altpll_component|auto_generated|pll1|clk[0] ; Rise       ; pic_rgb_gen:pic_rgb_gen_inst|address_a[4]                                                                                                                                                                      ;
; 19.797 ; 19.981       ; 0.184          ; Low Pulse Width  ; pll_25mhz_inst|altpll_component|auto_generated|pll1|clk[0] ; Rise       ; pic_rgb_gen:pic_rgb_gen_inst|address_a[5]                                                                                                                                                                      ;
; 19.797 ; 19.981       ; 0.184          ; Low Pulse Width  ; pll_25mhz_inst|altpll_component|auto_generated|pll1|clk[0] ; Rise       ; pic_rgb_gen:pic_rgb_gen_inst|address_a[6]                                                                                                                                                                      ;
; 19.797 ; 19.981       ; 0.184          ; Low Pulse Width  ; pll_25mhz_inst|altpll_component|auto_generated|pll1|clk[0] ; Rise       ; pic_rgb_gen:pic_rgb_gen_inst|address_a[7]                                                                                                                                                                      ;
; 19.797 ; 19.981       ; 0.184          ; Low Pulse Width  ; pll_25mhz_inst|altpll_component|auto_generated|pll1|clk[0] ; Rise       ; pic_rgb_gen:pic_rgb_gen_inst|address_b[1]                                                                                                                                                                      ;
; 19.797 ; 19.981       ; 0.184          ; Low Pulse Width  ; pll_25mhz_inst|altpll_component|auto_generated|pll1|clk[0] ; Rise       ; pic_rgb_gen:pic_rgb_gen_inst|address_b[2]                                                                                                                                                                      ;
; 19.797 ; 19.981       ; 0.184          ; Low Pulse Width  ; pll_25mhz_inst|altpll_component|auto_generated|pll1|clk[0] ; Rise       ; pic_rgb_gen:pic_rgb_gen_inst|address_b[3]                                                                                                                                                                      ;
; 19.797 ; 19.981       ; 0.184          ; Low Pulse Width  ; pll_25mhz_inst|altpll_component|auto_generated|pll1|clk[0] ; Rise       ; pic_rgb_gen:pic_rgb_gen_inst|new_head_x[0]                                                                                                                                                                     ;
; 19.797 ; 19.981       ; 0.184          ; Low Pulse Width  ; pll_25mhz_inst|altpll_component|auto_generated|pll1|clk[0] ; Rise       ; pic_rgb_gen:pic_rgb_gen_inst|new_head_x[1]                                                                                                                                                                     ;
; 19.797 ; 19.981       ; 0.184          ; Low Pulse Width  ; pll_25mhz_inst|altpll_component|auto_generated|pll1|clk[0] ; Rise       ; pic_rgb_gen:pic_rgb_gen_inst|new_head_x[2]                                                                                                                                                                     ;
; 19.797 ; 19.981       ; 0.184          ; Low Pulse Width  ; pll_25mhz_inst|altpll_component|auto_generated|pll1|clk[0] ; Rise       ; pic_rgb_gen:pic_rgb_gen_inst|new_head_x[3]                                                                                                                                                                     ;
; 19.797 ; 19.981       ; 0.184          ; Low Pulse Width  ; pll_25mhz_inst|altpll_component|auto_generated|pll1|clk[0] ; Rise       ; pic_rgb_gen:pic_rgb_gen_inst|new_head_y[0]                                                                                                                                                                     ;
; 19.797 ; 19.981       ; 0.184          ; Low Pulse Width  ; pll_25mhz_inst|altpll_component|auto_generated|pll1|clk[0] ; Rise       ; pic_rgb_gen:pic_rgb_gen_inst|pi_data[0]                                                                                                                                                                        ;
; 19.797 ; 19.981       ; 0.184          ; Low Pulse Width  ; pll_25mhz_inst|altpll_component|auto_generated|pll1|clk[0] ; Rise       ; pic_rgb_gen:pic_rgb_gen_inst|pi_data[1]                                                                                                                                                                        ;
; 19.797 ; 19.981       ; 0.184          ; Low Pulse Width  ; pll_25mhz_inst|altpll_component|auto_generated|pll1|clk[0] ; Rise       ; pic_rgb_gen:pic_rgb_gen_inst|pi_data[2]                                                                                                                                                                        ;
; 19.797 ; 19.981       ; 0.184          ; Low Pulse Width  ; pll_25mhz_inst|altpll_component|auto_generated|pll1|clk[0] ; Rise       ; pic_rgb_gen:pic_rgb_gen_inst|pi_data[3]                                                                                                                                                                        ;
; 19.797 ; 19.981       ; 0.184          ; Low Pulse Width  ; pll_25mhz_inst|altpll_component|auto_generated|pll1|clk[0] ; Rise       ; pic_rgb_gen:pic_rgb_gen_inst|pi_data[4]                                                                                                                                                                        ;
; 19.797 ; 19.981       ; 0.184          ; Low Pulse Width  ; pll_25mhz_inst|altpll_component|auto_generated|pll1|clk[0] ; Rise       ; pic_rgb_gen:pic_rgb_gen_inst|pi_data[5]                                                                                                                                                                        ;
; 19.797 ; 19.981       ; 0.184          ; Low Pulse Width  ; pll_25mhz_inst|altpll_component|auto_generated|pll1|clk[0] ; Rise       ; pic_rgb_gen:pic_rgb_gen_inst|pi_data[6]                                                                                                                                                                        ;
; 19.797 ; 19.981       ; 0.184          ; Low Pulse Width  ; pll_25mhz_inst|altpll_component|auto_generated|pll1|clk[0] ; Rise       ; pic_rgb_gen:pic_rgb_gen_inst|pi_data[7]                                                                                                                                                                        ;
; 19.797 ; 19.981       ; 0.184          ; Low Pulse Width  ; pll_25mhz_inst|altpll_component|auto_generated|pll1|clk[0] ; Rise       ; pic_rgb_gen:pic_rgb_gen_inst|pix_rgb_data[0]                                                                                                                                                                   ;
; 19.797 ; 19.981       ; 0.184          ; Low Pulse Width  ; pll_25mhz_inst|altpll_component|auto_generated|pll1|clk[0] ; Rise       ; pic_rgb_gen:pic_rgb_gen_inst|pix_rgb_data[15]                                                                                                                                                                  ;
; 19.797 ; 19.981       ; 0.184          ; Low Pulse Width  ; pll_25mhz_inst|altpll_component|auto_generated|pll1|clk[0] ; Rise       ; pic_rgb_gen:pic_rgb_gen_inst|prbs8bit:prbs8bit_inst|lfsr_reg[0]                                                                                                                                                ;
; 19.797 ; 19.981       ; 0.184          ; Low Pulse Width  ; pll_25mhz_inst|altpll_component|auto_generated|pll1|clk[0] ; Rise       ; pic_rgb_gen:pic_rgb_gen_inst|prbs8bit:prbs8bit_inst|lfsr_reg[1]                                                                                                                                                ;
; 19.797 ; 19.981       ; 0.184          ; Low Pulse Width  ; pll_25mhz_inst|altpll_component|auto_generated|pll1|clk[0] ; Rise       ; pic_rgb_gen:pic_rgb_gen_inst|prbs8bit:prbs8bit_inst|lfsr_reg[2]                                                                                                                                                ;
; 19.797 ; 19.981       ; 0.184          ; Low Pulse Width  ; pll_25mhz_inst|altpll_component|auto_generated|pll1|clk[0] ; Rise       ; pic_rgb_gen:pic_rgb_gen_inst|prbs8bit:prbs8bit_inst|lfsr_reg[3]                                                                                                                                                ;
; 19.797 ; 19.981       ; 0.184          ; Low Pulse Width  ; pll_25mhz_inst|altpll_component|auto_generated|pll1|clk[0] ; Rise       ; pic_rgb_gen:pic_rgb_gen_inst|prbs8bit:prbs8bit_inst|lfsr_reg[4]                                                                                                                                                ;
; 19.797 ; 19.981       ; 0.184          ; Low Pulse Width  ; pll_25mhz_inst|altpll_component|auto_generated|pll1|clk[0] ; Rise       ; pic_rgb_gen:pic_rgb_gen_inst|prbs8bit:prbs8bit_inst|lfsr_reg[5]                                                                                                                                                ;
; 19.797 ; 19.981       ; 0.184          ; Low Pulse Width  ; pll_25mhz_inst|altpll_component|auto_generated|pll1|clk[0] ; Rise       ; pic_rgb_gen:pic_rgb_gen_inst|prbs8bit:prbs8bit_inst|lfsr_reg[6]                                                                                                                                                ;
; 19.797 ; 19.981       ; 0.184          ; Low Pulse Width  ; pll_25mhz_inst|altpll_component|auto_generated|pll1|clk[0] ; Rise       ; pic_rgb_gen:pic_rgb_gen_inst|prbs8bit:prbs8bit_inst|lfsr_reg[7]                                                                                                                                                ;
; 19.797 ; 19.981       ; 0.184          ; Low Pulse Width  ; pll_25mhz_inst|altpll_component|auto_generated|pll1|clk[0] ; Rise       ; pic_rgb_gen:pic_rgb_gen_inst|seed[4]                                                                                                                                                                           ;
; 19.797 ; 19.981       ; 0.184          ; Low Pulse Width  ; pll_25mhz_inst|altpll_component|auto_generated|pll1|clk[0] ; Rise       ; pic_rgb_gen:pic_rgb_gen_inst|seed[5]                                                                                                                                                                           ;
; 19.797 ; 19.981       ; 0.184          ; Low Pulse Width  ; pll_25mhz_inst|altpll_component|auto_generated|pll1|clk[0] ; Rise       ; pic_rgb_gen:pic_rgb_gen_inst|seed[6]                                                                                                                                                                           ;
; 19.798 ; 20.014       ; 0.216          ; High Pulse Width ; pll_25mhz_inst|altpll_component|auto_generated|pll1|clk[0] ; Rise       ; pic_rgb_gen:pic_rgb_gen_inst|address_b[5]                                                                                                                                                                      ;
; 19.798 ; 20.014       ; 0.216          ; High Pulse Width ; pll_25mhz_inst|altpll_component|auto_generated|pll1|clk[0] ; Rise       ; pic_rgb_gen:pic_rgb_gen_inst|address_b[6]                                                                                                                                                                      ;
; 19.798 ; 19.982       ; 0.184          ; Low Pulse Width  ; pll_25mhz_inst|altpll_component|auto_generated|pll1|clk[0] ; Rise       ; pic_rgb_gen:pic_rgb_gen_inst|cnt_pre_addr[0]                                                                                                                                                                   ;
; 19.798 ; 19.982       ; 0.184          ; Low Pulse Width  ; pll_25mhz_inst|altpll_component|auto_generated|pll1|clk[0] ; Rise       ; pic_rgb_gen:pic_rgb_gen_inst|cnt_pre_addr[1]                                                                                                                                                                   ;
; 19.798 ; 19.982       ; 0.184          ; Low Pulse Width  ; pll_25mhz_inst|altpll_component|auto_generated|pll1|clk[0] ; Rise       ; pic_rgb_gen:pic_rgb_gen_inst|cnt_pre_addr[2]                                                                                                                                                                   ;
; 19.798 ; 19.982       ; 0.184          ; Low Pulse Width  ; pll_25mhz_inst|altpll_component|auto_generated|pll1|clk[0] ; Rise       ; pic_rgb_gen:pic_rgb_gen_inst|cnt_pre_addr[3]                                                                                                                                                                   ;
; 19.798 ; 19.982       ; 0.184          ; Low Pulse Width  ; pll_25mhz_inst|altpll_component|auto_generated|pll1|clk[0] ; Rise       ; pic_rgb_gen:pic_rgb_gen_inst|cnt_pre_addr[4]                                                                                                                                                                   ;
; 19.798 ; 19.982       ; 0.184          ; Low Pulse Width  ; pll_25mhz_inst|altpll_component|auto_generated|pll1|clk[0] ; Rise       ; pic_rgb_gen:pic_rgb_gen_inst|cnt_pre_addr[5]                                                                                                                                                                   ;
; 19.798 ; 19.982       ; 0.184          ; Low Pulse Width  ; pll_25mhz_inst|altpll_component|auto_generated|pll1|clk[0] ; Rise       ; pic_rgb_gen:pic_rgb_gen_inst|cnt_pre_addr[6]                                                                                                                                                                   ;
; 19.798 ; 19.982       ; 0.184          ; Low Pulse Width  ; pll_25mhz_inst|altpll_component|auto_generated|pll1|clk[0] ; Rise       ; pic_rgb_gen:pic_rgb_gen_inst|cnt_pre_addr[7]                                                                                                                                                                   ;
; 19.798 ; 19.982       ; 0.184          ; Low Pulse Width  ; pll_25mhz_inst|altpll_component|auto_generated|pll1|clk[0] ; Rise       ; pic_rgb_gen:pic_rgb_gen_inst|cnt_tick[0]                                                                                                                                                                       ;
; 19.798 ; 19.982       ; 0.184          ; Low Pulse Width  ; pll_25mhz_inst|altpll_component|auto_generated|pll1|clk[0] ; Rise       ; pic_rgb_gen:pic_rgb_gen_inst|cnt_tick[10]                                                                                                                                                                      ;
; 19.798 ; 19.982       ; 0.184          ; Low Pulse Width  ; pll_25mhz_inst|altpll_component|auto_generated|pll1|clk[0] ; Rise       ; pic_rgb_gen:pic_rgb_gen_inst|cnt_tick[11]                                                                                                                                                                      ;
; 19.798 ; 19.982       ; 0.184          ; Low Pulse Width  ; pll_25mhz_inst|altpll_component|auto_generated|pll1|clk[0] ; Rise       ; pic_rgb_gen:pic_rgb_gen_inst|cnt_tick[12]                                                                                                                                                                      ;
; 19.798 ; 19.982       ; 0.184          ; Low Pulse Width  ; pll_25mhz_inst|altpll_component|auto_generated|pll1|clk[0] ; Rise       ; pic_rgb_gen:pic_rgb_gen_inst|cnt_tick[13]                                                                                                                                                                      ;
; 19.798 ; 19.982       ; 0.184          ; Low Pulse Width  ; pll_25mhz_inst|altpll_component|auto_generated|pll1|clk[0] ; Rise       ; pic_rgb_gen:pic_rgb_gen_inst|cnt_tick[14]                                                                                                                                                                      ;
; 19.798 ; 19.982       ; 0.184          ; Low Pulse Width  ; pll_25mhz_inst|altpll_component|auto_generated|pll1|clk[0] ; Rise       ; pic_rgb_gen:pic_rgb_gen_inst|cnt_tick[15]                                                                                                                                                                      ;
; 19.798 ; 19.982       ; 0.184          ; Low Pulse Width  ; pll_25mhz_inst|altpll_component|auto_generated|pll1|clk[0] ; Rise       ; pic_rgb_gen:pic_rgb_gen_inst|cnt_tick[16]                                                                                                                                                                      ;
; 19.798 ; 19.982       ; 0.184          ; Low Pulse Width  ; pll_25mhz_inst|altpll_component|auto_generated|pll1|clk[0] ; Rise       ; pic_rgb_gen:pic_rgb_gen_inst|cnt_tick[17]                                                                                                                                                                      ;
+--------+--------------+----------------+------------------+------------------------------------------------------------+------------+----------------------------------------------------------------------------------------------------------------------------------------------------------------------------------------------------------------+


+------------------------------------------------------------------------------------------------------------------+
; Setup Times                                                                                                      ;
+-----------+------------+-------+-------+------------+------------------------------------------------------------+
; Data Port ; Clock Port ; Rise  ; Fall  ; Clock Edge ; Clock Reference                                            ;
+-----------+------------+-------+-------+------------+------------------------------------------------------------+
; sys_rst_n ; sys_clk    ; 2.636 ; 2.823 ; Rise       ; pll_25mhz_inst|altpll_component|auto_generated|pll1|clk[0] ;
; inf_in    ; sys_clk    ; 1.002 ; 1.587 ; Rise       ; sys_clk                                                    ;
+-----------+------------+-------+-------+------------+------------------------------------------------------------+


+--------------------------------------------------------------------------------------------------------------------+
; Hold Times                                                                                                         ;
+-----------+------------+--------+--------+------------+------------------------------------------------------------+
; Data Port ; Clock Port ; Rise   ; Fall   ; Clock Edge ; Clock Reference                                            ;
+-----------+------------+--------+--------+------------+------------------------------------------------------------+
; sys_rst_n ; sys_clk    ; -1.862 ; -2.076 ; Rise       ; pll_25mhz_inst|altpll_component|auto_generated|pll1|clk[0] ;
; inf_in    ; sys_clk    ; -0.796 ; -1.368 ; Rise       ; sys_clk                                                    ;
+-----------+------------+--------+--------+------------+------------------------------------------------------------+


+------------------------------------------------------------------------------------------------------------------+
; Clock to Output Times                                                                                            ;
+-----------+------------+-------+-------+------------+------------------------------------------------------------+
; Data Port ; Clock Port ; Rise  ; Fall  ; Clock Edge ; Clock Reference                                            ;
+-----------+------------+-------+-------+------------+------------------------------------------------------------+
; hsync     ; sys_clk    ; 3.317 ; 3.269 ; Rise       ; pll_25mhz_inst|altpll_component|auto_generated|pll1|clk[0] ;
; rgb[*]    ; sys_clk    ; 5.182 ; 5.496 ; Rise       ; pll_25mhz_inst|altpll_component|auto_generated|pll1|clk[0] ;
;  rgb[0]   ; sys_clk    ; 4.867 ; 5.141 ; Rise       ; pll_25mhz_inst|altpll_component|auto_generated|pll1|clk[0] ;
;  rgb[1]   ; sys_clk    ; 5.052 ; 5.345 ; Rise       ; pll_25mhz_inst|altpll_component|auto_generated|pll1|clk[0] ;
;  rgb[2]   ; sys_clk    ; 5.042 ; 5.335 ; Rise       ; pll_25mhz_inst|altpll_component|auto_generated|pll1|clk[0] ;
;  rgb[3]   ; sys_clk    ; 5.182 ; 5.496 ; Rise       ; pll_25mhz_inst|altpll_component|auto_generated|pll1|clk[0] ;
;  rgb[4]   ; sys_clk    ; 5.172 ; 5.486 ; Rise       ; pll_25mhz_inst|altpll_component|auto_generated|pll1|clk[0] ;
;  rgb[5]   ; sys_clk    ; 4.939 ; 5.217 ; Rise       ; pll_25mhz_inst|altpll_component|auto_generated|pll1|clk[0] ;
;  rgb[6]   ; sys_clk    ; 4.929 ; 5.207 ; Rise       ; pll_25mhz_inst|altpll_component|auto_generated|pll1|clk[0] ;
;  rgb[7]   ; sys_clk    ; 4.932 ; 5.209 ; Rise       ; pll_25mhz_inst|altpll_component|auto_generated|pll1|clk[0] ;
;  rgb[8]   ; sys_clk    ; 4.932 ; 5.209 ; Rise       ; pll_25mhz_inst|altpll_component|auto_generated|pll1|clk[0] ;
;  rgb[9]   ; sys_clk    ; 4.779 ; 5.031 ; Rise       ; pll_25mhz_inst|altpll_component|auto_generated|pll1|clk[0] ;
;  rgb[10]  ; sys_clk    ; 4.789 ; 5.041 ; Rise       ; pll_25mhz_inst|altpll_component|auto_generated|pll1|clk[0] ;
;  rgb[11]  ; sys_clk    ; 4.572 ; 4.804 ; Rise       ; pll_25mhz_inst|altpll_component|auto_generated|pll1|clk[0] ;
;  rgb[12]  ; sys_clk    ; 4.582 ; 4.814 ; Rise       ; pll_25mhz_inst|altpll_component|auto_generated|pll1|clk[0] ;
;  rgb[13]  ; sys_clk    ; 4.802 ; 5.057 ; Rise       ; pll_25mhz_inst|altpll_component|auto_generated|pll1|clk[0] ;
;  rgb[14]  ; sys_clk    ; 4.792 ; 5.047 ; Rise       ; pll_25mhz_inst|altpll_component|auto_generated|pll1|clk[0] ;
;  rgb[15]  ; sys_clk    ; 4.822 ; 5.077 ; Rise       ; pll_25mhz_inst|altpll_component|auto_generated|pll1|clk[0] ;
; vsync     ; sys_clk    ; 3.696 ; 3.616 ; Rise       ; pll_25mhz_inst|altpll_component|auto_generated|pll1|clk[0] ;
; ds        ; sys_clk    ; 3.794 ; 3.935 ; Rise       ; sys_clk                                                    ;
; led       ; sys_clk    ; 3.806 ; 3.674 ; Rise       ; sys_clk                                                    ;
; shcp      ; sys_clk    ; 3.447 ; 3.537 ; Rise       ; sys_clk                                                    ;
; stcp      ; sys_clk    ; 3.956 ; 4.091 ; Rise       ; sys_clk                                                    ;
+-----------+------------+-------+-------+------------+------------------------------------------------------------+


+------------------------------------------------------------------------------------------------------------------+
; Minimum Clock to Output Times                                                                                    ;
+-----------+------------+-------+-------+------------+------------------------------------------------------------+
; Data Port ; Clock Port ; Rise  ; Fall  ; Clock Edge ; Clock Reference                                            ;
+-----------+------------+-------+-------+------------+------------------------------------------------------------+
; hsync     ; sys_clk    ; 2.583 ; 2.437 ; Rise       ; pll_25mhz_inst|altpll_component|auto_generated|pll1|clk[0] ;
; rgb[*]    ; sys_clk    ; 2.178 ; 2.195 ; Rise       ; pll_25mhz_inst|altpll_component|auto_generated|pll1|clk[0] ;
;  rgb[0]   ; sys_clk    ; 2.343 ; 2.432 ; Rise       ; pll_25mhz_inst|altpll_component|auto_generated|pll1|clk[0] ;
;  rgb[1]   ; sys_clk    ; 2.522 ; 2.629 ; Rise       ; pll_25mhz_inst|altpll_component|auto_generated|pll1|clk[0] ;
;  rgb[2]   ; sys_clk    ; 2.512 ; 2.619 ; Rise       ; pll_25mhz_inst|altpll_component|auto_generated|pll1|clk[0] ;
;  rgb[3]   ; sys_clk    ; 2.646 ; 2.772 ; Rise       ; pll_25mhz_inst|altpll_component|auto_generated|pll1|clk[0] ;
;  rgb[4]   ; sys_clk    ; 2.636 ; 2.762 ; Rise       ; pll_25mhz_inst|altpll_component|auto_generated|pll1|clk[0] ;
;  rgb[5]   ; sys_clk    ; 2.412 ; 2.505 ; Rise       ; pll_25mhz_inst|altpll_component|auto_generated|pll1|clk[0] ;
;  rgb[6]   ; sys_clk    ; 2.402 ; 2.495 ; Rise       ; pll_25mhz_inst|altpll_component|auto_generated|pll1|clk[0] ;
;  rgb[7]   ; sys_clk    ; 2.405 ; 2.497 ; Rise       ; pll_25mhz_inst|altpll_component|auto_generated|pll1|clk[0] ;
;  rgb[8]   ; sys_clk    ; 2.405 ; 2.497 ; Rise       ; pll_25mhz_inst|altpll_component|auto_generated|pll1|clk[0] ;
;  rgb[9]   ; sys_clk    ; 2.258 ; 2.326 ; Rise       ; pll_25mhz_inst|altpll_component|auto_generated|pll1|clk[0] ;
;  rgb[10]  ; sys_clk    ; 2.268 ; 2.336 ; Rise       ; pll_25mhz_inst|altpll_component|auto_generated|pll1|clk[0] ;
;  rgb[11]  ; sys_clk    ; 2.178 ; 2.195 ; Rise       ; pll_25mhz_inst|altpll_component|auto_generated|pll1|clk[0] ;
;  rgb[12]  ; sys_clk    ; 2.188 ; 2.205 ; Rise       ; pll_25mhz_inst|altpll_component|auto_generated|pll1|clk[0] ;
;  rgb[13]  ; sys_clk    ; 2.399 ; 2.437 ; Rise       ; pll_25mhz_inst|altpll_component|auto_generated|pll1|clk[0] ;
;  rgb[14]  ; sys_clk    ; 2.389 ; 2.427 ; Rise       ; pll_25mhz_inst|altpll_component|auto_generated|pll1|clk[0] ;
;  rgb[15]  ; sys_clk    ; 2.419 ; 2.457 ; Rise       ; pll_25mhz_inst|altpll_component|auto_generated|pll1|clk[0] ;
; vsync     ; sys_clk    ; 2.847 ; 2.680 ; Rise       ; pll_25mhz_inst|altpll_component|auto_generated|pll1|clk[0] ;
; ds        ; sys_clk    ; 3.670 ; 3.806 ; Rise       ; sys_clk                                                    ;
; led       ; sys_clk    ; 3.679 ; 3.553 ; Rise       ; sys_clk                                                    ;
; shcp      ; sys_clk    ; 3.336 ; 3.423 ; Rise       ; sys_clk                                                    ;
; stcp      ; sys_clk    ; 3.824 ; 3.954 ; Rise       ; sys_clk                                                    ;
+-----------+------------+-------+-------+------------+------------------------------------------------------------+


+----------------------------------------------------+
; Propagation Delay                                  ;
+------------+-------------+----+-------+-------+----+
; Input Port ; Output Port ; RR ; RF    ; FR    ; FF ;
+------------+-------------+----+-------+-------+----+
; sys_rst_n  ; oe          ;    ; 3.000 ; 3.276 ;    ;
+------------+-------------+----+-------+-------+----+


+----------------------------------------------------+
; Minimum Propagation Delay                          ;
+------------+-------------+----+-------+-------+----+
; Input Port ; Output Port ; RR ; RF    ; FR    ; FF ;
+------------+-------------+----+-------+-------+----+
; sys_rst_n  ; oe          ;    ; 2.913 ; 3.192 ;    ;
+------------+-------------+----+-------+-------+----+


---------------------------------------------
; Fast 1200mV 0C Model Metastability Report ;
---------------------------------------------
No synchronizer chains to report.


+-------------------------------------------------------------------------------------------------------------------------+
; Multicorner Timing Analysis Summary                                                                                     ;
+-------------------------------------------------------------+--------+-------+----------+---------+---------------------+
; Clock                                                       ; Setup  ; Hold  ; Recovery ; Removal ; Minimum Pulse Width ;
+-------------------------------------------------------------+--------+-------+----------+---------+---------------------+
; Worst-case Slack                                            ; 13.042 ; 0.137 ; N/A      ; N/A     ; 9.434               ;
;  pll_25mhz_inst|altpll_component|auto_generated|pll1|clk[0] ; 14.475 ; 0.137 ; N/A      ; N/A     ; 19.716              ;
;  sys_clk                                                    ; 13.042 ; 0.186 ; N/A      ; N/A     ; 9.434               ;
; Design-wide TNS                                             ; 0.0    ; 0.0   ; 0.0      ; 0.0     ; 0.0                 ;
;  pll_25mhz_inst|altpll_component|auto_generated|pll1|clk[0] ; 0.000  ; 0.000 ; N/A      ; N/A     ; 0.000               ;
;  sys_clk                                                    ; 0.000  ; 0.000 ; N/A      ; N/A     ; 0.000               ;
+-------------------------------------------------------------+--------+-------+----------+---------+---------------------+


+------------------------------------------------------------------------------------------------------------------+
; Setup Times                                                                                                      ;
+-----------+------------+-------+-------+------------+------------------------------------------------------------+
; Data Port ; Clock Port ; Rise  ; Fall  ; Clock Edge ; Clock Reference                                            ;
+-----------+------------+-------+-------+------------+------------------------------------------------------------+
; sys_rst_n ; sys_clk    ; 5.304 ; 5.588 ; Rise       ; pll_25mhz_inst|altpll_component|auto_generated|pll1|clk[0] ;
; inf_in    ; sys_clk    ; 2.155 ; 2.367 ; Rise       ; sys_clk                                                    ;
+-----------+------------+-------+-------+------------+------------------------------------------------------------+


+--------------------------------------------------------------------------------------------------------------------+
; Hold Times                                                                                                         ;
+-----------+------------+--------+--------+------------+------------------------------------------------------------+
; Data Port ; Clock Port ; Rise   ; Fall   ; Clock Edge ; Clock Reference                                            ;
+-----------+------------+--------+--------+------------+------------------------------------------------------------+
; sys_rst_n ; sys_clk    ; -1.862 ; -2.076 ; Rise       ; pll_25mhz_inst|altpll_component|auto_generated|pll1|clk[0] ;
; inf_in    ; sys_clk    ; -0.796 ; -1.368 ; Rise       ; sys_clk                                                    ;
+-----------+------------+--------+--------+------------+------------------------------------------------------------+


+--------------------------------------------------------------------------------------------------------------------+
; Clock to Output Times                                                                                              ;
+-----------+------------+--------+--------+------------+------------------------------------------------------------+
; Data Port ; Clock Port ; Rise   ; Fall   ; Clock Edge ; Clock Reference                                            ;
+-----------+------------+--------+--------+------------+------------------------------------------------------------+
; hsync     ; sys_clk    ; 7.242  ; 7.306  ; Rise       ; pll_25mhz_inst|altpll_component|auto_generated|pll1|clk[0] ;
; rgb[*]    ; sys_clk    ; 12.294 ; 11.704 ; Rise       ; pll_25mhz_inst|altpll_component|auto_generated|pll1|clk[0] ;
;  rgb[0]   ; sys_clk    ; 11.538 ; 11.036 ; Rise       ; pll_25mhz_inst|altpll_component|auto_generated|pll1|clk[0] ;
;  rgb[1]   ; sys_clk    ; 11.919 ; 11.385 ; Rise       ; pll_25mhz_inst|altpll_component|auto_generated|pll1|clk[0] ;
;  rgb[2]   ; sys_clk    ; 11.909 ; 11.375 ; Rise       ; pll_25mhz_inst|altpll_component|auto_generated|pll1|clk[0] ;
;  rgb[3]   ; sys_clk    ; 12.294 ; 11.704 ; Rise       ; pll_25mhz_inst|altpll_component|auto_generated|pll1|clk[0] ;
;  rgb[4]   ; sys_clk    ; 12.284 ; 11.694 ; Rise       ; pll_25mhz_inst|altpll_component|auto_generated|pll1|clk[0] ;
;  rgb[5]   ; sys_clk    ; 11.671 ; 11.139 ; Rise       ; pll_25mhz_inst|altpll_component|auto_generated|pll1|clk[0] ;
;  rgb[6]   ; sys_clk    ; 11.661 ; 11.129 ; Rise       ; pll_25mhz_inst|altpll_component|auto_generated|pll1|clk[0] ;
;  rgb[7]   ; sys_clk    ; 11.670 ; 11.134 ; Rise       ; pll_25mhz_inst|altpll_component|auto_generated|pll1|clk[0] ;
;  rgb[8]   ; sys_clk    ; 11.670 ; 11.134 ; Rise       ; pll_25mhz_inst|altpll_component|auto_generated|pll1|clk[0] ;
;  rgb[9]   ; sys_clk    ; 11.256 ; 10.777 ; Rise       ; pll_25mhz_inst|altpll_component|auto_generated|pll1|clk[0] ;
;  rgb[10]  ; sys_clk    ; 11.266 ; 10.787 ; Rise       ; pll_25mhz_inst|altpll_component|auto_generated|pll1|clk[0] ;
;  rgb[11]  ; sys_clk    ; 10.787 ; 10.326 ; Rise       ; pll_25mhz_inst|altpll_component|auto_generated|pll1|clk[0] ;
;  rgb[12]  ; sys_clk    ; 10.797 ; 10.336 ; Rise       ; pll_25mhz_inst|altpll_component|auto_generated|pll1|clk[0] ;
;  rgb[13]  ; sys_clk    ; 11.364 ; 10.826 ; Rise       ; pll_25mhz_inst|altpll_component|auto_generated|pll1|clk[0] ;
;  rgb[14]  ; sys_clk    ; 11.354 ; 10.816 ; Rise       ; pll_25mhz_inst|altpll_component|auto_generated|pll1|clk[0] ;
;  rgb[15]  ; sys_clk    ; 11.384 ; 10.846 ; Rise       ; pll_25mhz_inst|altpll_component|auto_generated|pll1|clk[0] ;
; vsync     ; sys_clk    ; 8.147  ; 8.287  ; Rise       ; pll_25mhz_inst|altpll_component|auto_generated|pll1|clk[0] ;
; ds        ; sys_clk    ; 8.198  ; 8.052  ; Rise       ; sys_clk                                                    ;
; led       ; sys_clk    ; 7.820  ; 7.978  ; Rise       ; sys_clk                                                    ;
; shcp      ; sys_clk    ; 7.422  ; 7.299  ; Rise       ; sys_clk                                                    ;
; stcp      ; sys_clk    ; 8.568  ; 8.339  ; Rise       ; sys_clk                                                    ;
+-----------+------------+--------+--------+------------+------------------------------------------------------------+


+------------------------------------------------------------------------------------------------------------------+
; Minimum Clock to Output Times                                                                                    ;
+-----------+------------+-------+-------+------------+------------------------------------------------------------+
; Data Port ; Clock Port ; Rise  ; Fall  ; Clock Edge ; Clock Reference                                            ;
+-----------+------------+-------+-------+------------+------------------------------------------------------------+
; hsync     ; sys_clk    ; 2.583 ; 2.437 ; Rise       ; pll_25mhz_inst|altpll_component|auto_generated|pll1|clk[0] ;
; rgb[*]    ; sys_clk    ; 2.178 ; 2.195 ; Rise       ; pll_25mhz_inst|altpll_component|auto_generated|pll1|clk[0] ;
;  rgb[0]   ; sys_clk    ; 2.343 ; 2.432 ; Rise       ; pll_25mhz_inst|altpll_component|auto_generated|pll1|clk[0] ;
;  rgb[1]   ; sys_clk    ; 2.522 ; 2.629 ; Rise       ; pll_25mhz_inst|altpll_component|auto_generated|pll1|clk[0] ;
;  rgb[2]   ; sys_clk    ; 2.512 ; 2.619 ; Rise       ; pll_25mhz_inst|altpll_component|auto_generated|pll1|clk[0] ;
;  rgb[3]   ; sys_clk    ; 2.646 ; 2.772 ; Rise       ; pll_25mhz_inst|altpll_component|auto_generated|pll1|clk[0] ;
;  rgb[4]   ; sys_clk    ; 2.636 ; 2.762 ; Rise       ; pll_25mhz_inst|altpll_component|auto_generated|pll1|clk[0] ;
;  rgb[5]   ; sys_clk    ; 2.412 ; 2.505 ; Rise       ; pll_25mhz_inst|altpll_component|auto_generated|pll1|clk[0] ;
;  rgb[6]   ; sys_clk    ; 2.402 ; 2.495 ; Rise       ; pll_25mhz_inst|altpll_component|auto_generated|pll1|clk[0] ;
;  rgb[7]   ; sys_clk    ; 2.405 ; 2.497 ; Rise       ; pll_25mhz_inst|altpll_component|auto_generated|pll1|clk[0] ;
;  rgb[8]   ; sys_clk    ; 2.405 ; 2.497 ; Rise       ; pll_25mhz_inst|altpll_component|auto_generated|pll1|clk[0] ;
;  rgb[9]   ; sys_clk    ; 2.258 ; 2.326 ; Rise       ; pll_25mhz_inst|altpll_component|auto_generated|pll1|clk[0] ;
;  rgb[10]  ; sys_clk    ; 2.268 ; 2.336 ; Rise       ; pll_25mhz_inst|altpll_component|auto_generated|pll1|clk[0] ;
;  rgb[11]  ; sys_clk    ; 2.178 ; 2.195 ; Rise       ; pll_25mhz_inst|altpll_component|auto_generated|pll1|clk[0] ;
;  rgb[12]  ; sys_clk    ; 2.188 ; 2.205 ; Rise       ; pll_25mhz_inst|altpll_component|auto_generated|pll1|clk[0] ;
;  rgb[13]  ; sys_clk    ; 2.399 ; 2.437 ; Rise       ; pll_25mhz_inst|altpll_component|auto_generated|pll1|clk[0] ;
;  rgb[14]  ; sys_clk    ; 2.389 ; 2.427 ; Rise       ; pll_25mhz_inst|altpll_component|auto_generated|pll1|clk[0] ;
;  rgb[15]  ; sys_clk    ; 2.419 ; 2.457 ; Rise       ; pll_25mhz_inst|altpll_component|auto_generated|pll1|clk[0] ;
; vsync     ; sys_clk    ; 2.847 ; 2.680 ; Rise       ; pll_25mhz_inst|altpll_component|auto_generated|pll1|clk[0] ;
; ds        ; sys_clk    ; 3.670 ; 3.806 ; Rise       ; sys_clk                                                    ;
; led       ; sys_clk    ; 3.679 ; 3.553 ; Rise       ; sys_clk                                                    ;
; shcp      ; sys_clk    ; 3.336 ; 3.423 ; Rise       ; sys_clk                                                    ;
; stcp      ; sys_clk    ; 3.824 ; 3.954 ; Rise       ; sys_clk                                                    ;
+-----------+------------+-------+-------+------------+------------------------------------------------------------+


+----------------------------------------------------+
; Progagation Delay                                  ;
+------------+-------------+----+-------+-------+----+
; Input Port ; Output Port ; RR ; RF    ; FR    ; FF ;
+------------+-------------+----+-------+-------+----+
; sys_rst_n  ; oe          ;    ; 6.080 ; 6.386 ;    ;
+------------+-------------+----+-------+-------+----+


+----------------------------------------------------+
; Minimum Progagation Delay                          ;
+------------+-------------+----+-------+-------+----+
; Input Port ; Output Port ; RR ; RF    ; FR    ; FF ;
+------------+-------------+----+-------+-------+----+
; sys_rst_n  ; oe          ;    ; 2.913 ; 3.192 ;    ;
+------------+-------------+----+-------+-------+----+


+------------------------------------------------------------------------------------------------------------------------------------------------------------------------------------------------------------------------------------------------------------------------------------------------------------------------------------------------------------------------------------------------------------------+
; Board Trace Model Assignments                                                                                                                                                                                                                                                                                                                                                                                    ;
+---------------+--------------+-------------------+-------------------------+-------------------------+---------------+---------------------+----------------+------------------+--------+------------------+------------------------+------------------------+--------------+---------------+-----------------+-------+---------------------+--------------------+---------------+-----------------+-------------+
; Pin           ; I/O Standard ; Near Tline Length ; Near Tline L per Length ; Near Tline C per Length ; Near Series R ; Near Differential R ; Near Pull-up R ; Near Pull-down R ; Near C ; Far Tline Length ; Far Tline L per Length ; Far Tline C per Length ; Far Series R ; Far Pull-up R ; Far Pull-down R ; Far C ; Termination Voltage ; Far Differential R ; EBD File Name ; EBD Signal Name ; EBD Far-end ;
+---------------+--------------+-------------------+-------------------------+-------------------------+---------------+---------------------+----------------+------------------+--------+------------------+------------------------+------------------------+--------------+---------------+-----------------+-------+---------------------+--------------------+---------------+-----------------+-------------+
; ds            ; 2.5 V        ; 0 in              ; 0 H/in                  ; 0 F/in                  ; short         ; -                   ; open           ; open             ; open   ; 0 in             ; 0 H/in                 ; 0 F/in                 ; short        ; open          ; open            ; open  ; 0 V                 ; -                  ; n/a           ; n/a             ; n/a         ;
; oe            ; 2.5 V        ; 0 in              ; 0 H/in                  ; 0 F/in                  ; short         ; -                   ; open           ; open             ; open   ; 0 in             ; 0 H/in                 ; 0 F/in                 ; short        ; open          ; open            ; open  ; 0 V                 ; -                  ; n/a           ; n/a             ; n/a         ;
; shcp          ; 2.5 V        ; 0 in              ; 0 H/in                  ; 0 F/in                  ; short         ; -                   ; open           ; open             ; open   ; 0 in             ; 0 H/in                 ; 0 F/in                 ; short        ; open          ; open            ; open  ; 0 V                 ; -                  ; n/a           ; n/a             ; n/a         ;
; stcp          ; 2.5 V        ; 0 in              ; 0 H/in                  ; 0 F/in                  ; short         ; -                   ; open           ; open             ; open   ; 0 in             ; 0 H/in                 ; 0 F/in                 ; short        ; open          ; open            ; open  ; 0 V                 ; -                  ; n/a           ; n/a             ; n/a         ;
; led           ; 2.5 V        ; 0 in              ; 0 H/in                  ; 0 F/in                  ; short         ; -                   ; open           ; open             ; open   ; 0 in             ; 0 H/in                 ; 0 F/in                 ; short        ; open          ; open            ; open  ; 0 V                 ; -                  ; n/a           ; n/a             ; n/a         ;
; rgb[0]        ; 2.5 V        ; 0 in              ; 0 H/in                  ; 0 F/in                  ; short         ; -                   ; open           ; open             ; open   ; 0 in             ; 0 H/in                 ; 0 F/in                 ; short        ; open          ; open            ; open  ; 0 V                 ; -                  ; n/a           ; n/a             ; n/a         ;
; rgb[1]        ; 2.5 V        ; 0 in              ; 0 H/in                  ; 0 F/in                  ; short         ; -                   ; open           ; open             ; open   ; 0 in             ; 0 H/in                 ; 0 F/in                 ; short        ; open          ; open            ; open  ; 0 V                 ; -                  ; n/a           ; n/a             ; n/a         ;
; rgb[2]        ; 2.5 V        ; 0 in              ; 0 H/in                  ; 0 F/in                  ; short         ; -                   ; open           ; open             ; open   ; 0 in             ; 0 H/in                 ; 0 F/in                 ; short        ; open          ; open            ; open  ; 0 V                 ; -                  ; n/a           ; n/a             ; n/a         ;
; rgb[3]        ; 2.5 V        ; 0 in              ; 0 H/in                  ; 0 F/in                  ; short         ; -                   ; open           ; open             ; open   ; 0 in             ; 0 H/in                 ; 0 F/in                 ; short        ; open          ; open            ; open  ; 0 V                 ; -                  ; n/a           ; n/a             ; n/a         ;
; rgb[4]        ; 2.5 V        ; 0 in              ; 0 H/in                  ; 0 F/in                  ; short         ; -                   ; open           ; open             ; open   ; 0 in             ; 0 H/in                 ; 0 F/in                 ; short        ; open          ; open            ; open  ; 0 V                 ; -                  ; n/a           ; n/a             ; n/a         ;
; rgb[5]        ; 2.5 V        ; 0 in              ; 0 H/in                  ; 0 F/in                  ; short         ; -                   ; open           ; open             ; open   ; 0 in             ; 0 H/in                 ; 0 F/in                 ; short        ; open          ; open            ; open  ; 0 V                 ; -                  ; n/a           ; n/a             ; n/a         ;
; rgb[6]        ; 2.5 V        ; 0 in              ; 0 H/in                  ; 0 F/in                  ; short         ; -                   ; open           ; open             ; open   ; 0 in             ; 0 H/in                 ; 0 F/in                 ; short        ; open          ; open            ; open  ; 0 V                 ; -                  ; n/a           ; n/a             ; n/a         ;
; rgb[7]        ; 2.5 V        ; 0 in              ; 0 H/in                  ; 0 F/in                  ; short         ; -                   ; open           ; open             ; open   ; 0 in             ; 0 H/in                 ; 0 F/in                 ; short        ; open          ; open            ; open  ; 0 V                 ; -                  ; n/a           ; n/a             ; n/a         ;
; rgb[8]        ; 2.5 V        ; 0 in              ; 0 H/in                  ; 0 F/in                  ; short         ; -                   ; open           ; open             ; open   ; 0 in             ; 0 H/in                 ; 0 F/in                 ; short        ; open          ; open            ; open  ; 0 V                 ; -                  ; n/a           ; n/a             ; n/a         ;
; rgb[9]        ; 2.5 V        ; 0 in              ; 0 H/in                  ; 0 F/in                  ; short         ; -                   ; open           ; open             ; open   ; 0 in             ; 0 H/in                 ; 0 F/in                 ; short        ; open          ; open            ; open  ; 0 V                 ; -                  ; n/a           ; n/a             ; n/a         ;
; rgb[10]       ; 2.5 V        ; 0 in              ; 0 H/in                  ; 0 F/in                  ; short         ; -                   ; open           ; open             ; open   ; 0 in             ; 0 H/in                 ; 0 F/in                 ; short        ; open          ; open            ; open  ; 0 V                 ; -                  ; n/a           ; n/a             ; n/a         ;
; rgb[11]       ; 2.5 V        ; 0 in              ; 0 H/in                  ; 0 F/in                  ; short         ; -                   ; open           ; open             ; open   ; 0 in             ; 0 H/in                 ; 0 F/in                 ; short        ; open          ; open            ; open  ; 0 V                 ; -                  ; n/a           ; n/a             ; n/a         ;
; rgb[12]       ; 2.5 V        ; 0 in              ; 0 H/in                  ; 0 F/in                  ; short         ; -                   ; open           ; open             ; open   ; 0 in             ; 0 H/in                 ; 0 F/in                 ; short        ; open          ; open            ; open  ; 0 V                 ; -                  ; n/a           ; n/a             ; n/a         ;
; rgb[13]       ; 2.5 V        ; 0 in              ; 0 H/in                  ; 0 F/in                  ; short         ; -                   ; open           ; open             ; open   ; 0 in             ; 0 H/in                 ; 0 F/in                 ; short        ; open          ; open            ; open  ; 0 V                 ; -                  ; n/a           ; n/a             ; n/a         ;
; rgb[14]       ; 2.5 V        ; 0 in              ; 0 H/in                  ; 0 F/in                  ; short         ; -                   ; open           ; open             ; open   ; 0 in             ; 0 H/in                 ; 0 F/in                 ; short        ; open          ; open            ; open  ; 0 V                 ; -                  ; n/a           ; n/a             ; n/a         ;
; rgb[15]       ; 2.5 V        ; 0 in              ; 0 H/in                  ; 0 F/in                  ; short         ; -                   ; open           ; open             ; open   ; 0 in             ; 0 H/in                 ; 0 F/in                 ; short        ; open          ; open            ; open  ; 0 V                 ; -                  ; n/a           ; n/a             ; n/a         ;
; hsync         ; 2.5 V        ; 0 in              ; 0 H/in                  ; 0 F/in                  ; short         ; -                   ; open           ; open             ; open   ; 0 in             ; 0 H/in                 ; 0 F/in                 ; short        ; open          ; open            ; open  ; 0 V                 ; -                  ; n/a           ; n/a             ; n/a         ;
; vsync         ; 2.5 V        ; 0 in              ; 0 H/in                  ; 0 F/in                  ; short         ; -                   ; open           ; open             ; open   ; 0 in             ; 0 H/in                 ; 0 F/in                 ; short        ; open          ; open            ; open  ; 0 V                 ; -                  ; n/a           ; n/a             ; n/a         ;
; ~ALTERA_DCLK~ ; 2.5 V        ; 0 in              ; 0 H/in                  ; 0 F/in                  ; short         ; -                   ; open           ; open             ; open   ; 0 in             ; 0 H/in                 ; 0 F/in                 ; short        ; open          ; open            ; open  ; 0 V                 ; -                  ; n/a           ; n/a             ; n/a         ;
; ~ALTERA_nCEO~ ; 2.5 V        ; 0 in              ; 0 H/in                  ; 0 F/in                  ; short         ; -                   ; open           ; open             ; open   ; 0 in             ; 0 H/in                 ; 0 F/in                 ; short        ; open          ; open            ; open  ; 0 V                 ; -                  ; n/a           ; n/a             ; n/a         ;
+---------------+--------------+-------------------+-------------------------+-------------------------+---------------+---------------------+----------------+------------------+--------+------------------+------------------------+------------------------+--------------+---------------+-----------------+-------+---------------------+--------------------+---------------+-----------------+-------------+


+----------------------------------------------------------------------------+
; Input Transition Times                                                     ;
+-------------------------+--------------+-----------------+-----------------+
; Pin                     ; I/O Standard ; 10-90 Rise Time ; 90-10 Fall Time ;
+-------------------------+--------------+-----------------+-----------------+
; sys_rst_n               ; 2.5 V        ; 2000 ps         ; 2000 ps         ;
; sys_clk                 ; 2.5 V        ; 2000 ps         ; 2000 ps         ;
; inf_in                  ; 2.5 V        ; 2000 ps         ; 2000 ps         ;
; ~ALTERA_ASDO_DATA1~     ; 2.5 V        ; 2000 ps         ; 2000 ps         ;
; ~ALTERA_FLASH_nCE_nCSO~ ; 2.5 V        ; 2000 ps         ; 2000 ps         ;
; ~ALTERA_DATA0~          ; 2.5 V        ; 2000 ps         ; 2000 ps         ;
+-------------------------+--------------+-----------------+-----------------+


+--------------------------------------------------------------------------------------------------------------------------------------------------------------------------------------------------------------------------------------------------------------------------------------------------------------------------------------------------------------------------------------------------------------------------------------------------------------------------------------------------------------------------------------------------------------------------------------------------------------------------------------------------------------------------------------------+
; Signal Integrity Metrics (Slow 1200mv 0c Model)                                                                                                                                                                                                                                                                                                                                                                                                                                                                                                                                                                                                                                            ;
+---------------+--------------+---------------------+---------------------+------------------------------+------------------------------+---------------------+---------------------+--------------------------------------+--------------------------------------+-----------------------------+-----------------------------+----------------------------+----------------------------+-----------------------------+-----------------------------+--------------------+--------------------+-------------------------------------+-------------------------------------+----------------------------+----------------------------+---------------------------+---------------------------+
; Pin           ; I/O Standard ; Board Delay on Rise ; Board Delay on Fall ; Steady State Voh at FPGA Pin ; Steady State Vol at FPGA Pin ; Voh Max at FPGA Pin ; Vol Min at FPGA Pin ; Ringback Voltage on Rise at FPGA Pin ; Ringback Voltage on Fall at FPGA Pin ; 10-90 Rise Time at FPGA Pin ; 90-10 Fall Time at FPGA Pin ; Monotonic Rise at FPGA Pin ; Monotonic Fall at FPGA Pin ; Steady State Voh at Far-end ; Steady State Vol at Far-end ; Voh Max at Far-end ; Vol Min at Far-end ; Ringback Voltage on Rise at Far-end ; Ringback Voltage on Fall at Far-end ; 10-90 Rise Time at Far-end ; 90-10 Fall Time at Far-end ; Monotonic Rise at Far-end ; Monotonic Fall at Far-end ;
+---------------+--------------+---------------------+---------------------+------------------------------+------------------------------+---------------------+---------------------+--------------------------------------+--------------------------------------+-----------------------------+-----------------------------+----------------------------+----------------------------+-----------------------------+-----------------------------+--------------------+--------------------+-------------------------------------+-------------------------------------+----------------------------+----------------------------+---------------------------+---------------------------+
; ds            ; 2.5 V        ; 0 s                 ; 0 s                 ; 2.32 V                       ; 2.07e-09 V                   ; 2.38 V              ; -0.0073 V           ; 0.097 V                              ; 0.018 V                              ; 4.24e-10 s                  ; 3.65e-10 s                  ; No                         ; Yes                        ; 2.32 V                      ; 2.07e-09 V                  ; 2.38 V             ; -0.0073 V          ; 0.097 V                             ; 0.018 V                             ; 4.24e-10 s                 ; 3.65e-10 s                 ; No                        ; Yes                       ;
; oe            ; 2.5 V        ; 0 s                 ; 0 s                 ; 2.32 V                       ; 2.8e-09 V                    ; 2.37 V              ; -0.00373 V          ; 0.104 V                              ; 0.011 V                              ; 4.34e-10 s                  ; 3.82e-10 s                  ; Yes                        ; Yes                        ; 2.32 V                      ; 2.8e-09 V                   ; 2.37 V             ; -0.00373 V         ; 0.104 V                             ; 0.011 V                             ; 4.34e-10 s                 ; 3.82e-10 s                 ; Yes                       ; Yes                       ;
; shcp          ; 2.5 V        ; 0 s                 ; 0 s                 ; 2.32 V                       ; 2.07e-09 V                   ; 2.38 V              ; -0.0073 V           ; 0.097 V                              ; 0.018 V                              ; 4.24e-10 s                  ; 3.65e-10 s                  ; No                         ; Yes                        ; 2.32 V                      ; 2.07e-09 V                  ; 2.38 V             ; -0.0073 V          ; 0.097 V                             ; 0.018 V                             ; 4.24e-10 s                 ; 3.65e-10 s                 ; No                        ; Yes                       ;
; stcp          ; 2.5 V        ; 0 s                 ; 0 s                 ; 2.32 V                       ; 2.8e-09 V                    ; 2.37 V              ; -0.00373 V          ; 0.104 V                              ; 0.011 V                              ; 4.34e-10 s                  ; 3.82e-10 s                  ; Yes                        ; Yes                        ; 2.32 V                      ; 2.8e-09 V                   ; 2.37 V             ; -0.00373 V         ; 0.104 V                             ; 0.011 V                             ; 4.34e-10 s                 ; 3.82e-10 s                 ; Yes                       ; Yes                       ;
; led           ; 2.5 V        ; 0 s                 ; 0 s                 ; 2.32 V                       ; 2.8e-09 V                    ; 2.37 V              ; -0.00373 V          ; 0.104 V                              ; 0.011 V                              ; 4.34e-10 s                  ; 3.82e-10 s                  ; Yes                        ; Yes                        ; 2.32 V                      ; 2.8e-09 V                   ; 2.37 V             ; -0.00373 V         ; 0.104 V                             ; 0.011 V                             ; 4.34e-10 s                 ; 3.82e-10 s                 ; Yes                       ; Yes                       ;
; rgb[0]        ; 2.5 V        ; 0 s                 ; 0 s                 ; 2.32 V                       ; 2.8e-09 V                    ; 2.37 V              ; -0.00373 V          ; 0.104 V                              ; 0.011 V                              ; 4.34e-10 s                  ; 3.82e-10 s                  ; Yes                        ; Yes                        ; 2.32 V                      ; 2.8e-09 V                   ; 2.37 V             ; -0.00373 V         ; 0.104 V                             ; 0.011 V                             ; 4.34e-10 s                 ; 3.82e-10 s                 ; Yes                       ; Yes                       ;
; rgb[1]        ; 2.5 V        ; 0 s                 ; 0 s                 ; 2.32 V                       ; 2.8e-09 V                    ; 2.37 V              ; -0.00373 V          ; 0.104 V                              ; 0.011 V                              ; 4.34e-10 s                  ; 3.82e-10 s                  ; Yes                        ; Yes                        ; 2.32 V                      ; 2.8e-09 V                   ; 2.37 V             ; -0.00373 V         ; 0.104 V                             ; 0.011 V                             ; 4.34e-10 s                 ; 3.82e-10 s                 ; Yes                       ; Yes                       ;
; rgb[2]        ; 2.5 V        ; 0 s                 ; 0 s                 ; 2.32 V                       ; 2.8e-09 V                    ; 2.37 V              ; -0.00373 V          ; 0.104 V                              ; 0.011 V                              ; 4.34e-10 s                  ; 3.82e-10 s                  ; Yes                        ; Yes                        ; 2.32 V                      ; 2.8e-09 V                   ; 2.37 V             ; -0.00373 V         ; 0.104 V                             ; 0.011 V                             ; 4.34e-10 s                 ; 3.82e-10 s                 ; Yes                       ; Yes                       ;
; rgb[3]        ; 2.5 V        ; 0 s                 ; 0 s                 ; 2.32 V                       ; 2.8e-09 V                    ; 2.37 V              ; -0.00373 V          ; 0.104 V                              ; 0.011 V                              ; 4.34e-10 s                  ; 3.82e-10 s                  ; Yes                        ; Yes                        ; 2.32 V                      ; 2.8e-09 V                   ; 2.37 V             ; -0.00373 V         ; 0.104 V                             ; 0.011 V                             ; 4.34e-10 s                 ; 3.82e-10 s                 ; Yes                       ; Yes                       ;
; rgb[4]        ; 2.5 V        ; 0 s                 ; 0 s                 ; 2.32 V                       ; 2.8e-09 V                    ; 2.37 V              ; -0.00373 V          ; 0.104 V                              ; 0.011 V                              ; 4.34e-10 s                  ; 3.82e-10 s                  ; Yes                        ; Yes                        ; 2.32 V                      ; 2.8e-09 V                   ; 2.37 V             ; -0.00373 V         ; 0.104 V                             ; 0.011 V                             ; 4.34e-10 s                 ; 3.82e-10 s                 ; Yes                       ; Yes                       ;
; rgb[5]        ; 2.5 V        ; 0 s                 ; 0 s                 ; 2.32 V                       ; 2.8e-09 V                    ; 2.37 V              ; -0.00373 V          ; 0.104 V                              ; 0.011 V                              ; 4.34e-10 s                  ; 3.82e-10 s                  ; Yes                        ; Yes                        ; 2.32 V                      ; 2.8e-09 V                   ; 2.37 V             ; -0.00373 V         ; 0.104 V                             ; 0.011 V                             ; 4.34e-10 s                 ; 3.82e-10 s                 ; Yes                       ; Yes                       ;
; rgb[6]        ; 2.5 V        ; 0 s                 ; 0 s                 ; 2.32 V                       ; 2.8e-09 V                    ; 2.37 V              ; -0.00373 V          ; 0.104 V                              ; 0.011 V                              ; 4.34e-10 s                  ; 3.82e-10 s                  ; Yes                        ; Yes                        ; 2.32 V                      ; 2.8e-09 V                   ; 2.37 V             ; -0.00373 V         ; 0.104 V                             ; 0.011 V                             ; 4.34e-10 s                 ; 3.82e-10 s                 ; Yes                       ; Yes                       ;
; rgb[7]        ; 2.5 V        ; 0 s                 ; 0 s                 ; 2.32 V                       ; 2.8e-09 V                    ; 2.37 V              ; -0.00373 V          ; 0.104 V                              ; 0.011 V                              ; 4.34e-10 s                  ; 3.82e-10 s                  ; Yes                        ; Yes                        ; 2.32 V                      ; 2.8e-09 V                   ; 2.37 V             ; -0.00373 V         ; 0.104 V                             ; 0.011 V                             ; 4.34e-10 s                 ; 3.82e-10 s                 ; Yes                       ; Yes                       ;
; rgb[8]        ; 2.5 V        ; 0 s                 ; 0 s                 ; 2.32 V                       ; 2.8e-09 V                    ; 2.37 V              ; -0.00373 V          ; 0.104 V                              ; 0.011 V                              ; 4.34e-10 s                  ; 3.82e-10 s                  ; Yes                        ; Yes                        ; 2.32 V                      ; 2.8e-09 V                   ; 2.37 V             ; -0.00373 V         ; 0.104 V                             ; 0.011 V                             ; 4.34e-10 s                 ; 3.82e-10 s                 ; Yes                       ; Yes                       ;
; rgb[9]        ; 2.5 V        ; 0 s                 ; 0 s                 ; 2.32 V                       ; 2.8e-09 V                    ; 2.37 V              ; -0.00373 V          ; 0.104 V                              ; 0.011 V                              ; 4.34e-10 s                  ; 3.82e-10 s                  ; Yes                        ; Yes                        ; 2.32 V                      ; 2.8e-09 V                   ; 2.37 V             ; -0.00373 V         ; 0.104 V                             ; 0.011 V                             ; 4.34e-10 s                 ; 3.82e-10 s                 ; Yes                       ; Yes                       ;
; rgb[10]       ; 2.5 V        ; 0 s                 ; 0 s                 ; 2.32 V                       ; 2.8e-09 V                    ; 2.37 V              ; -0.00373 V          ; 0.104 V                              ; 0.011 V                              ; 4.34e-10 s                  ; 3.82e-10 s                  ; Yes                        ; Yes                        ; 2.32 V                      ; 2.8e-09 V                   ; 2.37 V             ; -0.00373 V         ; 0.104 V                             ; 0.011 V                             ; 4.34e-10 s                 ; 3.82e-10 s                 ; Yes                       ; Yes                       ;
; rgb[11]       ; 2.5 V        ; 0 s                 ; 0 s                 ; 2.32 V                       ; 2.8e-09 V                    ; 2.37 V              ; -0.00373 V          ; 0.104 V                              ; 0.011 V                              ; 4.34e-10 s                  ; 3.82e-10 s                  ; Yes                        ; Yes                        ; 2.32 V                      ; 2.8e-09 V                   ; 2.37 V             ; -0.00373 V         ; 0.104 V                             ; 0.011 V                             ; 4.34e-10 s                 ; 3.82e-10 s                 ; Yes                       ; Yes                       ;
; rgb[12]       ; 2.5 V        ; 0 s                 ; 0 s                 ; 2.32 V                       ; 2.8e-09 V                    ; 2.37 V              ; -0.00373 V          ; 0.104 V                              ; 0.011 V                              ; 4.34e-10 s                  ; 3.82e-10 s                  ; Yes                        ; Yes                        ; 2.32 V                      ; 2.8e-09 V                   ; 2.37 V             ; -0.00373 V         ; 0.104 V                             ; 0.011 V                             ; 4.34e-10 s                 ; 3.82e-10 s                 ; Yes                       ; Yes                       ;
; rgb[13]       ; 2.5 V        ; 0 s                 ; 0 s                 ; 2.32 V                       ; 2.8e-09 V                    ; 2.37 V              ; -0.00373 V          ; 0.104 V                              ; 0.011 V                              ; 4.34e-10 s                  ; 3.82e-10 s                  ; Yes                        ; Yes                        ; 2.32 V                      ; 2.8e-09 V                   ; 2.37 V             ; -0.00373 V         ; 0.104 V                             ; 0.011 V                             ; 4.34e-10 s                 ; 3.82e-10 s                 ; Yes                       ; Yes                       ;
; rgb[14]       ; 2.5 V        ; 0 s                 ; 0 s                 ; 2.32 V                       ; 2.8e-09 V                    ; 2.37 V              ; -0.00373 V          ; 0.104 V                              ; 0.011 V                              ; 4.34e-10 s                  ; 3.82e-10 s                  ; Yes                        ; Yes                        ; 2.32 V                      ; 2.8e-09 V                   ; 2.37 V             ; -0.00373 V         ; 0.104 V                             ; 0.011 V                             ; 4.34e-10 s                 ; 3.82e-10 s                 ; Yes                       ; Yes                       ;
; rgb[15]       ; 2.5 V        ; 0 s                 ; 0 s                 ; 2.32 V                       ; 2.8e-09 V                    ; 2.37 V              ; -0.00373 V          ; 0.104 V                              ; 0.011 V                              ; 4.34e-10 s                  ; 3.82e-10 s                  ; Yes                        ; Yes                        ; 2.32 V                      ; 2.8e-09 V                   ; 2.37 V             ; -0.00373 V         ; 0.104 V                             ; 0.011 V                             ; 4.34e-10 s                 ; 3.82e-10 s                 ; Yes                       ; Yes                       ;
; hsync         ; 2.5 V        ; 0 s                 ; 0 s                 ; 2.32 V                       ; 2.07e-09 V                   ; 2.36 V              ; -0.00737 V          ; 0.209 V                              ; 0.012 V                              ; 5.22e-10 s                  ; 5.33e-10 s                  ; Yes                        ; Yes                        ; 2.32 V                      ; 2.07e-09 V                  ; 2.36 V             ; -0.00737 V         ; 0.209 V                             ; 0.012 V                             ; 5.22e-10 s                 ; 5.33e-10 s                 ; Yes                       ; Yes                       ;
; vsync         ; 2.5 V        ; 0 s                 ; 0 s                 ; 2.32 V                       ; 2.07e-09 V                   ; 2.36 V              ; -0.00737 V          ; 0.209 V                              ; 0.012 V                              ; 5.22e-10 s                  ; 5.33e-10 s                  ; Yes                        ; Yes                        ; 2.32 V                      ; 2.07e-09 V                  ; 2.36 V             ; -0.00737 V         ; 0.209 V                             ; 0.012 V                             ; 5.22e-10 s                 ; 5.33e-10 s                 ; Yes                       ; Yes                       ;
; ~ALTERA_DCLK~ ; 2.5 V        ; 0 s                 ; 0 s                 ; 2.32 V                       ; 1.74e-09 V                   ; 2.37 V              ; -0.0346 V           ; 0.198 V                              ; 0.094 V                              ; 3.14e-10 s                  ; 2.92e-10 s                  ; Yes                        ; Yes                        ; 2.32 V                      ; 1.74e-09 V                  ; 2.37 V             ; -0.0346 V          ; 0.198 V                             ; 0.094 V                             ; 3.14e-10 s                 ; 2.92e-10 s                 ; Yes                       ; Yes                       ;
; ~ALTERA_nCEO~ ; 2.5 V        ; 0 s                 ; 0 s                 ; 2.32 V                       ; 2.57e-09 V                   ; 2.37 V              ; -0.00683 V          ; 0.171 V                              ; 0.018 V                              ; 4.97e-10 s                  ; 6.66e-10 s                  ; Yes                        ; Yes                        ; 2.32 V                      ; 2.57e-09 V                  ; 2.37 V             ; -0.00683 V         ; 0.171 V                             ; 0.018 V                             ; 4.97e-10 s                 ; 6.66e-10 s                 ; Yes                       ; Yes                       ;
+---------------+--------------+---------------------+---------------------+------------------------------+------------------------------+---------------------+---------------------+--------------------------------------+--------------------------------------+-----------------------------+-----------------------------+----------------------------+----------------------------+-----------------------------+-----------------------------+--------------------+--------------------+-------------------------------------+-------------------------------------+----------------------------+----------------------------+---------------------------+---------------------------+


+--------------------------------------------------------------------------------------------------------------------------------------------------------------------------------------------------------------------------------------------------------------------------------------------------------------------------------------------------------------------------------------------------------------------------------------------------------------------------------------------------------------------------------------------------------------------------------------------------------------------------------------------------------------------------------------------+
; Signal Integrity Metrics (Slow 1200mv 85c Model)                                                                                                                                                                                                                                                                                                                                                                                                                                                                                                                                                                                                                                           ;
+---------------+--------------+---------------------+---------------------+------------------------------+------------------------------+---------------------+---------------------+--------------------------------------+--------------------------------------+-----------------------------+-----------------------------+----------------------------+----------------------------+-----------------------------+-----------------------------+--------------------+--------------------+-------------------------------------+-------------------------------------+----------------------------+----------------------------+---------------------------+---------------------------+
; Pin           ; I/O Standard ; Board Delay on Rise ; Board Delay on Fall ; Steady State Voh at FPGA Pin ; Steady State Vol at FPGA Pin ; Voh Max at FPGA Pin ; Vol Min at FPGA Pin ; Ringback Voltage on Rise at FPGA Pin ; Ringback Voltage on Fall at FPGA Pin ; 10-90 Rise Time at FPGA Pin ; 90-10 Fall Time at FPGA Pin ; Monotonic Rise at FPGA Pin ; Monotonic Fall at FPGA Pin ; Steady State Voh at Far-end ; Steady State Vol at Far-end ; Voh Max at Far-end ; Vol Min at Far-end ; Ringback Voltage on Rise at Far-end ; Ringback Voltage on Fall at Far-end ; 10-90 Rise Time at Far-end ; 90-10 Fall Time at Far-end ; Monotonic Rise at Far-end ; Monotonic Fall at Far-end ;
+---------------+--------------+---------------------+---------------------+------------------------------+------------------------------+---------------------+---------------------+--------------------------------------+--------------------------------------+-----------------------------+-----------------------------+----------------------------+----------------------------+-----------------------------+-----------------------------+--------------------+--------------------+-------------------------------------+-------------------------------------+----------------------------+----------------------------+---------------------------+---------------------------+
; ds            ; 2.5 V        ; 0 s                 ; 0 s                 ; 2.32 V                       ; 1.93e-07 V                   ; 2.35 V              ; -0.00834 V          ; 0.127 V                              ; 0.035 V                              ; 4.7e-10 s                   ; 4.64e-10 s                  ; Yes                        ; Yes                        ; 2.32 V                      ; 1.93e-07 V                  ; 2.35 V             ; -0.00834 V         ; 0.127 V                             ; 0.035 V                             ; 4.7e-10 s                  ; 4.64e-10 s                 ; Yes                       ; Yes                       ;
; oe            ; 2.5 V        ; 0 s                 ; 0 s                 ; 2.32 V                       ; 2.85e-07 V                   ; 2.35 V              ; -0.0123 V           ; 0.144 V                              ; 0.042 V                              ; 4.81e-10 s                  ; 4.81e-10 s                  ; Yes                        ; Yes                        ; 2.32 V                      ; 2.85e-07 V                  ; 2.35 V             ; -0.0123 V          ; 0.144 V                             ; 0.042 V                             ; 4.81e-10 s                 ; 4.81e-10 s                 ; Yes                       ; Yes                       ;
; shcp          ; 2.5 V        ; 0 s                 ; 0 s                 ; 2.32 V                       ; 1.93e-07 V                   ; 2.35 V              ; -0.00834 V          ; 0.127 V                              ; 0.035 V                              ; 4.7e-10 s                   ; 4.64e-10 s                  ; Yes                        ; Yes                        ; 2.32 V                      ; 1.93e-07 V                  ; 2.35 V             ; -0.00834 V         ; 0.127 V                             ; 0.035 V                             ; 4.7e-10 s                  ; 4.64e-10 s                 ; Yes                       ; Yes                       ;
; stcp          ; 2.5 V        ; 0 s                 ; 0 s                 ; 2.32 V                       ; 2.85e-07 V                   ; 2.35 V              ; -0.0123 V           ; 0.144 V                              ; 0.042 V                              ; 4.81e-10 s                  ; 4.81e-10 s                  ; Yes                        ; Yes                        ; 2.32 V                      ; 2.85e-07 V                  ; 2.35 V             ; -0.0123 V          ; 0.144 V                             ; 0.042 V                             ; 4.81e-10 s                 ; 4.81e-10 s                 ; Yes                       ; Yes                       ;
; led           ; 2.5 V        ; 0 s                 ; 0 s                 ; 2.32 V                       ; 2.85e-07 V                   ; 2.35 V              ; -0.0123 V           ; 0.144 V                              ; 0.042 V                              ; 4.81e-10 s                  ; 4.81e-10 s                  ; Yes                        ; Yes                        ; 2.32 V                      ; 2.85e-07 V                  ; 2.35 V             ; -0.0123 V          ; 0.144 V                             ; 0.042 V                             ; 4.81e-10 s                 ; 4.81e-10 s                 ; Yes                       ; Yes                       ;
; rgb[0]        ; 2.5 V        ; 0 s                 ; 0 s                 ; 2.32 V                       ; 2.85e-07 V                   ; 2.35 V              ; -0.0123 V           ; 0.144 V                              ; 0.042 V                              ; 4.81e-10 s                  ; 4.81e-10 s                  ; Yes                        ; Yes                        ; 2.32 V                      ; 2.85e-07 V                  ; 2.35 V             ; -0.0123 V          ; 0.144 V                             ; 0.042 V                             ; 4.81e-10 s                 ; 4.81e-10 s                 ; Yes                       ; Yes                       ;
; rgb[1]        ; 2.5 V        ; 0 s                 ; 0 s                 ; 2.32 V                       ; 2.85e-07 V                   ; 2.35 V              ; -0.0123 V           ; 0.144 V                              ; 0.042 V                              ; 4.81e-10 s                  ; 4.81e-10 s                  ; Yes                        ; Yes                        ; 2.32 V                      ; 2.85e-07 V                  ; 2.35 V             ; -0.0123 V          ; 0.144 V                             ; 0.042 V                             ; 4.81e-10 s                 ; 4.81e-10 s                 ; Yes                       ; Yes                       ;
; rgb[2]        ; 2.5 V        ; 0 s                 ; 0 s                 ; 2.32 V                       ; 2.85e-07 V                   ; 2.35 V              ; -0.0123 V           ; 0.144 V                              ; 0.042 V                              ; 4.81e-10 s                  ; 4.81e-10 s                  ; Yes                        ; Yes                        ; 2.32 V                      ; 2.85e-07 V                  ; 2.35 V             ; -0.0123 V          ; 0.144 V                             ; 0.042 V                             ; 4.81e-10 s                 ; 4.81e-10 s                 ; Yes                       ; Yes                       ;
; rgb[3]        ; 2.5 V        ; 0 s                 ; 0 s                 ; 2.32 V                       ; 2.85e-07 V                   ; 2.35 V              ; -0.0123 V           ; 0.144 V                              ; 0.042 V                              ; 4.81e-10 s                  ; 4.81e-10 s                  ; Yes                        ; Yes                        ; 2.32 V                      ; 2.85e-07 V                  ; 2.35 V             ; -0.0123 V          ; 0.144 V                             ; 0.042 V                             ; 4.81e-10 s                 ; 4.81e-10 s                 ; Yes                       ; Yes                       ;
; rgb[4]        ; 2.5 V        ; 0 s                 ; 0 s                 ; 2.32 V                       ; 2.85e-07 V                   ; 2.35 V              ; -0.0123 V           ; 0.144 V                              ; 0.042 V                              ; 4.81e-10 s                  ; 4.81e-10 s                  ; Yes                        ; Yes                        ; 2.32 V                      ; 2.85e-07 V                  ; 2.35 V             ; -0.0123 V          ; 0.144 V                             ; 0.042 V                             ; 4.81e-10 s                 ; 4.81e-10 s                 ; Yes                       ; Yes                       ;
; rgb[5]        ; 2.5 V        ; 0 s                 ; 0 s                 ; 2.32 V                       ; 2.85e-07 V                   ; 2.35 V              ; -0.0123 V           ; 0.144 V                              ; 0.042 V                              ; 4.81e-10 s                  ; 4.81e-10 s                  ; Yes                        ; Yes                        ; 2.32 V                      ; 2.85e-07 V                  ; 2.35 V             ; -0.0123 V          ; 0.144 V                             ; 0.042 V                             ; 4.81e-10 s                 ; 4.81e-10 s                 ; Yes                       ; Yes                       ;
; rgb[6]        ; 2.5 V        ; 0 s                 ; 0 s                 ; 2.32 V                       ; 2.85e-07 V                   ; 2.35 V              ; -0.0123 V           ; 0.144 V                              ; 0.042 V                              ; 4.81e-10 s                  ; 4.81e-10 s                  ; Yes                        ; Yes                        ; 2.32 V                      ; 2.85e-07 V                  ; 2.35 V             ; -0.0123 V          ; 0.144 V                             ; 0.042 V                             ; 4.81e-10 s                 ; 4.81e-10 s                 ; Yes                       ; Yes                       ;
; rgb[7]        ; 2.5 V        ; 0 s                 ; 0 s                 ; 2.32 V                       ; 2.85e-07 V                   ; 2.35 V              ; -0.0123 V           ; 0.144 V                              ; 0.042 V                              ; 4.81e-10 s                  ; 4.81e-10 s                  ; Yes                        ; Yes                        ; 2.32 V                      ; 2.85e-07 V                  ; 2.35 V             ; -0.0123 V          ; 0.144 V                             ; 0.042 V                             ; 4.81e-10 s                 ; 4.81e-10 s                 ; Yes                       ; Yes                       ;
; rgb[8]        ; 2.5 V        ; 0 s                 ; 0 s                 ; 2.32 V                       ; 2.85e-07 V                   ; 2.35 V              ; -0.0123 V           ; 0.144 V                              ; 0.042 V                              ; 4.81e-10 s                  ; 4.81e-10 s                  ; Yes                        ; Yes                        ; 2.32 V                      ; 2.85e-07 V                  ; 2.35 V             ; -0.0123 V          ; 0.144 V                             ; 0.042 V                             ; 4.81e-10 s                 ; 4.81e-10 s                 ; Yes                       ; Yes                       ;
; rgb[9]        ; 2.5 V        ; 0 s                 ; 0 s                 ; 2.32 V                       ; 2.85e-07 V                   ; 2.35 V              ; -0.0123 V           ; 0.144 V                              ; 0.042 V                              ; 4.81e-10 s                  ; 4.81e-10 s                  ; Yes                        ; Yes                        ; 2.32 V                      ; 2.85e-07 V                  ; 2.35 V             ; -0.0123 V          ; 0.144 V                             ; 0.042 V                             ; 4.81e-10 s                 ; 4.81e-10 s                 ; Yes                       ; Yes                       ;
; rgb[10]       ; 2.5 V        ; 0 s                 ; 0 s                 ; 2.32 V                       ; 2.85e-07 V                   ; 2.35 V              ; -0.0123 V           ; 0.144 V                              ; 0.042 V                              ; 4.81e-10 s                  ; 4.81e-10 s                  ; Yes                        ; Yes                        ; 2.32 V                      ; 2.85e-07 V                  ; 2.35 V             ; -0.0123 V          ; 0.144 V                             ; 0.042 V                             ; 4.81e-10 s                 ; 4.81e-10 s                 ; Yes                       ; Yes                       ;
; rgb[11]       ; 2.5 V        ; 0 s                 ; 0 s                 ; 2.32 V                       ; 2.85e-07 V                   ; 2.35 V              ; -0.0123 V           ; 0.144 V                              ; 0.042 V                              ; 4.81e-10 s                  ; 4.81e-10 s                  ; Yes                        ; Yes                        ; 2.32 V                      ; 2.85e-07 V                  ; 2.35 V             ; -0.0123 V          ; 0.144 V                             ; 0.042 V                             ; 4.81e-10 s                 ; 4.81e-10 s                 ; Yes                       ; Yes                       ;
; rgb[12]       ; 2.5 V        ; 0 s                 ; 0 s                 ; 2.32 V                       ; 2.85e-07 V                   ; 2.35 V              ; -0.0123 V           ; 0.144 V                              ; 0.042 V                              ; 4.81e-10 s                  ; 4.81e-10 s                  ; Yes                        ; Yes                        ; 2.32 V                      ; 2.85e-07 V                  ; 2.35 V             ; -0.0123 V          ; 0.144 V                             ; 0.042 V                             ; 4.81e-10 s                 ; 4.81e-10 s                 ; Yes                       ; Yes                       ;
; rgb[13]       ; 2.5 V        ; 0 s                 ; 0 s                 ; 2.32 V                       ; 2.85e-07 V                   ; 2.35 V              ; -0.0123 V           ; 0.144 V                              ; 0.042 V                              ; 4.81e-10 s                  ; 4.81e-10 s                  ; Yes                        ; Yes                        ; 2.32 V                      ; 2.85e-07 V                  ; 2.35 V             ; -0.0123 V          ; 0.144 V                             ; 0.042 V                             ; 4.81e-10 s                 ; 4.81e-10 s                 ; Yes                       ; Yes                       ;
; rgb[14]       ; 2.5 V        ; 0 s                 ; 0 s                 ; 2.32 V                       ; 2.85e-07 V                   ; 2.35 V              ; -0.0123 V           ; 0.144 V                              ; 0.042 V                              ; 4.81e-10 s                  ; 4.81e-10 s                  ; Yes                        ; Yes                        ; 2.32 V                      ; 2.85e-07 V                  ; 2.35 V             ; -0.0123 V          ; 0.144 V                             ; 0.042 V                             ; 4.81e-10 s                 ; 4.81e-10 s                 ; Yes                       ; Yes                       ;
; rgb[15]       ; 2.5 V        ; 0 s                 ; 0 s                 ; 2.32 V                       ; 2.85e-07 V                   ; 2.35 V              ; -0.0123 V           ; 0.144 V                              ; 0.042 V                              ; 4.81e-10 s                  ; 4.81e-10 s                  ; Yes                        ; Yes                        ; 2.32 V                      ; 2.85e-07 V                  ; 2.35 V             ; -0.0123 V          ; 0.144 V                             ; 0.042 V                             ; 4.81e-10 s                 ; 4.81e-10 s                 ; Yes                       ; Yes                       ;
; hsync         ; 2.5 V        ; 0 s                 ; 0 s                 ; 2.32 V                       ; 1.93e-07 V                   ; 2.34 V              ; -0.00869 V          ; 0.14 V                               ; 0.046 V                              ; 6.89e-10 s                  ; 6.56e-10 s                  ; Yes                        ; Yes                        ; 2.32 V                      ; 1.93e-07 V                  ; 2.34 V             ; -0.00869 V         ; 0.14 V                              ; 0.046 V                             ; 6.89e-10 s                 ; 6.56e-10 s                 ; Yes                       ; Yes                       ;
; vsync         ; 2.5 V        ; 0 s                 ; 0 s                 ; 2.32 V                       ; 1.93e-07 V                   ; 2.34 V              ; -0.00869 V          ; 0.14 V                               ; 0.046 V                              ; 6.89e-10 s                  ; 6.56e-10 s                  ; Yes                        ; Yes                        ; 2.32 V                      ; 1.93e-07 V                  ; 2.34 V             ; -0.00869 V         ; 0.14 V                              ; 0.046 V                             ; 6.89e-10 s                 ; 6.56e-10 s                 ; Yes                       ; Yes                       ;
; ~ALTERA_DCLK~ ; 2.5 V        ; 0 s                 ; 0 s                 ; 2.32 V                       ; 1.55e-07 V                   ; 2.35 V              ; -0.00221 V          ; 0.097 V                              ; 0.005 V                              ; 4.49e-10 s                  ; 3.85e-10 s                  ; Yes                        ; Yes                        ; 2.32 V                      ; 1.55e-07 V                  ; 2.35 V             ; -0.00221 V         ; 0.097 V                             ; 0.005 V                             ; 4.49e-10 s                 ; 3.85e-10 s                 ; Yes                       ; Yes                       ;
; ~ALTERA_nCEO~ ; 2.5 V        ; 0 s                 ; 0 s                 ; 2.32 V                       ; 2.54e-07 V                   ; 2.34 V              ; -0.00774 V          ; 0.109 V                              ; 0.026 V                              ; 6.58e-10 s                  ; 8.24e-10 s                  ; Yes                        ; Yes                        ; 2.32 V                      ; 2.54e-07 V                  ; 2.34 V             ; -0.00774 V         ; 0.109 V                             ; 0.026 V                             ; 6.58e-10 s                 ; 8.24e-10 s                 ; Yes                       ; Yes                       ;
+---------------+--------------+---------------------+---------------------+------------------------------+------------------------------+---------------------+---------------------+--------------------------------------+--------------------------------------+-----------------------------+-----------------------------+----------------------------+----------------------------+-----------------------------+-----------------------------+--------------------+--------------------+-------------------------------------+-------------------------------------+----------------------------+----------------------------+---------------------------+---------------------------+


+--------------------------------------------------------------------------------------------------------------------------------------------------------------------------------------------------------------------------------------------------------------------------------------------------------------------------------------------------------------------------------------------------------------------------------------------------------------------------------------------------------------------------------------------------------------------------------------------------------------------------------------------------------------------------------------------+
; Signal Integrity Metrics (Fast 1200mv 0c Model)                                                                                                                                                                                                                                                                                                                                                                                                                                                                                                                                                                                                                                            ;
+---------------+--------------+---------------------+---------------------+------------------------------+------------------------------+---------------------+---------------------+--------------------------------------+--------------------------------------+-----------------------------+-----------------------------+----------------------------+----------------------------+-----------------------------+-----------------------------+--------------------+--------------------+-------------------------------------+-------------------------------------+----------------------------+----------------------------+---------------------------+---------------------------+
; Pin           ; I/O Standard ; Board Delay on Rise ; Board Delay on Fall ; Steady State Voh at FPGA Pin ; Steady State Vol at FPGA Pin ; Voh Max at FPGA Pin ; Vol Min at FPGA Pin ; Ringback Voltage on Rise at FPGA Pin ; Ringback Voltage on Fall at FPGA Pin ; 10-90 Rise Time at FPGA Pin ; 90-10 Fall Time at FPGA Pin ; Monotonic Rise at FPGA Pin ; Monotonic Fall at FPGA Pin ; Steady State Voh at Far-end ; Steady State Vol at Far-end ; Voh Max at Far-end ; Vol Min at Far-end ; Ringback Voltage on Rise at Far-end ; Ringback Voltage on Fall at Far-end ; 10-90 Rise Time at Far-end ; 90-10 Fall Time at Far-end ; Monotonic Rise at Far-end ; Monotonic Fall at Far-end ;
+---------------+--------------+---------------------+---------------------+------------------------------+------------------------------+---------------------+---------------------+--------------------------------------+--------------------------------------+-----------------------------+-----------------------------+----------------------------+----------------------------+-----------------------------+-----------------------------+--------------------+--------------------+-------------------------------------+-------------------------------------+----------------------------+----------------------------+---------------------------+---------------------------+
; ds            ; 2.5 V        ; 0 s                 ; 0 s                 ; 2.62 V                       ; 2.74e-08 V                   ; 2.73 V              ; -0.0384 V           ; 0.169 V                              ; 0.089 V                              ; 2.7e-10 s                   ; 2.62e-10 s                  ; Yes                        ; Yes                        ; 2.62 V                      ; 2.74e-08 V                  ; 2.73 V             ; -0.0384 V          ; 0.169 V                             ; 0.089 V                             ; 2.7e-10 s                  ; 2.62e-10 s                 ; Yes                       ; Yes                       ;
; oe            ; 2.5 V        ; 0 s                 ; 0 s                 ; 2.62 V                       ; 4.05e-08 V                   ; 2.72 V              ; -0.0349 V           ; 0.173 V                              ; 0.1 V                                ; 2.72e-10 s                  ; 2.69e-10 s                  ; Yes                        ; Yes                        ; 2.62 V                      ; 4.05e-08 V                  ; 2.72 V             ; -0.0349 V          ; 0.173 V                             ; 0.1 V                               ; 2.72e-10 s                 ; 2.69e-10 s                 ; Yes                       ; Yes                       ;
; shcp          ; 2.5 V        ; 0 s                 ; 0 s                 ; 2.62 V                       ; 2.74e-08 V                   ; 2.73 V              ; -0.0384 V           ; 0.169 V                              ; 0.089 V                              ; 2.7e-10 s                   ; 2.62e-10 s                  ; Yes                        ; Yes                        ; 2.62 V                      ; 2.74e-08 V                  ; 2.73 V             ; -0.0384 V          ; 0.169 V                             ; 0.089 V                             ; 2.7e-10 s                  ; 2.62e-10 s                 ; Yes                       ; Yes                       ;
; stcp          ; 2.5 V        ; 0 s                 ; 0 s                 ; 2.62 V                       ; 4.05e-08 V                   ; 2.72 V              ; -0.0349 V           ; 0.173 V                              ; 0.1 V                                ; 2.72e-10 s                  ; 2.69e-10 s                  ; Yes                        ; Yes                        ; 2.62 V                      ; 4.05e-08 V                  ; 2.72 V             ; -0.0349 V          ; 0.173 V                             ; 0.1 V                               ; 2.72e-10 s                 ; 2.69e-10 s                 ; Yes                       ; Yes                       ;
; led           ; 2.5 V        ; 0 s                 ; 0 s                 ; 2.62 V                       ; 4.05e-08 V                   ; 2.72 V              ; -0.0349 V           ; 0.173 V                              ; 0.1 V                                ; 2.72e-10 s                  ; 2.69e-10 s                  ; Yes                        ; Yes                        ; 2.62 V                      ; 4.05e-08 V                  ; 2.72 V             ; -0.0349 V          ; 0.173 V                             ; 0.1 V                               ; 2.72e-10 s                 ; 2.69e-10 s                 ; Yes                       ; Yes                       ;
; rgb[0]        ; 2.5 V        ; 0 s                 ; 0 s                 ; 2.62 V                       ; 4.05e-08 V                   ; 2.72 V              ; -0.0349 V           ; 0.173 V                              ; 0.1 V                                ; 2.72e-10 s                  ; 2.69e-10 s                  ; Yes                        ; Yes                        ; 2.62 V                      ; 4.05e-08 V                  ; 2.72 V             ; -0.0349 V          ; 0.173 V                             ; 0.1 V                               ; 2.72e-10 s                 ; 2.69e-10 s                 ; Yes                       ; Yes                       ;
; rgb[1]        ; 2.5 V        ; 0 s                 ; 0 s                 ; 2.62 V                       ; 4.05e-08 V                   ; 2.72 V              ; -0.0349 V           ; 0.173 V                              ; 0.1 V                                ; 2.72e-10 s                  ; 2.69e-10 s                  ; Yes                        ; Yes                        ; 2.62 V                      ; 4.05e-08 V                  ; 2.72 V             ; -0.0349 V          ; 0.173 V                             ; 0.1 V                               ; 2.72e-10 s                 ; 2.69e-10 s                 ; Yes                       ; Yes                       ;
; rgb[2]        ; 2.5 V        ; 0 s                 ; 0 s                 ; 2.62 V                       ; 4.05e-08 V                   ; 2.72 V              ; -0.0349 V           ; 0.173 V                              ; 0.1 V                                ; 2.72e-10 s                  ; 2.69e-10 s                  ; Yes                        ; Yes                        ; 2.62 V                      ; 4.05e-08 V                  ; 2.72 V             ; -0.0349 V          ; 0.173 V                             ; 0.1 V                               ; 2.72e-10 s                 ; 2.69e-10 s                 ; Yes                       ; Yes                       ;
; rgb[3]        ; 2.5 V        ; 0 s                 ; 0 s                 ; 2.62 V                       ; 4.05e-08 V                   ; 2.72 V              ; -0.0349 V           ; 0.173 V                              ; 0.1 V                                ; 2.72e-10 s                  ; 2.69e-10 s                  ; Yes                        ; Yes                        ; 2.62 V                      ; 4.05e-08 V                  ; 2.72 V             ; -0.0349 V          ; 0.173 V                             ; 0.1 V                               ; 2.72e-10 s                 ; 2.69e-10 s                 ; Yes                       ; Yes                       ;
; rgb[4]        ; 2.5 V        ; 0 s                 ; 0 s                 ; 2.62 V                       ; 4.05e-08 V                   ; 2.72 V              ; -0.0349 V           ; 0.173 V                              ; 0.1 V                                ; 2.72e-10 s                  ; 2.69e-10 s                  ; Yes                        ; Yes                        ; 2.62 V                      ; 4.05e-08 V                  ; 2.72 V             ; -0.0349 V          ; 0.173 V                             ; 0.1 V                               ; 2.72e-10 s                 ; 2.69e-10 s                 ; Yes                       ; Yes                       ;
; rgb[5]        ; 2.5 V        ; 0 s                 ; 0 s                 ; 2.62 V                       ; 4.05e-08 V                   ; 2.72 V              ; -0.0349 V           ; 0.173 V                              ; 0.1 V                                ; 2.72e-10 s                  ; 2.69e-10 s                  ; Yes                        ; Yes                        ; 2.62 V                      ; 4.05e-08 V                  ; 2.72 V             ; -0.0349 V          ; 0.173 V                             ; 0.1 V                               ; 2.72e-10 s                 ; 2.69e-10 s                 ; Yes                       ; Yes                       ;
; rgb[6]        ; 2.5 V        ; 0 s                 ; 0 s                 ; 2.62 V                       ; 4.05e-08 V                   ; 2.72 V              ; -0.0349 V           ; 0.173 V                              ; 0.1 V                                ; 2.72e-10 s                  ; 2.69e-10 s                  ; Yes                        ; Yes                        ; 2.62 V                      ; 4.05e-08 V                  ; 2.72 V             ; -0.0349 V          ; 0.173 V                             ; 0.1 V                               ; 2.72e-10 s                 ; 2.69e-10 s                 ; Yes                       ; Yes                       ;
; rgb[7]        ; 2.5 V        ; 0 s                 ; 0 s                 ; 2.62 V                       ; 4.05e-08 V                   ; 2.72 V              ; -0.0349 V           ; 0.173 V                              ; 0.1 V                                ; 2.72e-10 s                  ; 2.69e-10 s                  ; Yes                        ; Yes                        ; 2.62 V                      ; 4.05e-08 V                  ; 2.72 V             ; -0.0349 V          ; 0.173 V                             ; 0.1 V                               ; 2.72e-10 s                 ; 2.69e-10 s                 ; Yes                       ; Yes                       ;
; rgb[8]        ; 2.5 V        ; 0 s                 ; 0 s                 ; 2.62 V                       ; 4.05e-08 V                   ; 2.72 V              ; -0.0349 V           ; 0.173 V                              ; 0.1 V                                ; 2.72e-10 s                  ; 2.69e-10 s                  ; Yes                        ; Yes                        ; 2.62 V                      ; 4.05e-08 V                  ; 2.72 V             ; -0.0349 V          ; 0.173 V                             ; 0.1 V                               ; 2.72e-10 s                 ; 2.69e-10 s                 ; Yes                       ; Yes                       ;
; rgb[9]        ; 2.5 V        ; 0 s                 ; 0 s                 ; 2.62 V                       ; 4.05e-08 V                   ; 2.72 V              ; -0.0349 V           ; 0.173 V                              ; 0.1 V                                ; 2.72e-10 s                  ; 2.69e-10 s                  ; Yes                        ; Yes                        ; 2.62 V                      ; 4.05e-08 V                  ; 2.72 V             ; -0.0349 V          ; 0.173 V                             ; 0.1 V                               ; 2.72e-10 s                 ; 2.69e-10 s                 ; Yes                       ; Yes                       ;
; rgb[10]       ; 2.5 V        ; 0 s                 ; 0 s                 ; 2.62 V                       ; 4.05e-08 V                   ; 2.72 V              ; -0.0349 V           ; 0.173 V                              ; 0.1 V                                ; 2.72e-10 s                  ; 2.69e-10 s                  ; Yes                        ; Yes                        ; 2.62 V                      ; 4.05e-08 V                  ; 2.72 V             ; -0.0349 V          ; 0.173 V                             ; 0.1 V                               ; 2.72e-10 s                 ; 2.69e-10 s                 ; Yes                       ; Yes                       ;
; rgb[11]       ; 2.5 V        ; 0 s                 ; 0 s                 ; 2.62 V                       ; 4.05e-08 V                   ; 2.72 V              ; -0.0349 V           ; 0.173 V                              ; 0.1 V                                ; 2.72e-10 s                  ; 2.69e-10 s                  ; Yes                        ; Yes                        ; 2.62 V                      ; 4.05e-08 V                  ; 2.72 V             ; -0.0349 V          ; 0.173 V                             ; 0.1 V                               ; 2.72e-10 s                 ; 2.69e-10 s                 ; Yes                       ; Yes                       ;
; rgb[12]       ; 2.5 V        ; 0 s                 ; 0 s                 ; 2.62 V                       ; 4.05e-08 V                   ; 2.72 V              ; -0.0349 V           ; 0.173 V                              ; 0.1 V                                ; 2.72e-10 s                  ; 2.69e-10 s                  ; Yes                        ; Yes                        ; 2.62 V                      ; 4.05e-08 V                  ; 2.72 V             ; -0.0349 V          ; 0.173 V                             ; 0.1 V                               ; 2.72e-10 s                 ; 2.69e-10 s                 ; Yes                       ; Yes                       ;
; rgb[13]       ; 2.5 V        ; 0 s                 ; 0 s                 ; 2.62 V                       ; 4.05e-08 V                   ; 2.72 V              ; -0.0349 V           ; 0.173 V                              ; 0.1 V                                ; 2.72e-10 s                  ; 2.69e-10 s                  ; Yes                        ; Yes                        ; 2.62 V                      ; 4.05e-08 V                  ; 2.72 V             ; -0.0349 V          ; 0.173 V                             ; 0.1 V                               ; 2.72e-10 s                 ; 2.69e-10 s                 ; Yes                       ; Yes                       ;
; rgb[14]       ; 2.5 V        ; 0 s                 ; 0 s                 ; 2.62 V                       ; 4.05e-08 V                   ; 2.72 V              ; -0.0349 V           ; 0.173 V                              ; 0.1 V                                ; 2.72e-10 s                  ; 2.69e-10 s                  ; Yes                        ; Yes                        ; 2.62 V                      ; 4.05e-08 V                  ; 2.72 V             ; -0.0349 V          ; 0.173 V                             ; 0.1 V                               ; 2.72e-10 s                 ; 2.69e-10 s                 ; Yes                       ; Yes                       ;
; rgb[15]       ; 2.5 V        ; 0 s                 ; 0 s                 ; 2.62 V                       ; 4.05e-08 V                   ; 2.72 V              ; -0.0349 V           ; 0.173 V                              ; 0.1 V                                ; 2.72e-10 s                  ; 2.69e-10 s                  ; Yes                        ; Yes                        ; 2.62 V                      ; 4.05e-08 V                  ; 2.72 V             ; -0.0349 V          ; 0.173 V                             ; 0.1 V                               ; 2.72e-10 s                 ; 2.69e-10 s                 ; Yes                       ; Yes                       ;
; hsync         ; 2.5 V        ; 0 s                 ; 0 s                 ; 2.62 V                       ; 2.74e-08 V                   ; 2.71 V              ; -0.0317 V           ; 0.148 V                              ; 0.064 V                              ; 4.51e-10 s                  ; 4.15e-10 s                  ; No                         ; Yes                        ; 2.62 V                      ; 2.74e-08 V                  ; 2.71 V             ; -0.0317 V          ; 0.148 V                             ; 0.064 V                             ; 4.51e-10 s                 ; 4.15e-10 s                 ; No                        ; Yes                       ;
; vsync         ; 2.5 V        ; 0 s                 ; 0 s                 ; 2.62 V                       ; 2.74e-08 V                   ; 2.71 V              ; -0.0317 V           ; 0.148 V                              ; 0.064 V                              ; 4.51e-10 s                  ; 4.15e-10 s                  ; No                         ; Yes                        ; 2.62 V                      ; 2.74e-08 V                  ; 2.71 V             ; -0.0317 V          ; 0.148 V                             ; 0.064 V                             ; 4.51e-10 s                 ; 4.15e-10 s                 ; No                        ; Yes                       ;
; ~ALTERA_DCLK~ ; 2.5 V        ; 0 s                 ; 0 s                 ; 2.62 V                       ; 2.22e-08 V                   ; 2.74 V              ; -0.06 V             ; 0.158 V                              ; 0.08 V                               ; 2.68e-10 s                  ; 2.19e-10 s                  ; Yes                        ; Yes                        ; 2.62 V                      ; 2.22e-08 V                  ; 2.74 V             ; -0.06 V            ; 0.158 V                             ; 0.08 V                              ; 2.68e-10 s                 ; 2.19e-10 s                 ; Yes                       ; Yes                       ;
; ~ALTERA_nCEO~ ; 2.5 V        ; 0 s                 ; 0 s                 ; 2.62 V                       ; 3.54e-08 V                   ; 2.7 V               ; -0.00943 V          ; 0.276 V                              ; 0.035 V                              ; 3.19e-10 s                  ; 4.99e-10 s                  ; No                         ; Yes                        ; 2.62 V                      ; 3.54e-08 V                  ; 2.7 V              ; -0.00943 V         ; 0.276 V                             ; 0.035 V                             ; 3.19e-10 s                 ; 4.99e-10 s                 ; No                        ; Yes                       ;
+---------------+--------------+---------------------+---------------------+------------------------------+------------------------------+---------------------+---------------------+--------------------------------------+--------------------------------------+-----------------------------+-----------------------------+----------------------------+----------------------------+-----------------------------+-----------------------------+--------------------+--------------------+-------------------------------------+-------------------------------------+----------------------------+----------------------------+---------------------------+---------------------------+


+---------------------------------------------------------------------------------------------------------------------------------------------------------------------+
; Setup Transfers                                                                                                                                                     ;
+------------------------------------------------------------+------------------------------------------------------------+----------+----------+----------+----------+
; From Clock                                                 ; To Clock                                                   ; RR Paths ; FR Paths ; RF Paths ; FF Paths ;
+------------------------------------------------------------+------------------------------------------------------------+----------+----------+----------+----------+
; pll_25mhz_inst|altpll_component|auto_generated|pll1|clk[0] ; pll_25mhz_inst|altpll_component|auto_generated|pll1|clk[0] ; 60151265 ; 0        ; 0        ; 0        ;
; sys_clk                                                    ; pll_25mhz_inst|altpll_component|auto_generated|pll1|clk[0] ; 39       ; 0        ; 0        ; 0        ;
; sys_clk                                                    ; sys_clk                                                    ; 4349     ; 0        ; 0        ; 0        ;
+------------------------------------------------------------+------------------------------------------------------------+----------+----------+----------+----------+
Entries labeled "false path" only account for clock-to-clock false paths and not path-based false paths. As a result, actual path counts may be lower than reported.


+---------------------------------------------------------------------------------------------------------------------------------------------------------------------+
; Hold Transfers                                                                                                                                                      ;
+------------------------------------------------------------+------------------------------------------------------------+----------+----------+----------+----------+
; From Clock                                                 ; To Clock                                                   ; RR Paths ; FR Paths ; RF Paths ; FF Paths ;
+------------------------------------------------------------+------------------------------------------------------------+----------+----------+----------+----------+
; pll_25mhz_inst|altpll_component|auto_generated|pll1|clk[0] ; pll_25mhz_inst|altpll_component|auto_generated|pll1|clk[0] ; 60151265 ; 0        ; 0        ; 0        ;
; sys_clk                                                    ; pll_25mhz_inst|altpll_component|auto_generated|pll1|clk[0] ; 39       ; 0        ; 0        ; 0        ;
; sys_clk                                                    ; sys_clk                                                    ; 4349     ; 0        ; 0        ; 0        ;
+------------------------------------------------------------+------------------------------------------------------------+----------+----------+----------+----------+
Entries labeled "false path" only account for clock-to-clock false paths and not path-based false paths. As a result, actual path counts may be lower than reported.


---------------
; Report TCCS ;
---------------
No dedicated SERDES Transmitter circuitry present in device or used in design


---------------
; Report RSKM ;
---------------
No dedicated SERDES Receiver circuitry present in device or used in design


+------------------------------------------------+
; Unconstrained Paths                            ;
+---------------------------------+-------+------+
; Property                        ; Setup ; Hold ;
+---------------------------------+-------+------+
; Illegal Clocks                  ; 0     ; 0    ;
; Unconstrained Clocks            ; 0     ; 0    ;
; Unconstrained Input Ports       ; 2     ; 2    ;
; Unconstrained Input Port Paths  ; 451   ; 451  ;
; Unconstrained Output Ports      ; 23    ; 23   ;
; Unconstrained Output Port Paths ; 356   ; 356  ;
+---------------------------------+-------+------+


+------------------------------------+
; TimeQuest Timing Analyzer Messages ;
+------------------------------------+
Info: *******************************************************************
Info: Running Quartus II 64-Bit TimeQuest Timing Analyzer
    Info: Version 13.0.1 Build 232 06/12/2013 Service Pack 1 SJ Full Version
    Info: Processing started: Wed Oct 15 12:32:09 2025
Info: Command: quartus_sta snake -c snake
Info: qsta_default_script.tcl version: #1
Info (11104): Parallel Compilation has detected 28 hyper-threaded processors. However, the extra hyper-threaded processors will not be used by default. Parallel Compilation will use 16 of the 20 physical processors detected instead.
Info (21077): Core supply voltage is 1.2V
Info (21077): Low junction temperature is 0 degrees C
Info (21077): High junction temperature is 85 degrees C
Critical Warning (332012): Synopsys Design Constraints File file not found: 'snake.sdc'. A Synopsys Design Constraints File is required by the TimeQuest Timing Analyzer to get proper timing constraints. Without it, the Compiler will not properly optimize the design.
Info (332142): No user constrained generated clocks found in the design. Calling "derive_pll_clocks -create_base_clocks"
Info (332110): Deriving PLL clocks
    Info (332110): create_clock -period 20.000 -waveform {0.000 10.000} -name sys_clk sys_clk
    Info (332110): create_generated_clock -source {pll_25mhz_inst|altpll_component|auto_generated|pll1|inclk[0]} -divide_by 2 -duty_cycle 50.00 -name {pll_25mhz_inst|altpll_component|auto_generated|pll1|clk[0]} {pll_25mhz_inst|altpll_component|auto_generated|pll1|clk[0]}
Info (332142): No user constrained base clocks found in the design. Calling "derive_clocks -period 1.0"
Info (332096): The command derive_clocks did not find any clocks to derive.  No clocks were created or changed.
Info (332143): No user constrained clock uncertainty found in the design. Calling "derive_clock_uncertainty"
Info (332123): Deriving Clock Uncertainty. Please refer to report_sdc in TimeQuest to see clock uncertainties.
Info: Found TIMEQUEST_REPORT_SCRIPT_INCLUDE_DEFAULT_ANALYSIS = ON
Info: Analyzing Slow 1200mV 85C Model
Info (332146): Worst-case setup slack is 13.042
    Info (332119):     Slack End Point TNS Clock 
    Info (332119): ========= ============= =====================
    Info (332119):    13.042         0.000 sys_clk 
    Info (332119):    14.475         0.000 pll_25mhz_inst|altpll_component|auto_generated|pll1|clk[0] 
Info (332146): Worst-case hold slack is 0.404
    Info (332119):     Slack End Point TNS Clock 
    Info (332119): ========= ============= =====================
    Info (332119):     0.404         0.000 pll_25mhz_inst|altpll_component|auto_generated|pll1|clk[0] 
    Info (332119):     0.452         0.000 sys_clk 
Info (332140): No Recovery paths to report
Info (332140): No Removal paths to report
Info (332146): Worst-case minimum pulse width slack is 9.781
    Info (332119):     Slack End Point TNS Clock 
    Info (332119): ========= ============= =====================
    Info (332119):     9.781         0.000 sys_clk 
    Info (332119):    19.717         0.000 pll_25mhz_inst|altpll_component|auto_generated|pll1|clk[0] 
Info: Analyzing Slow 1200mV 0C Model
Info (334003): Started post-fitting delay annotation
Info (334004): Delay annotation completed successfully
Info (332123): Deriving Clock Uncertainty. Please refer to report_sdc in TimeQuest to see clock uncertainties.
Info (332146): Worst-case setup slack is 13.446
    Info (332119):     Slack End Point TNS Clock 
    Info (332119): ========= ============= =====================
    Info (332119):    13.446         0.000 sys_clk 
    Info (332119):    15.067         0.000 pll_25mhz_inst|altpll_component|auto_generated|pll1|clk[0] 
Info (332146): Worst-case hold slack is 0.387
    Info (332119):     Slack End Point TNS Clock 
    Info (332119): ========= ============= =====================
    Info (332119):     0.387         0.000 pll_25mhz_inst|altpll_component|auto_generated|pll1|clk[0] 
    Info (332119):     0.400         0.000 sys_clk 
Info (332140): No Recovery paths to report
Info (332140): No Removal paths to report
Info (332146): Worst-case minimum pulse width slack is 9.770
    Info (332119):     Slack End Point TNS Clock 
    Info (332119): ========= ============= =====================
    Info (332119):     9.770         0.000 sys_clk 
    Info (332119):    19.716         0.000 pll_25mhz_inst|altpll_component|auto_generated|pll1|clk[0] 
Info: Analyzing Fast 1200mV 0C Model
Info (332123): Deriving Clock Uncertainty. Please refer to report_sdc in TimeQuest to see clock uncertainties.
Info (332146): Worst-case setup slack is 16.788
    Info (332119):     Slack End Point TNS Clock 
    Info (332119): ========= ============= =====================
    Info (332119):    16.788         0.000 sys_clk 
    Info (332119):    17.416         0.000 pll_25mhz_inst|altpll_component|auto_generated|pll1|clk[0] 
Info (332146): Worst-case hold slack is 0.137
    Info (332119):     Slack End Point TNS Clock 
    Info (332119): ========= ============= =====================
    Info (332119):     0.137         0.000 pll_25mhz_inst|altpll_component|auto_generated|pll1|clk[0] 
    Info (332119):     0.186         0.000 sys_clk 
Info (332140): No Recovery paths to report
Info (332140): No Removal paths to report
Info (332146): Worst-case minimum pulse width slack is 9.434
    Info (332119):     Slack End Point TNS Clock 
    Info (332119): ========= ============= =====================
    Info (332119):     9.434         0.000 sys_clk 
    Info (332119):    19.734         0.000 pll_25mhz_inst|altpll_component|auto_generated|pll1|clk[0] 
Info (332102): Design is not fully constrained for setup requirements
Info (332102): Design is not fully constrained for hold requirements
Info: Quartus II 64-Bit TimeQuest Timing Analyzer was successful. 0 errors, 1 warning
    Info: Peak virtual memory: 4754 megabytes
    Info: Processing ended: Wed Oct 15 12:32:12 2025
    Info: Elapsed time: 00:00:03
    Info: Total CPU time (on all processors): 00:00:02


